사고지역관리번호,사고연도,사고유형구분,위치코드,사고다발지역시도시군구,사고지역위치명,사고건수,사상자수,사망자수,중상자수,경상자수,부상신고자수,위도,경도,사고다발지역폴리곤정보,데이터기준일자
2013060,2012,스쿨존어린이,30230001,대전광역시 대덕구1,대전광역시 대덕구 중리동(대전용전초교 부근),2,2,0,1,1,0,36.355951,127.430078,"{ type: Polygon, coordinates: [ [ [994026.4999, 1817617.0249], [994025.3583, 1817643.1716], [994021.9422, 1817669.1193], [994016.2776, 1817694.6706], [994008.4077, 1817719.6309], [993998.3922, 1817743.8104], [993986.3075, 1817767.0249], [993972.2455, 1817789.0978], [993956.3132, 1817809.8612], [993938.6319, 1817829.1569], [993919.3362, 1817846.8382], [993898.5728, 1817862.7705], [993876.4999, 1817876.8325], [993853.2854, 1817888.9172], [993829.1059, 1817898.9327], [993804.1456, 1817906.8026], [993778.5944, 1817912.4672], [993752.6466, 1817915.8833], [993726.4999, 1817917.0249], [993700.3532, 1817915.8833], [993674.4054, 1817912.4672], [993648.8542, 1817906.8026], [993623.8939, 1817898.9327], [993599.7144, 1817888.9172], [993576.4999, 1817876.8325], [993554.427, 1817862.7705], [993533.6636, 1817846.8382], [993514.3679, 1817829.1569], [993496.6866, 1817809.8612], [993480.7543, 1817789.0978], [993466.6923, 1817767.0249], [993454.6076, 1817743.8104], [993444.5921, 1817719.6309], [993436.7222, 1817694.6706], [993431.0576, 1817669.1193], [993427.6415, 1817643.1716], [993426.4999, 1817617.0249], [993427.6415, 1817590.8782], [993431.0576, 1817564.9304], [993436.7222, 1817539.3792], [993444.5921, 1817514.4188], [993454.6076, 1817490.2394], [993466.6923, 1817467.0249], [993480.7543, 1817444.9519], [993496.6866, 1817424.1886], [993514.3679, 1817404.8928], [993533.6636, 1817387.2115], [993554.427, 1817371.2793], [993576.4999, 1817357.2173], [993599.7144, 1817345.1325], [993623.8939, 1817335.1171], [993648.8542, 1817327.2471], [993674.4054, 1817321.5826], [993700.3532, 1817318.1665], [993726.4999, 1817317.0249], [993752.6466, 1817318.1665], [993778.5944, 1817321.5826], [993804.1456, 1817327.2471], [993829.1059, 1817335.1171], [993853.2854, 1817345.1325], [993876.4999, 1817357.2173], [993898.5728, 1817371.2793], [993919.3362, 1817387.2115], [993938.6319, 1817404.8928], [993956.3132, 1817424.1886], [993972.2455, 1817444.9519], [993986.3075, 1817467.0249], [993998.3922, 1817490.2394], [994008.4077, 1817514.4188], [994016.2776, 1817539.3792], [994021.9422, 1817564.9304], [994025.3583, 1817590.8782], [994026.4999, 1817617.0249] ] ] }",2025-09-24
2013097,2012,보행어린이,30170001,대전광역시 서구1,대전광역시 서구 괴정동(새한BC 부근),3,3,0,2,1,0,36.339724,127.384764,"{ type: Polygon, coordinates: [ [ [989858.7998, 1815821.0086], [989858.0388, 1815838.4397], [989855.7614, 1815855.7382], [989851.985, 1815872.7724], [989846.7384, 1815889.4126], [989840.0614, 1815905.5322], [989832.0049, 1815921.0086], [989822.6303, 1815935.7238], [989812.0087, 1815949.5661], [989800.2212, 1815962.4299], [989787.3574, 1815974.2174], [989773.5151, 1815984.839], [989758.7998, 1815994.2136], [989743.3235, 1816002.2701], [989727.2039, 1816008.9471], [989710.5637, 1816014.1937], [989693.5295, 1816017.9701], [989676.231, 1816020.2475], [989658.7998, 1816021.0086], [989641.3687, 1816020.2475], [989624.0702, 1816017.9701], [989607.036, 1816014.1937], [989590.3958, 1816008.9471], [989574.2762, 1816002.2701], [989558.7998, 1815994.2136], [989544.0846, 1815984.839], [989530.2423, 1815974.2174], [989517.3785, 1815962.4299], [989505.591, 1815949.5661], [989494.9694, 1815935.7238], [989485.5948, 1815921.0086], [989477.5383, 1815905.5322], [989470.8613, 1815889.4126], [989465.6147, 1815872.7724], [989461.8383, 1815855.7382], [989459.5609, 1815838.4397], [989458.7998, 1815821.0086], [989459.5609, 1815803.5774], [989461.8383, 1815786.2789], [989465.6147, 1815769.2447], [989470.8613, 1815752.6045], [989477.5383, 1815736.4849], [989485.5948, 1815721.0086], [989494.9694, 1815706.2933], [989505.591, 1815692.451], [989517.3785, 1815679.5872], [989530.2423, 1815667.7997], [989544.0846, 1815657.1781], [989558.7998, 1815647.8035], [989574.2762, 1815639.747], [989590.3958, 1815633.07], [989607.036, 1815627.8234], [989624.0702, 1815624.047], [989641.3687, 1815621.7696], [989658.7998, 1815621.0086], [989676.231, 1815621.7696], [989693.5295, 1815624.047], [989710.5637, 1815627.8234], [989727.2039, 1815633.07], [989743.3235, 1815639.747], [989758.7998, 1815647.8035], [989773.5151, 1815657.1781], [989787.3574, 1815667.7997], [989800.2212, 1815679.5872], [989812.0087, 1815692.451], [989822.6303, 1815706.2933], [989832.0049, 1815721.0086], [989840.0614, 1815736.4849], [989846.7384, 1815752.6045], [989851.985, 1815769.2447], [989855.7614, 1815786.2789], [989858.0388, 1815803.5774], [989858.7998, 1815821.0086] ] ] }",2025-09-24
2013097,2012,보행어린이,30170002,대전광역시 서구2,대전광역시 서구 둔산동(김가네분식 부근),5,5,0,4,1,0,36.351916,127.389666,"{ type: Polygon, coordinates: [ [ [990300.1916, 1817172.9085], [990299.4305, 1817190.3396], [990297.1532, 1817207.6381], [990293.3768, 1817224.6723], [990288.1301, 1817241.3125], [990281.4532, 1817257.4321], [990273.3967, 1817272.9085], [990264.022, 1817287.6238], [990253.4005, 1817301.466], [990241.613, 1817314.3298], [990228.7491, 1817326.1174], [990214.9069, 1817336.7389], [990200.1916, 1817346.1136], [990184.7153, 1817354.17], [990168.5956, 1817360.847], [990151.9554, 1817366.0936], [990134.9212, 1817369.87], [990117.6227, 1817372.1474], [990100.1916, 1817372.9085], [990082.7605, 1817372.1474], [990065.462, 1817369.87], [990048.4278, 1817366.0936], [990031.7876, 1817360.847], [990015.6679, 1817354.17], [990000.1916, 1817346.1136], [989985.4763, 1817336.7389], [989971.6341, 1817326.1174], [989958.7702, 1817314.3298], [989946.9827, 1817301.466], [989936.3612, 1817287.6238], [989926.9865, 1817272.9085], [989918.93, 1817257.4321], [989912.2531, 1817241.3125], [989907.0064, 1817224.6723], [989903.2301, 1817207.6381], [989900.9527, 1817190.3396], [989900.1916, 1817172.9085], [989900.9527, 1817155.4773], [989903.2301, 1817138.1788], [989907.0064, 1817121.1447], [989912.2531, 1817104.5044], [989918.93, 1817088.3848], [989926.9865, 1817072.9085], [989936.3612, 1817058.1932], [989946.9827, 1817044.351], [989958.7702, 1817031.4871], [989971.6341, 1817019.6996], [989985.4763, 1817009.0781], [990000.1916, 1816999.7034], [990015.6679, 1816991.6469], [990031.7876, 1816984.97], [990048.4278, 1816979.7233], [990065.462, 1816975.9469], [990082.7605, 1816973.6695], [990100.1916, 1816972.9085], [990117.6227, 1816973.6695], [990134.9212, 1816975.9469], [990151.9554, 1816979.7233], [990168.5956, 1816984.97], [990184.7153, 1816991.6469], [990200.1916, 1816999.7034], [990214.9069, 1817009.0781], [990228.7491, 1817019.6996], [990241.613, 1817031.4871], [990253.4005, 1817044.351], [990264.022, 1817058.1932], [990273.3967, 1817072.9085], [990281.4532, 1817088.3848], [990288.1301, 1817104.5044], [990293.3768, 1817121.1447], [990297.1532, 1817138.1788], [990299.4305, 1817155.4773], [990300.1916, 1817172.9085] ] ] }",2025-09-24
2013097,2012,보행어린이,30200001,대전광역시 유성구1,대전광역시 유성구 장대동(장대2교 부근),3,3,0,0,3,0,36.361189,127.338694,"{ type: Polygon, coordinates: [ [ [985728.4083, 1818207.8999], [985727.6473, 1818225.3311], [985725.3699, 1818242.6296], [985721.5935, 1818259.6637], [985716.3469, 1818276.304], [985709.6699, 1818292.4236], [985701.6134, 1818307.8999], [985692.2388, 1818322.6152], [985681.6172, 1818336.4574], [985669.8297, 1818349.3213], [985656.9659, 1818361.1088], [985643.1236, 1818371.7303], [985628.4083, 1818381.105], [985612.932, 1818389.1615], [985596.8124, 1818395.8384], [985580.1722, 1818401.0851], [985563.138, 1818404.8615], [985545.8395, 1818407.1389], [985528.4083, 1818407.8999], [985510.9772, 1818407.1389], [985493.6787, 1818404.8615], [985476.6445, 1818401.0851], [985460.0043, 1818395.8384], [985443.8847, 1818389.1615], [985428.4083, 1818381.105], [985413.6931, 1818371.7303], [985399.8508, 1818361.1088], [985386.987, 1818349.3213], [985375.1995, 1818336.4574], [985364.5779, 1818322.6152], [985355.2033, 1818307.8999], [985347.1468, 1818292.4236], [985340.4698, 1818276.304], [985335.2232, 1818259.6637], [985331.4468, 1818242.6296], [985329.1694, 1818225.3311], [985328.4083, 1818207.8999], [985329.1694, 1818190.4688], [985331.4468, 1818173.1703], [985335.2232, 1818156.1361], [985340.4698, 1818139.4959], [985347.1468, 1818123.3763], [985355.2033, 1818107.8999], [985364.5779, 1818093.1846], [985375.1995, 1818079.3424], [985386.987, 1818066.4786], [985399.8508, 1818054.691], [985413.6931, 1818044.0695], [985428.4083, 1818034.6948], [985443.8847, 1818026.6384], [985460.0043, 1818019.9614], [985476.6445, 1818014.7148], [985493.6787, 1818010.9384], [985510.9772, 1818008.661], [985528.4083, 1818007.8999], [985545.8395, 1818008.661], [985563.138, 1818010.9384], [985580.1722, 1818014.7148], [985596.8124, 1818019.9614], [985612.932, 1818026.6384], [985628.4083, 1818034.6948], [985643.1236, 1818044.0695], [985656.9659, 1818054.691], [985669.8297, 1818066.4786], [985681.6172, 1818079.3424], [985692.2388, 1818093.1846], [985701.6134, 1818107.8999], [985709.6699, 1818123.3763], [985716.3469, 1818139.4959], [985721.5935, 1818156.1361], [985725.3699, 1818173.1703], [985727.6473, 1818190.4688], [985728.4083, 1818207.8999] ] ] }",2025-09-24
2013098,2012,보행노인,30110001,대전광역시 동구1,대전광역시 동구 삼성동((주)흥광기계 부근),3,3,0,2,1,0,36.34379,127.421738,"{ type: Polygon, coordinates: [ [ [993177.2084, 1816268.6666], [993176.4474, 1816286.0977], [993174.17, 1816303.3962], [993170.3936, 1816320.4304], [993165.147, 1816337.0706], [993158.47, 1816353.1902], [993150.4135, 1816368.6666], [993141.0389, 1816383.3819], [993130.4173, 1816397.2241], [993118.6298, 1816410.0879], [993105.766, 1816421.8755], [993091.9237, 1816432.497], [993077.2084, 1816441.8717], [993061.7321, 1816449.9281], [993045.6125, 1816456.6051], [993028.9723, 1816461.8517], [993011.9381, 1816465.6281], [992994.6396, 1816467.9055], [992977.2084, 1816468.6666], [992959.7773, 1816467.9055], [992942.4788, 1816465.6281], [992925.4446, 1816461.8517], [992908.8044, 1816456.6051], [992892.6848, 1816449.9281], [992877.2084, 1816441.8717], [992862.4932, 1816432.497], [992848.6509, 1816421.8755], [992835.7871, 1816410.0879], [992823.9996, 1816397.2241], [992813.378, 1816383.3819], [992804.0034, 1816368.6666], [992795.9469, 1816353.1902], [992789.2699, 1816337.0706], [992784.0233, 1816320.4304], [992780.2469, 1816303.3962], [992777.9695, 1816286.0977], [992777.2084, 1816268.6666], [992777.9695, 1816251.2354], [992780.2469, 1816233.9369], [992784.0233, 1816216.9028], [992789.2699, 1816200.2626], [992795.9469, 1816184.1429], [992804.0034, 1816168.6666], [992813.378, 1816153.9513], [992823.9996, 1816140.1091], [992835.7871, 1816127.2452], [992848.6509, 1816115.4577], [992862.4932, 1816104.8362], [992877.2084, 1816095.4615], [992892.6848, 1816087.405], [992908.8044, 1816080.7281], [992925.4446, 1816075.4814], [992942.4788, 1816071.705], [992959.7773, 1816069.4276], [992977.2084, 1816068.6666], [992994.6396, 1816069.4276], [993011.9381, 1816071.705], [993028.9723, 1816075.4814], [993045.6125, 1816080.7281], [993061.7321, 1816087.405], [993077.2084, 1816095.4615], [993091.9237, 1816104.8362], [993105.766, 1816115.4577], [993118.6298, 1816127.2452], [993130.4173, 1816140.1091], [993141.0389, 1816153.9513], [993150.4135, 1816168.6666], [993158.47, 1816184.1429], [993165.147, 1816200.2626], [993170.3936, 1816216.9028], [993174.17, 1816233.9369], [993176.4474, 1816251.2354], [993177.2084, 1816268.6666] ] ] }",2025-09-24
2013098,2012,보행노인,30110002,대전광역시 동구2,대전광역시 동구 원동(원동삼거리 부근),4,4,1,2,1,0,36.329711,127.433609,"{ type: Polygon, coordinates: [ [ [994241.3002, 1814706.2912], [994240.5392, 1814723.7223], [994238.2618, 1814741.0208], [994234.4854, 1814758.055], [994229.2388, 1814774.6952], [994222.5618, 1814790.8148], [994214.5053, 1814806.2912], [994205.1306, 1814821.0065], [994194.5091, 1814834.8487], [994182.7216, 1814847.7125], [994169.8578, 1814859.5001], [994156.0155, 1814870.1216], [994141.3002, 1814879.4963], [994125.8239, 1814887.5527], [994109.7043, 1814894.2297], [994093.064, 1814899.4763], [994076.0299, 1814903.2527], [994058.7314, 1814905.5301], [994041.3002, 1814906.2912], [994023.8691, 1814905.5301], [994006.5706, 1814903.2527], [993989.5364, 1814899.4763], [993972.8962, 1814894.2297], [993956.7766, 1814887.5527], [993941.3002, 1814879.4963], [993926.5849, 1814870.1216], [993912.7427, 1814859.5001], [993899.8789, 1814847.7125], [993888.0913, 1814834.8487], [993877.4698, 1814821.0065], [993868.0951, 1814806.2912], [993860.0387, 1814790.8148], [993853.3617, 1814774.6952], [993848.1151, 1814758.055], [993844.3387, 1814741.0208], [993842.0613, 1814723.7223], [993841.3002, 1814706.2912], [993842.0613, 1814688.86], [993844.3387, 1814671.5615], [993848.1151, 1814654.5274], [993853.3617, 1814637.8871], [993860.0387, 1814621.7675], [993868.0951, 1814606.2912], [993877.4698, 1814591.5759], [993888.0913, 1814577.7336], [993899.8789, 1814564.8698], [993912.7427, 1814553.0823], [993926.5849, 1814542.4608], [993941.3002, 1814533.0861], [993956.7766, 1814525.0296], [993972.8962, 1814518.3526], [993989.5364, 1814513.106], [994006.5706, 1814509.3296], [994023.8691, 1814507.0522], [994041.3002, 1814506.2912], [994058.7314, 1814507.0522], [994076.0299, 1814509.3296], [994093.064, 1814513.106], [994109.7043, 1814518.3526], [994125.8239, 1814525.0296], [994141.3002, 1814533.0861], [994156.0155, 1814542.4608], [994169.8578, 1814553.0823], [994182.7216, 1814564.8698], [994194.5091, 1814577.7336], [994205.1306, 1814591.5759], [994214.5053, 1814606.2912], [994222.5618, 1814621.7675], [994229.2388, 1814637.8871], [994234.4854, 1814654.5274], [994238.2618, 1814671.5615], [994240.5392, 1814688.86], [994241.3002, 1814706.2912] ] ] }",2025-09-24
2013098,2012,보행노인,30110003,대전광역시 동구3,대전광역시 동구 삼성동(한신전기상사 부근),4,4,2,2,0,0,36.34068,127.426229,"{ type: Polygon, coordinates: [ [ [993579.95, 1815923.4667], [993579.1889, 1815940.8978], [993576.9115, 1815958.1963], [993573.1351, 1815975.2305], [993567.8885, 1815991.8707], [993561.2115, 1816007.9903], [993553.155, 1816023.4667], [993543.7804, 1816038.182], [993533.1589, 1816052.0242], [993521.3713, 1816064.888], [993508.5075, 1816076.6756], [993494.6652, 1816087.2971], [993479.95, 1816096.6718], [993464.4736, 1816104.7282], [993448.354, 1816111.4052], [993431.7138, 1816116.6518], [993414.6796, 1816120.4282], [993397.3811, 1816122.7056], [993379.95, 1816123.4667], [993362.5188, 1816122.7056], [993345.2203, 1816120.4282], [993328.1862, 1816116.6518], [993311.5459, 1816111.4052], [993295.4263, 1816104.7282], [993279.95, 1816096.6718], [993265.2347, 1816087.2971], [993251.3924, 1816076.6756], [993238.5286, 1816064.888], [993226.7411, 1816052.0242], [993216.1196, 1816038.182], [993206.7449, 1816023.4667], [993198.6884, 1816007.9903], [993192.0114, 1815991.8707], [993186.7648, 1815975.2305], [993182.9884, 1815958.1963], [993180.711, 1815940.8978], [993179.95, 1815923.4667], [993180.711, 1815906.0355], [993182.9884, 1815888.737], [993186.7648, 1815871.7029], [993192.0114, 1815855.0627], [993198.6884, 1815838.943], [993206.7449, 1815823.4667], [993216.1196, 1815808.7514], [993226.7411, 1815794.9092], [993238.5286, 1815782.0453], [993251.3924, 1815770.2578], [993265.2347, 1815759.6363], [993279.95, 1815750.2616], [993295.4263, 1815742.2051], [993311.5459, 1815735.5282], [993328.1862, 1815730.2815], [993345.2203, 1815726.5051], [993362.5188, 1815724.2277], [993379.95, 1815723.4667], [993397.3811, 1815724.2277], [993414.6796, 1815726.5051], [993431.7138, 1815730.2815], [993448.354, 1815735.5282], [993464.4736, 1815742.2051], [993479.95, 1815750.2616], [993494.6652, 1815759.6363], [993508.5075, 1815770.2578], [993521.3713, 1815782.0453], [993533.1589, 1815794.9092], [993543.7804, 1815808.7514], [993553.155, 1815823.4667], [993561.2115, 1815838.943], [993567.8885, 1815855.0627], [993573.1351, 1815871.7029], [993576.9115, 1815888.737], [993579.1889, 1815906.0355], [993579.95, 1815923.4667] ] ] }",2025-09-24
2013098,2012,보행노인,30110004,대전광역시 동구4,대전광역시 동구 중동(명인전자 부근),5,5,2,2,1,0,36.333153,127.43184,"{ type: Polygon, coordinates: [ [ [994082.875, 1815088.1828], [994082.114, 1815105.6139], [994079.8366, 1815122.9124], [994076.0602, 1815139.9466], [994070.8136, 1815156.5868], [994064.1366, 1815172.7064], [994056.0801, 1815188.1828], [994046.7054, 1815202.8981], [994036.0839, 1815216.7403], [994024.2964, 1815229.6042], [994011.4326, 1815241.3917], [993997.5903, 1815252.0132], [993982.875, 1815261.3879], [993967.3987, 1815269.4444], [993951.2791, 1815276.1213], [993934.6388, 1815281.368], [993917.6047, 1815285.1443], [993900.3062, 1815287.4217], [993882.875, 1815288.1828], [993865.4439, 1815287.4217], [993848.1454, 1815285.1443], [993831.1112, 1815281.368], [993814.471, 1815276.1213], [993798.3514, 1815269.4444], [993782.875, 1815261.3879], [993768.1597, 1815252.0132], [993754.3175, 1815241.3917], [993741.4537, 1815229.6042], [993729.6661, 1815216.7403], [993719.0446, 1815202.8981], [993709.67, 1815188.1828], [993701.6135, 1815172.7064], [993694.9365, 1815156.5868], [993689.6899, 1815139.9466], [993685.9135, 1815122.9124], [993683.6361, 1815105.6139], [993682.875, 1815088.1828], [993683.6361, 1815070.7516], [993685.9135, 1815053.4532], [993689.6899, 1815036.419], [993694.9365, 1815019.7788], [993701.6135, 1815003.6591], [993709.67, 1814988.1828], [993719.0446, 1814973.4675], [993729.6661, 1814959.6253], [993741.4537, 1814946.7614], [993754.3175, 1814934.9739], [993768.1597, 1814924.3524], [993782.875, 1814914.9777], [993798.3514, 1814906.9212], [993814.471, 1814900.2443], [993831.1112, 1814894.9976], [993848.1454, 1814891.2212], [993865.4439, 1814888.9439], [993882.875, 1814888.1828], [993900.3062, 1814888.9439], [993917.6047, 1814891.2212], [993934.6388, 1814894.9976], [993951.2791, 1814900.2443], [993967.3987, 1814906.9212], [993982.875, 1814914.9777], [993997.5903, 1814924.3524], [994011.4326, 1814934.9739], [994024.2964, 1814946.7614], [994036.0839, 1814959.6253], [994046.7054, 1814973.4675], [994056.0801, 1814988.1828], [994064.1366, 1815003.6591], [994070.8136, 1815019.7788], [994076.0602, 1815036.419], [994079.8366, 1815053.4532], [994082.114, 1815070.7516], [994082.875, 1815088.1828] ] ] }",2025-09-24
2013098,2012,보행노인,30110005,대전광역시 동구5,대전광역시 동구 효동(제2치수교네거리 부근),6,7,2,3,2,0,36.320874,127.443916,"{ type: Polygon, coordinates: [ [ [995165.8582, 1813725.4164], [995165.0971, 1813742.8475], [995162.8197, 1813760.146], [995159.0433, 1813777.1802], [995153.7967, 1813793.8204], [995147.1197, 1813809.94], [995139.0633, 1813825.4164], [995129.6886, 1813840.1317], [995119.0671, 1813853.9739], [995107.2795, 1813866.8377], [995094.4157, 1813878.6253], [995080.5735, 1813889.2468], [995065.8582, 1813898.6215], [995050.3818, 1813906.6779], [995034.2622, 1813913.3549], [995017.622, 1813918.6016], [995000.5878, 1813922.3779], [994983.2893, 1813924.6553], [994965.8582, 1813925.4164], [994948.427, 1813924.6553], [994931.1285, 1813922.3779], [994914.0944, 1813918.6016], [994897.4542, 1813913.3549], [994881.3345, 1813906.6779], [994865.8582, 1813898.6215], [994851.1429, 1813889.2468], [994837.3007, 1813878.6253], [994824.4368, 1813866.8377], [994812.6493, 1813853.9739], [994802.0278, 1813840.1317], [994792.6531, 1813825.4164], [994784.5966, 1813809.94], [994777.9197, 1813793.8204], [994772.673, 1813777.1802], [994768.8966, 1813760.146], [994766.6192, 1813742.8475], [994765.8582, 1813725.4164], [994766.6192, 1813707.9852], [994768.8966, 1813690.6868], [994772.673, 1813673.6526], [994777.9197, 1813657.0124], [994784.5966, 1813640.8927], [994792.6531, 1813625.4164], [994802.0278, 1813610.7011], [994812.6493, 1813596.8589], [994824.4368, 1813583.995], [994837.3007, 1813572.2075], [994851.1429, 1813561.586], [994865.8582, 1813552.2113], [994881.3345, 1813544.1548], [994897.4542, 1813537.4779], [994914.0944, 1813532.2312], [994931.1285, 1813528.4548], [994948.427, 1813526.1775], [994965.8582, 1813525.4164], [994983.2893, 1813526.1775], [995000.5878, 1813528.4548], [995017.622, 1813532.2312], [995034.2622, 1813537.4779], [995050.3818, 1813544.1548], [995065.8582, 1813552.2113], [995080.5735, 1813561.586], [995094.4157, 1813572.2075], [995107.2795, 1813583.995], [995119.0671, 1813596.8589], [995129.6886, 1813610.7011], [995139.0633, 1813625.4164], [995147.1197, 1813640.8927], [995153.7967, 1813657.0124], [995159.0433, 1813673.6526], [995162.8197, 1813690.6868], [995165.0971, 1813707.9852], [995165.8582, 1813725.4164] ] ] }",2025-09-24
2013098,2012,보행노인,30140001,대전광역시 중구1,대전광역시 중구 유천동(동양국제결혼상담소 부근),2,2,2,0,0,0,36.313961,127.399093,"{ type: Polygon, coordinates: [ [ [991141.6417, 1812961.9583], [991140.8806, 1812979.3894], [991138.6032, 1812996.6879], [991134.8269, 1813013.7221], [991129.5802, 1813030.3623], [991122.9032, 1813046.4819], [991114.8468, 1813061.9583], [991105.4721, 1813076.6735], [991094.8506, 1813090.5158], [991083.063, 1813103.3796], [991070.1992, 1813115.1671], [991056.357, 1813125.7887], [991041.6417, 1813135.1633], [991026.1653, 1813143.2198], [991010.0457, 1813149.8968], [990993.4055, 1813155.1434], [990976.3713, 1813158.9198], [990959.0728, 1813161.1972], [990941.6417, 1813161.9583], [990924.2105, 1813161.1972], [990906.9121, 1813158.9198], [990889.8779, 1813155.1434], [990873.2377, 1813149.8968], [990857.118, 1813143.2198], [990841.6417, 1813135.1633], [990826.9264, 1813125.7887], [990813.0842, 1813115.1671], [990800.2203, 1813103.3796], [990788.4328, 1813090.5158], [990777.8113, 1813076.6735], [990768.4366, 1813061.9583], [990760.3801, 1813046.4819], [990753.7032, 1813030.3623], [990748.4565, 1813013.7221], [990744.6801, 1812996.6879], [990742.4028, 1812979.3894], [990741.6417, 1812961.9583], [990742.4028, 1812944.5271], [990744.6801, 1812927.2286], [990748.4565, 1812910.1945], [990753.7032, 1812893.5542], [990760.3801, 1812877.4346], [990768.4366, 1812861.9583], [990777.8113, 1812847.243], [990788.4328, 1812833.4007], [990800.2203, 1812820.5369], [990813.0842, 1812808.7494], [990826.9264, 1812798.1279], [990841.6417, 1812788.7532], [990857.118, 1812780.6967], [990873.2377, 1812774.0197], [990889.8779, 1812768.7731], [990906.9121, 1812764.9967], [990924.2105, 1812762.7193], [990941.6417, 1812761.9583], [990959.0728, 1812762.7193], [990976.3713, 1812764.9967], [990993.4055, 1812768.7731], [991010.0457, 1812774.0197], [991026.1653, 1812780.6967], [991041.6417, 1812788.7532], [991056.357, 1812798.1279], [991070.1992, 1812808.7494], [991083.063, 1812820.5369], [991094.8506, 1812833.4007], [991105.4721, 1812847.243], [991114.8468, 1812861.9583], [991122.9032, 1812877.4346], [991129.5802, 1812893.5542], [991134.8269, 1812910.1945], [991138.6032, 1812927.2286], [991140.8806, 1812944.5271], [991141.6417, 1812961.9583] ] ] }",2025-09-24
2013098,2012,보행노인,30140002,대전광역시 중구2,대전광역시 중구 은행동(- 인근),3,3,0,1,2,0,36.3282,127.428923,"{ type: Polygon, coordinates: [ [ [993820.6583, 1814538.9417], [993819.8972, 1814556.3728], [993817.6198, 1814573.6713], [993813.8434, 1814590.7055], [993808.5968, 1814607.3457], [993801.9198, 1814623.4653], [993793.8634, 1814638.9417], [993784.4887, 1814653.657], [993773.8672, 1814667.4992], [993762.0796, 1814680.363], [993749.2158, 1814692.1506], [993735.3736, 1814702.7721], [993720.6583, 1814712.1467], [993705.1819, 1814720.2032], [993689.0623, 1814726.8802], [993672.4221, 1814732.1268], [993655.3879, 1814735.9032], [993638.0894, 1814738.1806], [993620.6583, 1814738.9417], [993603.2271, 1814738.1806], [993585.9286, 1814735.9032], [993568.8945, 1814732.1268], [993552.2543, 1814726.8802], [993536.1346, 1814720.2032], [993520.6583, 1814712.1467], [993505.943, 1814702.7721], [993492.1008, 1814692.1506], [993479.2369, 1814680.363], [993467.4494, 1814667.4992], [993456.8279, 1814653.657], [993447.4532, 1814638.9417], [993439.3967, 1814623.4653], [993432.7198, 1814607.3457], [993427.4731, 1814590.7055], [993423.6967, 1814573.6713], [993421.4193, 1814556.3728], [993420.6583, 1814538.9417], [993421.4193, 1814521.5105], [993423.6967, 1814504.212], [993427.4731, 1814487.1779], [993432.7198, 1814470.5376], [993439.3967, 1814454.418], [993447.4532, 1814438.9417], [993456.8279, 1814424.2264], [993467.4494, 1814410.3841], [993479.2369, 1814397.5203], [993492.1008, 1814385.7328], [993505.943, 1814375.1113], [993520.6583, 1814365.7366], [993536.1346, 1814357.6801], [993552.2543, 1814351.0031], [993568.8945, 1814345.7565], [993585.9286, 1814341.9801], [993603.2271, 1814339.7027], [993620.6583, 1814338.9417], [993638.0894, 1814339.7027], [993655.3879, 1814341.9801], [993672.4221, 1814345.7565], [993689.0623, 1814351.0031], [993705.1819, 1814357.6801], [993720.6583, 1814365.7366], [993735.3736, 1814375.1113], [993749.2158, 1814385.7328], [993762.0796, 1814397.5203], [993773.8672, 1814410.3841], [993784.4887, 1814424.2264], [993793.8634, 1814438.9417], [993801.9198, 1814454.418], [993808.5968, 1814470.5376], [993813.8434, 1814487.1779], [993817.6198, 1814504.212], [993819.8972, 1814521.5105], [993820.6583, 1814538.9417] ] ] }",2025-09-24
2013098,2012,보행노인,30140003,대전광역시 중구3,대전광역시 중구 태평동(삼부아파트 부근),3,3,0,3,0,0,36.321282,127.392178,"{ type: Polygon, coordinates: [ [ [990521.8418, 1813774.6583], [990521.0808, 1813792.0894], [990518.8034, 1813809.3879], [990515.027, 1813826.4221], [990509.7804, 1813843.0623], [990503.1034, 1813859.1819], [990495.0469, 1813874.6583], [990485.6723, 1813889.3736], [990475.0507, 1813903.2158], [990463.2632, 1813916.0796], [990450.3994, 1813927.8672], [990436.5571, 1813938.4887], [990421.8418, 1813947.8634], [990406.3655, 1813955.9198], [990390.2459, 1813962.5968], [990373.6057, 1813967.8434], [990356.5715, 1813971.6198], [990339.273, 1813973.8972], [990321.8418, 1813974.6583], [990304.4107, 1813973.8972], [990287.1122, 1813971.6198], [990270.078, 1813967.8434], [990253.4378, 1813962.5968], [990237.3182, 1813955.9198], [990221.8418, 1813947.8634], [990207.1266, 1813938.4887], [990193.2843, 1813927.8672], [990180.4205, 1813916.0796], [990168.633, 1813903.2158], [990158.0114, 1813889.3736], [990148.6368, 1813874.6583], [990140.5803, 1813859.1819], [990133.9033, 1813843.0623], [990128.6567, 1813826.4221], [990124.8803, 1813809.3879], [990122.6029, 1813792.0894], [990121.8418, 1813774.6583], [990122.6029, 1813757.2271], [990124.8803, 1813739.9286], [990128.6567, 1813722.8945], [990133.9033, 1813706.2543], [990140.5803, 1813690.1346], [990148.6368, 1813674.6583], [990158.0114, 1813659.943], [990168.633, 1813646.1008], [990180.4205, 1813633.2369], [990193.2843, 1813621.4494], [990207.1266, 1813610.8279], [990221.8418, 1813601.4532], [990237.3182, 1813593.3967], [990253.4378, 1813586.7198], [990270.078, 1813581.4731], [990287.1122, 1813577.6967], [990304.4107, 1813575.4193], [990321.8418, 1813574.6583], [990339.273, 1813575.4193], [990356.5715, 1813577.6967], [990373.6057, 1813581.4731], [990390.2459, 1813586.7198], [990406.3655, 1813593.3967], [990421.8418, 1813601.4532], [990436.5571, 1813610.8279], [990450.3994, 1813621.4494], [990463.2632, 1813633.2369], [990475.0507, 1813646.1008], [990485.6723, 1813659.943], [990495.0469, 1813674.6583], [990503.1034, 1813690.1346], [990509.7804, 1813706.2543], [990515.027, 1813722.8945], [990518.8034, 1813739.9286], [990521.0808, 1813757.2271], [990521.8418, 1813774.6583] ] ] }",2025-09-24
2013098,2012,보행노인,30170001,대전광역시 서구1,대전광역시 서구 변동(번동사거리 부근),3,3,1,2,0,0,36.324323,127.378428,"{ type: Polygon, coordinates: [ [ [989288.0166, 1814113.4249], [989287.2555, 1814130.8561], [989284.9781, 1814148.1546], [989281.2018, 1814165.1888], [989275.9551, 1814181.829], [989269.2782, 1814197.9486], [989261.2217, 1814213.4249], [989251.847, 1814228.1402], [989241.2255, 1814241.9825], [989229.438, 1814254.8463], [989216.5741, 1814266.6338], [989202.7319, 1814277.2554], [989188.0166, 1814286.63], [989172.5402, 1814294.6865], [989156.4206, 1814301.3635], [989139.7804, 1814306.6101], [989122.7462, 1814310.3865], [989105.4477, 1814312.6639], [989088.0166, 1814313.4249], [989070.5854, 1814312.6639], [989053.287, 1814310.3865], [989036.2528, 1814306.6101], [989019.6126, 1814301.3635], [989003.4929, 1814294.6865], [988988.0166, 1814286.63], [988973.3013, 1814277.2554], [988959.4591, 1814266.6338], [988946.5952, 1814254.8463], [988934.8077, 1814241.9825], [988924.1862, 1814228.1402], [988914.8115, 1814213.4249], [988906.755, 1814197.9486], [988900.0781, 1814181.829], [988894.8314, 1814165.1888], [988891.055, 1814148.1546], [988888.7777, 1814130.8561], [988888.0166, 1814113.4249], [988888.7777, 1814095.9938], [988891.055, 1814078.6953], [988894.8314, 1814061.6611], [988900.0781, 1814045.0209], [988906.755, 1814028.9013], [988914.8115, 1814013.4249], [988924.1862, 1813998.7097], [988934.8077, 1813984.8674], [988946.5952, 1813972.0036], [988959.4591, 1813960.2161], [988973.3013, 1813949.5945], [988988.0166, 1813940.2199], [989003.4929, 1813932.1634], [989019.6126, 1813925.4864], [989036.2528, 1813920.2398], [989053.287, 1813916.4634], [989070.5854, 1813914.186], [989088.0166, 1813913.4249], [989105.4477, 1813914.186], [989122.7462, 1813916.4634], [989139.7804, 1813920.2398], [989156.4206, 1813925.4864], [989172.5402, 1813932.1634], [989188.0166, 1813940.2199], [989202.7319, 1813949.5945], [989216.5741, 1813960.2161], [989229.438, 1813972.0036], [989241.2255, 1813984.8674], [989251.847, 1813998.7097], [989261.2217, 1814013.4249], [989269.2782, 1814028.9013], [989275.9551, 1814045.0209], [989281.2018, 1814061.6611], [989284.9781, 1814078.6953], [989287.2555, 1814095.9938], [989288.0166, 1814113.4249] ] ] }",2025-09-24
2013098,2012,보행노인,30230001,대전광역시 대덕구1,대전광역시 대덕구 와동(리더스 어학원 부근),3,3,0,3,0,0,36.400452,127.42349,"{ type: Polygon, coordinates: [ [ [993339.3918, 1822553.5834], [993338.6307, 1822571.0145], [993336.3533, 1822588.313], [993332.5769, 1822605.3472], [993327.3303, 1822621.9874], [993320.6533, 1822638.107], [993312.5968, 1822653.5834], [993303.2222, 1822668.2986], [993292.6006, 1822682.1409], [993280.8131, 1822695.0047], [993267.9493, 1822706.7922], [993254.107, 1822717.4138], [993239.3918, 1822726.7884], [993223.9154, 1822734.8449], [993207.7958, 1822741.5219], [993191.1556, 1822746.7685], [993174.1214, 1822750.5449], [993156.8229, 1822752.8223], [993139.3918, 1822753.5834], [993121.9606, 1822752.8223], [993104.6621, 1822750.5449], [993087.6279, 1822746.7685], [993070.9877, 1822741.5219], [993054.8681, 1822734.8449], [993039.3918, 1822726.7884], [993024.6765, 1822717.4138], [993010.8342, 1822706.7922], [992997.9704, 1822695.0047], [992986.1829, 1822682.1409], [992975.5613, 1822668.2986], [992966.1867, 1822653.5834], [992958.1302, 1822638.107], [992951.4532, 1822621.9874], [992946.2066, 1822605.3472], [992942.4302, 1822588.313], [992940.1528, 1822571.0145], [992939.3918, 1822553.5834], [992940.1528, 1822536.1522], [992942.4302, 1822518.8537], [992946.2066, 1822501.8195], [992951.4532, 1822485.1793], [992958.1302, 1822469.0597], [992966.1867, 1822453.5834], [992975.5613, 1822438.8681], [992986.1829, 1822425.0258], [992997.9704, 1822412.162], [993010.8342, 1822400.3745], [993024.6765, 1822389.7529], [993039.3918, 1822380.3783], [993054.8681, 1822372.3218], [993070.9877, 1822365.6448], [993087.6279, 1822360.3982], [993104.6621, 1822356.6218], [993121.9606, 1822354.3444], [993139.3918, 1822353.5834], [993156.8229, 1822354.3444], [993174.1214, 1822356.6218], [993191.1556, 1822360.3982], [993207.7958, 1822365.6448], [993223.9154, 1822372.3218], [993239.3918, 1822380.3783], [993254.107, 1822389.7529], [993267.9493, 1822400.3745], [993280.8131, 1822412.162], [993292.6006, 1822425.0258], [993303.2222, 1822438.8681], [993312.5968, 1822453.5834], [993320.6533, 1822469.0597], [993327.3303, 1822485.1793], [993332.5769, 1822501.8195], [993336.3533, 1822518.8537], [993338.6307, 1822536.1522], [993339.3918, 1822553.5834] ] ] }",2025-09-24
2013098,2012,보행노인,30230002,대전광역시 대덕구2,대전광역시 대덕구 석봉동(굴칼국수 부근),3,3,0,3,0,0,36.447695,127.425751,"{ type: Polygon, coordinates: [ [ [993546.1001, 1827793.7501], [993545.339, 1827811.1812], [993543.0616, 1827828.4797], [993539.2852, 1827845.5139], [993534.0386, 1827862.1541], [993527.3616, 1827878.2737], [993519.3052, 1827893.7501], [993509.9305, 1827908.4654], [993499.309, 1827922.3076], [993487.5214, 1827935.1714], [993474.6576, 1827946.959], [993460.8154, 1827957.5805], [993446.1001, 1827966.9551], [993430.6237, 1827975.0116], [993414.5041, 1827981.6886], [993397.8639, 1827986.9352], [993380.8297, 1827990.7116], [993363.5312, 1827992.989], [993346.1001, 1827993.7501], [993328.6689, 1827992.989], [993311.3704, 1827990.7116], [993294.3363, 1827986.9352], [993277.696, 1827981.6886], [993261.5764, 1827975.0116], [993246.1001, 1827966.9551], [993231.3848, 1827957.5805], [993217.5426, 1827946.959], [993204.6787, 1827935.1714], [993192.8912, 1827922.3076], [993182.2697, 1827908.4654], [993172.895, 1827893.7501], [993164.8385, 1827878.2737], [993158.1616, 1827862.1541], [993152.9149, 1827845.5139], [993149.1385, 1827828.4797], [993146.8611, 1827811.1812], [993146.1001, 1827793.7501], [993146.8611, 1827776.3189], [993149.1385, 1827759.0204], [993152.9149, 1827741.9863], [993158.1616, 1827725.346], [993164.8385, 1827709.2264], [993172.895, 1827693.7501], [993182.2697, 1827679.0348], [993192.8912, 1827665.1925], [993204.6787, 1827652.3287], [993217.5426, 1827640.5412], [993231.3848, 1827629.9197], [993246.1001, 1827620.545], [993261.5764, 1827612.4885], [993277.696, 1827605.8115], [993294.3363, 1827600.5649], [993311.3704, 1827596.7885], [993328.6689, 1827594.5111], [993346.1001, 1827593.7501], [993363.5312, 1827594.5111], [993380.8297, 1827596.7885], [993397.8639, 1827600.5649], [993414.5041, 1827605.8115], [993430.6237, 1827612.4885], [993446.1001, 1827620.545], [993460.8154, 1827629.9197], [993474.6576, 1827640.5412], [993487.5214, 1827652.3287], [993499.309, 1827665.1925], [993509.9305, 1827679.0348], [993519.3052, 1827693.7501], [993527.3616, 1827709.2264], [993534.0386, 1827725.346], [993539.2852, 1827741.9863], [993543.0616, 1827759.0204], [993545.339, 1827776.3189], [993546.1001, 1827793.7501] ] ] }",2025-09-24
2013099,2012,자전거,30110001,대전광역시 동구1,대전광역시 동구 삼성동(GE전기상사 부근),5,5,0,3,2,0,36.341809,127.425119,"{ type: Polygon, coordinates: [ [ [993480.3917, 1816048.7332], [993479.6306, 1816066.1643], [993477.3532, 1816083.4628], [993473.5768, 1816100.497], [993468.3302, 1816117.1372], [993461.6532, 1816133.2568], [993453.5968, 1816148.7332], [993444.2221, 1816163.4485], [993433.6006, 1816177.2907], [993421.813, 1816190.1545], [993408.9492, 1816201.9421], [993395.107, 1816212.5636], [993380.3917, 1816221.9383], [993364.9153, 1816229.9947], [993348.7957, 1816236.6717], [993332.1555, 1816241.9184], [993315.1213, 1816245.6947], [993297.8228, 1816247.9721], [993280.3917, 1816248.7332], [993262.9605, 1816247.9721], [993245.662, 1816245.6947], [993228.6279, 1816241.9184], [993211.9876, 1816236.6717], [993195.868, 1816229.9947], [993180.3917, 1816221.9383], [993165.6764, 1816212.5636], [993151.8342, 1816201.9421], [993138.9703, 1816190.1545], [993127.1828, 1816177.2907], [993116.5613, 1816163.4485], [993107.1866, 1816148.7332], [993099.1301, 1816133.2568], [993092.4532, 1816117.1372], [993087.2065, 1816100.497], [993083.4301, 1816083.4628], [993081.1527, 1816066.1643], [993080.3917, 1816048.7332], [993081.1527, 1816031.302], [993083.4301, 1816014.0036], [993087.2065, 1815996.9694], [993092.4532, 1815980.3292], [993099.1301, 1815964.2095], [993107.1866, 1815948.7332], [993116.5613, 1815934.0179], [993127.1828, 1815920.1757], [993138.9703, 1815907.3118], [993151.8342, 1815895.5243], [993165.6764, 1815884.9028], [993180.3917, 1815875.5281], [993195.868, 1815867.4716], [993211.9876, 1815860.7947], [993228.6279, 1815855.548], [993245.662, 1815851.7716], [993262.9605, 1815849.4942], [993280.3917, 1815848.7332], [993297.8228, 1815849.4942], [993315.1213, 1815851.7716], [993332.1555, 1815855.548], [993348.7957, 1815860.7947], [993364.9153, 1815867.4716], [993380.3917, 1815875.5281], [993395.107, 1815884.9028], [993408.9492, 1815895.5243], [993421.813, 1815907.3118], [993433.6006, 1815920.1757], [993444.2221, 1815934.0179], [993453.5968, 1815948.7332], [993461.6532, 1815964.2095], [993468.3302, 1815980.3292], [993473.5768, 1815996.9694], [993477.3532, 1816014.0036], [993479.6306, 1816031.302], [993480.3917, 1816048.7332] ] ] }",2025-09-24
2013099,2012,자전거,30140001,대전광역시 중구1,대전광역시 중구 태평동(태평1동 예가@ 부근),5,5,0,4,1,0,36.322941,127.396069,"{ type: Polygon, coordinates: [ [ [990871.2834, 1813958.2416], [990870.5223, 1813975.6728], [990868.2449, 1813992.9713], [990864.4685, 1814010.0054], [990859.2219, 1814026.6457], [990852.5449, 1814042.7653], [990844.4885, 1814058.2416], [990835.1138, 1814072.9569], [990824.4923, 1814086.7992], [990812.7047, 1814099.663], [990799.8409, 1814111.4505], [990785.9987, 1814122.072], [990771.2834, 1814131.4467], [990755.807, 1814139.5032], [990739.6874, 1814146.1802], [990723.0472, 1814151.4268], [990706.013, 1814155.2032], [990688.7145, 1814157.4806], [990671.2834, 1814158.2416], [990653.8522, 1814157.4806], [990636.5537, 1814155.2032], [990619.5196, 1814151.4268], [990602.8794, 1814146.1802], [990586.7597, 1814139.5032], [990571.2834, 1814131.4467], [990556.5681, 1814122.072], [990542.7259, 1814111.4505], [990529.862, 1814099.663], [990518.0745, 1814086.7992], [990507.453, 1814072.9569], [990498.0783, 1814058.2416], [990490.0218, 1814042.7653], [990483.3449, 1814026.6457], [990478.0982, 1814010.0054], [990474.3218, 1813992.9713], [990472.0444, 1813975.6728], [990471.2834, 1813958.2416], [990472.0444, 1813940.8105], [990474.3218, 1813923.512], [990478.0982, 1813906.4778], [990483.3449, 1813889.8376], [990490.0218, 1813873.718], [990498.0783, 1813858.2416], [990507.453, 1813843.5264], [990518.0745, 1813829.6841], [990529.862, 1813816.8203], [990542.7259, 1813805.0328], [990556.5681, 1813794.4112], [990571.2834, 1813785.0366], [990586.7597, 1813776.9801], [990602.8794, 1813770.3031], [990619.5196, 1813765.0565], [990636.5537, 1813761.2801], [990653.8522, 1813759.0027], [990671.2834, 1813758.2416], [990688.7145, 1813759.0027], [990706.013, 1813761.2801], [990723.0472, 1813765.0565], [990739.6874, 1813770.3031], [990755.807, 1813776.9801], [990771.2834, 1813785.0366], [990785.9987, 1813794.4112], [990799.8409, 1813805.0328], [990812.7047, 1813816.8203], [990824.4923, 1813829.6841], [990835.1138, 1813843.5264], [990844.4885, 1813858.2416], [990852.5449, 1813873.718], [990859.2219, 1813889.8376], [990864.4685, 1813906.4778], [990868.2449, 1813923.512], [990870.5223, 1813940.8105], [990871.2834, 1813958.2416] ] ] }",2025-09-24
2013099,2012,자전거,30170001,대전광역시 서구1,대전광역시 서구 탄방동(용문네거리 부근),5,5,0,3,2,0,36.338837,127.392804,"{ type: Polygon, coordinates: [ [ [990580.1582, 1815721.825], [990579.3971, 1815739.2561], [990577.1197, 1815756.5546], [990573.3433, 1815773.5888], [990568.0967, 1815790.229], [990561.4197, 1815806.3486], [990553.3632, 1815821.825], [990543.9886, 1815836.5403], [990533.367, 1815850.3825], [990521.5795, 1815863.2463], [990508.7157, 1815875.0339], [990494.8734, 1815885.6554], [990480.1582, 1815895.0301], [990464.6818, 1815903.0866], [990448.5622, 1815909.7635], [990431.922, 1815915.0102], [990414.8878, 1815918.7865], [990397.5893, 1815921.0639], [990380.1582, 1815921.825], [990362.727, 1815921.0639], [990345.4285, 1815918.7865], [990328.3943, 1815915.0102], [990311.7541, 1815909.7635], [990295.6345, 1815903.0866], [990280.1582, 1815895.0301], [990265.4429, 1815885.6554], [990251.6006, 1815875.0339], [990238.7368, 1815863.2463], [990226.9493, 1815850.3825], [990216.3277, 1815836.5403], [990206.9531, 1815821.825], [990198.8966, 1815806.3486], [990192.2196, 1815790.229], [990186.973, 1815773.5888], [990183.1966, 1815756.5546], [990180.9192, 1815739.2561], [990180.1582, 1815721.825], [990180.9192, 1815704.3938], [990183.1966, 1815687.0954], [990186.973, 1815670.0612], [990192.2196, 1815653.421], [990198.8966, 1815637.3013], [990206.9531, 1815621.825], [990216.3277, 1815607.1097], [990226.9493, 1815593.2675], [990238.7368, 1815580.4036], [990251.6006, 1815568.6161], [990265.4429, 1815557.9946], [990280.1582, 1815548.6199], [990295.6345, 1815540.5634], [990311.7541, 1815533.8865], [990328.3943, 1815528.6398], [990345.4285, 1815524.8634], [990362.727, 1815522.5861], [990380.1582, 1815521.825], [990397.5893, 1815522.5861], [990414.8878, 1815524.8634], [990431.922, 1815528.6398], [990448.5622, 1815533.8865], [990464.6818, 1815540.5634], [990480.1582, 1815548.6199], [990494.8734, 1815557.9946], [990508.7157, 1815568.6161], [990521.5795, 1815580.4036], [990533.367, 1815593.2675], [990543.9886, 1815607.1097], [990553.3632, 1815621.825], [990561.4197, 1815637.3013], [990568.0967, 1815653.421], [990573.3433, 1815670.0612], [990577.1197, 1815687.0954], [990579.3971, 1815704.3938], [990580.1582, 1815721.825] ] ] }",2025-09-24
2014095,2013,스쿨존어린이,30110001,대전광역시 동구1,대전광역시 동구 낭월동(산내초교 부근),2,3,0,0,3,0,36.278542,127.469012,"{ type: Polygon, coordinates: [ [ [997517, 1809029], [997515.8584, 1809055.1467], [997512.4423, 1809081.0945], [997506.7777, 1809106.6457], [997498.9078, 1809131.606], [997488.8923, 1809155.7855], [997476.8076, 1809179], [997462.7456, 1809201.0729], [997446.8133, 1809221.8363], [997429.132, 1809241.132], [997409.8363, 1809258.8133], [997389.0729, 1809274.7456], [997367, 1809288.8076], [997343.7855, 1809300.8923], [997319.606, 1809310.9078], [997294.6457, 1809318.7777], [997269.0945, 1809324.4423], [997243.1467, 1809327.8584], [997217, 1809329], [997190.8533, 1809327.8584], [997164.9055, 1809324.4423], [997139.3543, 1809318.7777], [997114.394, 1809310.9078], [997090.2145, 1809300.8923], [997067, 1809288.8076], [997044.9271, 1809274.7456], [997024.1637, 1809258.8133], [997004.868, 1809241.132], [996987.1867, 1809221.8363], [996971.2544, 1809201.0729], [996957.1924, 1809179], [996945.1077, 1809155.7855], [996935.0922, 1809131.606], [996927.2223, 1809106.6457], [996921.5577, 1809081.0945], [996918.1416, 1809055.1467], [996917, 1809029], [996918.1416, 1809002.8533], [996921.5577, 1808976.9055], [996927.2223, 1808951.3543], [996935.0922, 1808926.394], [996945.1077, 1808902.2145], [996957.1924, 1808879], [996971.2544, 1808856.9271], [996987.1867, 1808836.1637], [997004.868, 1808816.868], [997024.1637, 1808799.1867], [997044.9271, 1808783.2544], [997067, 1808769.1924], [997090.2145, 1808757.1077], [997114.394, 1808747.0922], [997139.3543, 1808739.2223], [997164.9055, 1808733.5577], [997190.8533, 1808730.1416], [997217, 1808729], [997243.1467, 1808730.1416], [997269.0945, 1808733.5577], [997294.6457, 1808739.2223], [997319.606, 1808747.0922], [997343.7855, 1808757.1077], [997367, 1808769.1924], [997389.0729, 1808783.2544], [997409.8363, 1808799.1867], [997429.132, 1808816.868], [997446.8133, 1808836.1637], [997462.7456, 1808856.9271], [997476.8076, 1808879], [997488.8923, 1808902.2145], [997498.9078, 1808926.394], [997506.7777, 1808951.3543], [997512.4423, 1808976.9055], [997515.8584, 1809002.8533], [997517, 1809029] ] ] }",2025-09-24
2014095,2013,스쿨존어린이,30140001,대전광역시 중구1,대전광역시 중구 태평동(버드내초교 부근),2,3,0,1,2,0,36.318192,127.39175,"{ type: Polygon, coordinates: [ [ [990583, 1813432], [990581.8584, 1813458.1467], [990578.4423, 1813484.0945], [990572.7777, 1813509.6457], [990564.9078, 1813534.606], [990554.8923, 1813558.7855], [990542.8076, 1813582], [990528.7456, 1813604.0729], [990512.8133, 1813624.8363], [990495.132, 1813644.132], [990475.8363, 1813661.8133], [990455.0729, 1813677.7456], [990433, 1813691.8076], [990409.7855, 1813703.8923], [990385.606, 1813713.9078], [990360.6457, 1813721.7777], [990335.0945, 1813727.4423], [990309.1467, 1813730.8584], [990283, 1813732], [990256.8533, 1813730.8584], [990230.9055, 1813727.4423], [990205.3543, 1813721.7777], [990180.394, 1813713.9078], [990156.2145, 1813703.8923], [990133, 1813691.8076], [990110.9271, 1813677.7456], [990090.1637, 1813661.8133], [990070.868, 1813644.132], [990053.1867, 1813624.8363], [990037.2544, 1813604.0729], [990023.1924, 1813582], [990011.1077, 1813558.7855], [990001.0922, 1813534.606], [989993.2223, 1813509.6457], [989987.5577, 1813484.0945], [989984.1416, 1813458.1467], [989983, 1813432], [989984.1416, 1813405.8533], [989987.5577, 1813379.9055], [989993.2223, 1813354.3543], [990001.0922, 1813329.394], [990011.1077, 1813305.2145], [990023.1924, 1813282], [990037.2544, 1813259.9271], [990053.1867, 1813239.1637], [990070.868, 1813219.868], [990090.1637, 1813202.1867], [990110.9271, 1813186.2544], [990133, 1813172.1924], [990156.2145, 1813160.1077], [990180.394, 1813150.0922], [990205.3543, 1813142.2223], [990230.9055, 1813136.5577], [990256.8533, 1813133.1416], [990283, 1813132], [990309.1467, 1813133.1416], [990335.0945, 1813136.5577], [990360.6457, 1813142.2223], [990385.606, 1813150.0922], [990409.7855, 1813160.1077], [990433, 1813172.1924], [990455.0729, 1813186.2544], [990475.8363, 1813202.1867], [990495.132, 1813219.868], [990512.8133, 1813239.1637], [990528.7456, 1813259.9271], [990542.8076, 1813282], [990554.8923, 1813305.2145], [990564.9078, 1813329.394], [990572.7777, 1813354.3543], [990578.4423, 1813379.9055], [990581.8584, 1813405.8533], [990583, 1813432] ] ] }",2025-09-24
2014105,2013,보행노인,30110001,대전광역시 동구1,대전광역시 동구 판암동(김태명소아과 부근),5,5,1,2,2,0,36.322245,127.460612,"{ type: Polygon, coordinates: [ [ [996664.5748, 1813876.825], [996663.8137, 1813894.2561], [996661.5364, 1813911.5546], [996657.76, 1813928.5888], [996652.5133, 1813945.229], [996645.8364, 1813961.3486], [996637.7799, 1813976.825], [996628.4052, 1813991.5403], [996617.7837, 1814005.3825], [996605.9962, 1814018.2463], [996593.1323, 1814030.0339], [996579.2901, 1814040.6554], [996564.5748, 1814050.0301], [996549.0985, 1814058.0866], [996532.9788, 1814064.7635], [996516.3386, 1814070.0102], [996499.3044, 1814073.7865], [996482.006, 1814076.0639], [996464.5748, 1814076.825], [996447.1437, 1814076.0639], [996429.8452, 1814073.7865], [996412.811, 1814070.0102], [996396.1708, 1814064.7635], [996380.0512, 1814058.0866], [996364.5748, 1814050.0301], [996349.8595, 1814040.6554], [996336.0173, 1814030.0339], [996323.1534, 1814018.2463], [996311.3659, 1814005.3825], [996300.7444, 1813991.5403], [996291.3697, 1813976.825], [996283.3132, 1813961.3486], [996276.6363, 1813945.229], [996271.3896, 1813928.5888], [996267.6133, 1813911.5546], [996265.3359, 1813894.2561], [996264.5748, 1813876.825], [996265.3359, 1813859.3938], [996267.6133, 1813842.0954], [996271.3896, 1813825.0612], [996276.6363, 1813808.421], [996283.3132, 1813792.3013], [996291.3697, 1813776.825], [996300.7444, 1813762.1097], [996311.3659, 1813748.2675], [996323.1534, 1813735.4036], [996336.0173, 1813723.6161], [996349.8595, 1813712.9946], [996364.5748, 1813703.6199], [996380.0512, 1813695.5634], [996396.1708, 1813688.8865], [996412.811, 1813683.6398], [996429.8452, 1813679.8634], [996447.1437, 1813677.5861], [996464.5748, 1813676.825], [996482.006, 1813677.5861], [996499.3044, 1813679.8634], [996516.3386, 1813683.6398], [996532.9788, 1813688.8865], [996549.0985, 1813695.5634], [996564.5748, 1813703.6199], [996579.2901, 1813712.9946], [996593.1323, 1813723.6161], [996605.9962, 1813735.4036], [996617.7837, 1813748.2675], [996628.4052, 1813762.1097], [996637.7799, 1813776.825], [996645.8364, 1813792.3013], [996652.5133, 1813808.421], [996657.76, 1813825.0612], [996661.5364, 1813842.0954], [996663.8137, 1813859.3938], [996664.5748, 1813876.825] ] ] }",2025-09-24
2014105,2013,보행노인,30110002,대전광역시 동구2,대전광역시 동구 원동(대전역네거리 부근),4,4,0,3,0,1,36.331305,127.432604,"{ type: Polygon, coordinates: [ [ [994151.2585, 1814883.1084], [994150.4974, 1814900.5395], [994148.22, 1814917.838], [994144.4437, 1814934.8722], [994139.197, 1814951.5124], [994132.52, 1814967.632], [994124.4636, 1814983.1084], [994115.0889, 1814997.8237], [994104.4674, 1815011.6659], [994092.6798, 1815024.5297], [994079.816, 1815036.3173], [994065.9738, 1815046.9388], [994051.2585, 1815056.3135], [994035.7821, 1815064.3699], [994019.6625, 1815071.0469], [994003.0223, 1815076.2935], [993985.9881, 1815080.0699], [993968.6896, 1815082.3473], [993951.2585, 1815083.1084], [993933.8273, 1815082.3473], [993916.5289, 1815080.0699], [993899.4947, 1815076.2935], [993882.8545, 1815071.0469], [993866.7348, 1815064.3699], [993851.2585, 1815056.3135], [993836.5432, 1815046.9388], [993822.701, 1815036.3173], [993809.8371, 1815024.5297], [993798.0496, 1815011.6659], [993787.4281, 1814997.8237], [993778.0534, 1814983.1084], [993769.9969, 1814967.632], [993763.32, 1814951.5124], [993758.0733, 1814934.8722], [993754.2969, 1814917.838], [993752.0195, 1814900.5395], [993751.2585, 1814883.1084], [993752.0195, 1814865.6772], [993754.2969, 1814848.3787], [993758.0733, 1814831.3446], [993763.32, 1814814.7043], [993769.9969, 1814798.5847], [993778.0534, 1814783.1084], [993787.4281, 1814768.3931], [993798.0496, 1814754.5509], [993809.8371, 1814741.687], [993822.701, 1814729.8995], [993836.5432, 1814719.278], [993851.2585, 1814709.9033], [993866.7348, 1814701.8468], [993882.8545, 1814695.1698], [993899.4947, 1814689.9232], [993916.5289, 1814686.1468], [993933.8273, 1814683.8694], [993951.2585, 1814683.1084], [993968.6896, 1814683.8694], [993985.9881, 1814686.1468], [994003.0223, 1814689.9232], [994019.6625, 1814695.1698], [994035.7821, 1814701.8468], [994051.2585, 1814709.9033], [994065.9738, 1814719.278], [994079.816, 1814729.8995], [994092.6798, 1814741.687], [994104.4674, 1814754.5509], [994115.0889, 1814768.3931], [994124.4636, 1814783.1084], [994132.52, 1814798.5847], [994139.197, 1814814.7043], [994144.4437, 1814831.3446], [994148.22, 1814848.3787], [994150.4974, 1814865.6772], [994151.2585, 1814883.1084] ] ] }",2025-09-24
2014105,2013,보행노인,30110003,대전광역시 동구3,대전광역시 동구 대동(대동오거리 부근),3,3,0,3,0,0,36.329344,127.44272,"{ type: Polygon, coordinates: [ [ [995059, 1814665], [995058.2389, 1814682.4311], [995055.9616, 1814699.7296], [995052.1852, 1814716.7638], [995046.9385, 1814733.404], [995040.2616, 1814749.5237], [995032.2051, 1814765], [995022.8304, 1814779.7153], [995012.2089, 1814793.5575], [995000.4214, 1814806.4214], [994987.5575, 1814818.2089], [994973.7153, 1814828.8304], [994959, 1814838.2051], [994943.5237, 1814846.2616], [994927.404, 1814852.9385], [994910.7638, 1814858.1852], [994893.7296, 1814861.9616], [994876.4311, 1814864.2389], [994859, 1814865], [994841.5689, 1814864.2389], [994824.2704, 1814861.9616], [994807.2362, 1814858.1852], [994790.596, 1814852.9385], [994774.4763, 1814846.2616], [994759, 1814838.2051], [994744.2847, 1814828.8304], [994730.4425, 1814818.2089], [994717.5786, 1814806.4214], [994705.7911, 1814793.5575], [994695.1696, 1814779.7153], [994685.7949, 1814765], [994677.7384, 1814749.5237], [994671.0615, 1814733.404], [994665.8148, 1814716.7638], [994662.0384, 1814699.7296], [994659.7611, 1814682.4311], [994659, 1814665], [994659.7611, 1814647.5689], [994662.0384, 1814630.2704], [994665.8148, 1814613.2362], [994671.0615, 1814596.596], [994677.7384, 1814580.4763], [994685.7949, 1814565], [994695.1696, 1814550.2847], [994705.7911, 1814536.4425], [994717.5786, 1814523.5786], [994730.4425, 1814511.7911], [994744.2847, 1814501.1696], [994759, 1814491.7949], [994774.4763, 1814483.7384], [994790.596, 1814477.0615], [994807.2362, 1814471.8148], [994824.2704, 1814468.0384], [994841.5689, 1814465.7611], [994859, 1814465], [994876.4311, 1814465.7611], [994893.7296, 1814468.0384], [994910.7638, 1814471.8148], [994927.404, 1814477.0615], [994943.5237, 1814483.7384], [994959, 1814491.7949], [994973.7153, 1814501.1696], [994987.5575, 1814511.7911], [995000.4214, 1814523.5786], [995012.2089, 1814536.4425], [995022.8304, 1814550.2847], [995032.2051, 1814565], [995040.2616, 1814580.4763], [995046.9385, 1814596.596], [995052.1852, 1814613.2362], [995055.9616, 1814630.2704], [995058.2389, 1814647.5689], [995059, 1814665] ] ] }",2025-09-24
2014105,2013,보행노인,30110004,대전광역시 동구4,대전광역시 동구 삼성동(삼성사거리 부근),3,3,0,2,1,0,36.338226,127.429709,"{ type: Polygon, coordinates: [ [ [993892, 1815651], [993891.2389, 1815668.4311], [993888.9616, 1815685.7296], [993885.1852, 1815702.7638], [993879.9385, 1815719.404], [993873.2616, 1815735.5237], [993865.2051, 1815751], [993855.8304, 1815765.7153], [993845.2089, 1815779.5575], [993833.4214, 1815792.4214], [993820.5575, 1815804.2089], [993806.7153, 1815814.8304], [993792, 1815824.2051], [993776.5237, 1815832.2616], [993760.404, 1815838.9385], [993743.7638, 1815844.1852], [993726.7296, 1815847.9616], [993709.4311, 1815850.2389], [993692, 1815851], [993674.5689, 1815850.2389], [993657.2704, 1815847.9616], [993640.2362, 1815844.1852], [993623.596, 1815838.9385], [993607.4763, 1815832.2616], [993592, 1815824.2051], [993577.2847, 1815814.8304], [993563.4425, 1815804.2089], [993550.5786, 1815792.4214], [993538.7911, 1815779.5575], [993528.1696, 1815765.7153], [993518.7949, 1815751], [993510.7384, 1815735.5237], [993504.0615, 1815719.404], [993498.8148, 1815702.7638], [993495.0384, 1815685.7296], [993492.7611, 1815668.4311], [993492, 1815651], [993492.7611, 1815633.5689], [993495.0384, 1815616.2704], [993498.8148, 1815599.2362], [993504.0615, 1815582.596], [993510.7384, 1815566.4763], [993518.7949, 1815551], [993528.1696, 1815536.2847], [993538.7911, 1815522.4425], [993550.5786, 1815509.5786], [993563.4425, 1815497.7911], [993577.2847, 1815487.1696], [993592, 1815477.7949], [993607.4763, 1815469.7384], [993623.596, 1815463.0615], [993640.2362, 1815457.8148], [993657.2704, 1815454.0384], [993674.5689, 1815451.7611], [993692, 1815451], [993709.4311, 1815451.7611], [993726.7296, 1815454.0384], [993743.7638, 1815457.8148], [993760.404, 1815463.0615], [993776.5237, 1815469.7384], [993792, 1815477.7949], [993806.7153, 1815487.1696], [993820.5575, 1815497.7911], [993833.4214, 1815509.5786], [993845.2089, 1815522.4425], [993855.8304, 1815536.2847], [993865.2051, 1815551], [993873.2616, 1815566.4763], [993879.9385, 1815582.596], [993885.1852, 1815599.2362], [993888.9616, 1815616.2704], [993891.2389, 1815633.5689], [993892, 1815651] ] ] }",2025-09-24
2014105,2013,보행노인,30110005,대전광역시 동구5,대전광역시 동구 성남동(성남네거리 부근),3,3,0,2,1,0,36.340717,127.43599,"{ type: Polygon, coordinates: [ [ [994455.8418, 1815926.8667], [994455.0808, 1815944.2979], [994452.8034, 1815961.5964], [994449.027, 1815978.6305], [994443.7804, 1815995.2708], [994437.1034, 1816011.3904], [994429.0469, 1816026.8667], [994419.6723, 1816041.582], [994409.0507, 1816055.4243], [994397.2632, 1816068.2881], [994384.3994, 1816080.0756], [994370.5571, 1816090.6971], [994355.8418, 1816100.0718], [994340.3655, 1816108.1283], [994324.2459, 1816114.8053], [994307.6057, 1816120.0519], [994290.5715, 1816123.8283], [994273.273, 1816126.1057], [994255.8418, 1816126.8667], [994238.4107, 1816126.1057], [994221.1122, 1816123.8283], [994204.078, 1816120.0519], [994187.4378, 1816114.8053], [994171.3182, 1816108.1283], [994155.8418, 1816100.0718], [994141.1266, 1816090.6971], [994127.2843, 1816080.0756], [994114.4205, 1816068.2881], [994102.633, 1816055.4243], [994092.0114, 1816041.582], [994082.6368, 1816026.8667], [994074.5803, 1816011.3904], [994067.9033, 1815995.2708], [994062.6567, 1815978.6305], [994058.8803, 1815961.5964], [994056.6029, 1815944.2979], [994055.8418, 1815926.8667], [994056.6029, 1815909.4356], [994058.8803, 1815892.1371], [994062.6567, 1815875.1029], [994067.9033, 1815858.4627], [994074.5803, 1815842.3431], [994082.6368, 1815826.8667], [994092.0114, 1815812.1514], [994102.633, 1815798.3092], [994114.4205, 1815785.4454], [994127.2843, 1815773.6578], [994141.1266, 1815763.0363], [994155.8418, 1815753.6617], [994171.3182, 1815745.6052], [994187.4378, 1815738.9282], [994204.078, 1815733.6816], [994221.1122, 1815729.9052], [994238.4107, 1815727.6278], [994255.8418, 1815726.8667], [994273.273, 1815727.6278], [994290.5715, 1815729.9052], [994307.6057, 1815733.6816], [994324.2459, 1815738.9282], [994340.3655, 1815745.6052], [994355.8418, 1815753.6617], [994370.5571, 1815763.0363], [994384.3994, 1815773.6578], [994397.2632, 1815785.4454], [994409.0507, 1815798.3092], [994419.6723, 1815812.1514], [994429.0469, 1815826.8667], [994437.1034, 1815842.3431], [994443.7804, 1815858.4627], [994449.027, 1815875.1029], [994452.8034, 1815892.1371], [994455.0808, 1815909.4356], [994455.8418, 1815926.8667] ] ] }",2025-09-24
2014105,2013,보행노인,30140001,대전광역시 중구1,대전광역시 중구 태평동(가장교 부근),3,4,1,2,1,0,36.326379,127.392562,"{ type: Polygon, coordinates: [ [ [990556.9253, 1814340.0249], [990556.1643, 1814357.456], [990553.8869, 1814374.7545], [990550.1105, 1814391.7887], [990544.8638, 1814408.4289], [990538.1869, 1814424.5485], [990530.1304, 1814440.0249], [990520.7557, 1814454.7402], [990510.1342, 1814468.5824], [990498.3467, 1814481.4462], [990485.4828, 1814493.2338], [990471.6406, 1814503.8553], [990456.9253, 1814513.23], [990441.449, 1814521.2864], [990425.3294, 1814527.9634], [990408.6891, 1814533.2101], [990391.655, 1814536.9864], [990374.3565, 1814539.2638], [990356.9253, 1814540.0249], [990339.4942, 1814539.2638], [990322.1957, 1814536.9864], [990305.1615, 1814533.2101], [990288.5213, 1814527.9634], [990272.4017, 1814521.2864], [990256.9253, 1814513.23], [990242.21, 1814503.8553], [990228.3678, 1814493.2338], [990215.504, 1814481.4462], [990203.7164, 1814468.5824], [990193.0949, 1814454.7402], [990183.7202, 1814440.0249], [990175.6638, 1814424.5485], [990168.9868, 1814408.4289], [990163.7402, 1814391.7887], [990159.9638, 1814374.7545], [990157.6864, 1814357.456], [990156.9253, 1814340.0249], [990157.6864, 1814322.5937], [990159.9638, 1814305.2953], [990163.7402, 1814288.2611], [990168.9868, 1814271.6209], [990175.6638, 1814255.5012], [990183.7202, 1814240.0249], [990193.0949, 1814225.3096], [990203.7164, 1814211.4674], [990215.504, 1814198.6035], [990228.3678, 1814186.816], [990242.21, 1814176.1945], [990256.9253, 1814166.8198], [990272.4017, 1814158.7633], [990288.5213, 1814152.0864], [990305.1615, 1814146.8397], [990322.1957, 1814143.0633], [990339.4942, 1814140.786], [990356.9253, 1814140.0249], [990374.3565, 1814140.786], [990391.655, 1814143.0633], [990408.6891, 1814146.8397], [990425.3294, 1814152.0864], [990441.449, 1814158.7633], [990456.9253, 1814166.8198], [990471.6406, 1814176.1945], [990485.4828, 1814186.816], [990498.3467, 1814198.6035], [990510.1342, 1814211.4674], [990520.7557, 1814225.3096], [990530.1304, 1814240.0249], [990538.1869, 1814255.5012], [990544.8638, 1814271.6209], [990550.1105, 1814288.2611], [990553.8869, 1814305.2953], [990556.1643, 1814322.5937], [990556.9253, 1814340.0249] ] ] }",2025-09-24
2014105,2013,보행노인,30140002,대전광역시 중구2,대전광역시 중구 옥계동(교량생성 부근),3,3,0,3,0,0,36.297536,127.455778,"{ type: Polygon, coordinates: [ [ [996229.3832, 1811136.2084], [996228.6221, 1811153.6396], [996226.3448, 1811170.9381], [996222.5684, 1811187.9723], [996217.3217, 1811204.6125], [996210.6448, 1811220.7321], [996202.5883, 1811236.2084], [996193.2136, 1811250.9237], [996182.5921, 1811264.766], [996170.8046, 1811277.6298], [996157.9407, 1811289.4173], [996144.0985, 1811300.0389], [996129.3832, 1811309.4135], [996113.9069, 1811317.47], [996097.7872, 1811324.147], [996081.147, 1811329.3936], [996064.1128, 1811333.17], [996046.8144, 1811335.4474], [996029.3832, 1811336.2084], [996011.9521, 1811335.4474], [995994.6536, 1811333.17], [995977.6194, 1811329.3936], [995960.9792, 1811324.147], [995944.8595, 1811317.47], [995929.3832, 1811309.4135], [995914.6679, 1811300.0389], [995900.8257, 1811289.4173], [995887.9618, 1811277.6298], [995876.1743, 1811264.766], [995865.5528, 1811250.9237], [995856.1781, 1811236.2084], [995848.1216, 1811220.7321], [995841.4447, 1811204.6125], [995836.198, 1811187.9723], [995832.4217, 1811170.9381], [995830.1443, 1811153.6396], [995829.3832, 1811136.2084], [995830.1443, 1811118.7773], [995832.4217, 1811101.4788], [995836.198, 1811084.4446], [995841.4447, 1811067.8044], [995848.1216, 1811051.6848], [995856.1781, 1811036.2084], [995865.5528, 1811021.4932], [995876.1743, 1811007.6509], [995887.9618, 1810994.7871], [995900.8257, 1810982.9996], [995914.6679, 1810972.378], [995929.3832, 1810963.0034], [995944.8595, 1810954.9469], [995960.9792, 1810948.2699], [995977.6194, 1810943.0233], [995994.6536, 1810939.2469], [996011.9521, 1810936.9695], [996029.3832, 1810936.2084], [996046.8144, 1810936.9695], [996064.1128, 1810939.2469], [996081.147, 1810943.0233], [996097.7872, 1810948.2699], [996113.9069, 1810954.9469], [996129.3832, 1810963.0034], [996144.0985, 1810972.378], [996157.9407, 1810982.9996], [996170.8046, 1810994.7871], [996182.5921, 1811007.6509], [996193.2136, 1811021.4932], [996202.5883, 1811036.2084], [996210.6448, 1811051.6848], [996217.3217, 1811067.8044], [996222.5684, 1811084.4446], [996226.3448, 1811101.4788], [996228.6221, 1811118.7773], [996229.3832, 1811136.2084] ] ] }",2025-09-24
2014105,2013,보행노인,30140003,대전광역시 중구3,대전광역시 중구 문화동(대전일보네거리 부근),3,3,0,1,2,0,36.320762,127.41444,"{ type: Polygon, coordinates: [ [ [992520, 1813715], [992519.2389, 1813732.4311], [992516.9616, 1813749.7296], [992513.1852, 1813766.7638], [992507.9385, 1813783.404], [992501.2616, 1813799.5237], [992493.2051, 1813815], [992483.8304, 1813829.7153], [992473.2089, 1813843.5575], [992461.4214, 1813856.4214], [992448.5575, 1813868.2089], [992434.7153, 1813878.8304], [992420, 1813888.2051], [992404.5237, 1813896.2616], [992388.404, 1813902.9385], [992371.7638, 1813908.1852], [992354.7296, 1813911.9616], [992337.4311, 1813914.2389], [992320, 1813915], [992302.5689, 1813914.2389], [992285.2704, 1813911.9616], [992268.2362, 1813908.1852], [992251.596, 1813902.9385], [992235.4763, 1813896.2616], [992220, 1813888.2051], [992205.2847, 1813878.8304], [992191.4425, 1813868.2089], [992178.5786, 1813856.4214], [992166.7911, 1813843.5575], [992156.1696, 1813829.7153], [992146.7949, 1813815], [992138.7384, 1813799.5237], [992132.0615, 1813783.404], [992126.8148, 1813766.7638], [992123.0384, 1813749.7296], [992120.7611, 1813732.4311], [992120, 1813715], [992120.7611, 1813697.5689], [992123.0384, 1813680.2704], [992126.8148, 1813663.2362], [992132.0615, 1813646.596], [992138.7384, 1813630.4763], [992146.7949, 1813615], [992156.1696, 1813600.2847], [992166.7911, 1813586.4425], [992178.5786, 1813573.5786], [992191.4425, 1813561.7911], [992205.2847, 1813551.1696], [992220, 1813541.7949], [992235.4763, 1813533.7384], [992251.596, 1813527.0615], [992268.2362, 1813521.8148], [992285.2704, 1813518.0384], [992302.5689, 1813515.7611], [992320, 1813515], [992337.4311, 1813515.7611], [992354.7296, 1813518.0384], [992371.7638, 1813521.8148], [992388.404, 1813527.0615], [992404.5237, 1813533.7384], [992420, 1813541.7949], [992434.7153, 1813551.1696], [992448.5575, 1813561.7911], [992461.4214, 1813573.5786], [992473.2089, 1813586.4425], [992483.8304, 1813600.2847], [992493.2051, 1813615], [992501.2616, 1813630.4763], [992507.9385, 1813646.596], [992513.1852, 1813663.2362], [992516.9616, 1813680.2704], [992519.2389, 1813697.5689], [992520, 1813715] ] ] }",2025-09-24
2014105,2013,보행노인,30170001,대전광역시 서구1,대전광역시 서구 갈마동(갈마네거리 부근),3,3,1,1,1,0,36.35281,127.369157,"{ type: Polygon, coordinates: [ [ [988460.2, 1817274.3], [988459.4389, 1817291.7311], [988457.1616, 1817309.0296], [988453.3852, 1817326.0638], [988448.1385, 1817342.704], [988441.4616, 1817358.8237], [988433.4051, 1817374.3], [988424.0304, 1817389.0153], [988413.4089, 1817402.8575], [988401.6214, 1817415.7214], [988388.7575, 1817427.5089], [988374.9153, 1817438.1304], [988360.2, 1817447.5051], [988344.7237, 1817455.5616], [988328.604, 1817462.2385], [988311.9638, 1817467.4852], [988294.9296, 1817471.2616], [988277.6311, 1817473.5389], [988260.2, 1817474.3], [988242.7689, 1817473.5389], [988225.4704, 1817471.2616], [988208.4362, 1817467.4852], [988191.796, 1817462.2385], [988175.6763, 1817455.5616], [988160.2, 1817447.5051], [988145.4847, 1817438.1304], [988131.6425, 1817427.5089], [988118.7786, 1817415.7214], [988106.9911, 1817402.8575], [988096.3696, 1817389.0153], [988086.9949, 1817374.3], [988078.9384, 1817358.8237], [988072.2615, 1817342.704], [988067.0148, 1817326.0638], [988063.2384, 1817309.0296], [988060.9611, 1817291.7311], [988060.2, 1817274.3], [988060.9611, 1817256.8689], [988063.2384, 1817239.5704], [988067.0148, 1817222.5362], [988072.2615, 1817205.896], [988078.9384, 1817189.7763], [988086.9949, 1817174.3], [988096.3696, 1817159.5847], [988106.9911, 1817145.7425], [988118.7786, 1817132.8786], [988131.6425, 1817121.0911], [988145.4847, 1817110.4696], [988160.2, 1817101.0949], [988175.6763, 1817093.0384], [988191.796, 1817086.3615], [988208.4362, 1817081.1148], [988225.4704, 1817077.3384], [988242.7689, 1817075.0611], [988260.2, 1817074.3], [988277.6311, 1817075.0611], [988294.9296, 1817077.3384], [988311.9638, 1817081.1148], [988328.604, 1817086.3615], [988344.7237, 1817093.0384], [988360.2, 1817101.0949], [988374.9153, 1817110.4696], [988388.7575, 1817121.0911], [988401.6214, 1817132.8786], [988413.4089, 1817145.7425], [988424.0304, 1817159.5847], [988433.4051, 1817174.3], [988441.4616, 1817189.7763], [988448.1385, 1817205.896], [988453.3852, 1817222.5362], [988457.1616, 1817239.5704], [988459.4389, 1817256.8689], [988460.2, 1817274.3] ] ] }",2025-09-24
2014105,2013,보행노인,30170002,대전광역시 서구2,대전광역시 서구 탄방동(국민연금관리공단대전지사 부근),3,3,0,2,1,0,36.344543,127.380725,"{ type: Polygon, coordinates: [ [ [989497, 1816356], [989496.2389, 1816373.4311], [989493.9616, 1816390.7296], [989490.1852, 1816407.7638], [989484.9385, 1816424.404], [989478.2616, 1816440.5237], [989470.2051, 1816456], [989460.8304, 1816470.7153], [989450.2089, 1816484.5575], [989438.4214, 1816497.4214], [989425.5575, 1816509.2089], [989411.7153, 1816519.8304], [989397, 1816529.2051], [989381.5237, 1816537.2616], [989365.404, 1816543.9385], [989348.7638, 1816549.1852], [989331.7296, 1816552.9616], [989314.4311, 1816555.2389], [989297, 1816556], [989279.5689, 1816555.2389], [989262.2704, 1816552.9616], [989245.2362, 1816549.1852], [989228.596, 1816543.9385], [989212.4763, 1816537.2616], [989197, 1816529.2051], [989182.2847, 1816519.8304], [989168.4425, 1816509.2089], [989155.5786, 1816497.4214], [989143.7911, 1816484.5575], [989133.1696, 1816470.7153], [989123.7949, 1816456], [989115.7384, 1816440.5237], [989109.0615, 1816424.404], [989103.8148, 1816407.7638], [989100.0384, 1816390.7296], [989097.7611, 1816373.4311], [989097, 1816356], [989097.7611, 1816338.5689], [989100.0384, 1816321.2704], [989103.8148, 1816304.2362], [989109.0615, 1816287.596], [989115.7384, 1816271.4763], [989123.7949, 1816256], [989133.1696, 1816241.2847], [989143.7911, 1816227.4425], [989155.5786, 1816214.5786], [989168.4425, 1816202.7911], [989182.2847, 1816192.1696], [989197, 1816182.7949], [989212.4763, 1816174.7384], [989228.596, 1816168.0615], [989245.2362, 1816162.8148], [989262.2704, 1816159.0384], [989279.5689, 1816156.7611], [989297, 1816156], [989314.4311, 1816156.7611], [989331.7296, 1816159.0384], [989348.7638, 1816162.8148], [989365.404, 1816168.0615], [989381.5237, 1816174.7384], [989397, 1816182.7949], [989411.7153, 1816192.1696], [989425.5575, 1816202.7911], [989438.4214, 1816214.5786], [989450.2089, 1816227.4425], [989460.8304, 1816241.2847], [989470.2051, 1816256], [989478.2616, 1816271.4763], [989484.9385, 1816287.596], [989490.1852, 1816304.2362], [989493.9616, 1816321.2704], [989496.2389, 1816338.5689], [989497, 1816356] ] ] }",2025-09-24
2014105,2013,보행노인,30170003,대전광역시 서구3,대전광역시 서구 변동(번동오거리 부근),3,3,0,1,2,0,36.328036,127.381029,"{ type: Polygon, coordinates: [ [ [989522, 1814525], [989521.2389, 1814542.4311], [989518.9616, 1814559.7296], [989515.1852, 1814576.7638], [989509.9385, 1814593.404], [989503.2616, 1814609.5237], [989495.2051, 1814625], [989485.8304, 1814639.7153], [989475.2089, 1814653.5575], [989463.4214, 1814666.4214], [989450.5575, 1814678.2089], [989436.7153, 1814688.8304], [989422, 1814698.2051], [989406.5237, 1814706.2616], [989390.404, 1814712.9385], [989373.7638, 1814718.1852], [989356.7296, 1814721.9616], [989339.4311, 1814724.2389], [989322, 1814725], [989304.5689, 1814724.2389], [989287.2704, 1814721.9616], [989270.2362, 1814718.1852], [989253.596, 1814712.9385], [989237.4763, 1814706.2616], [989222, 1814698.2051], [989207.2847, 1814688.8304], [989193.4425, 1814678.2089], [989180.5786, 1814666.4214], [989168.7911, 1814653.5575], [989158.1696, 1814639.7153], [989148.7949, 1814625], [989140.7384, 1814609.5237], [989134.0615, 1814593.404], [989128.8148, 1814576.7638], [989125.0384, 1814559.7296], [989122.7611, 1814542.4311], [989122, 1814525], [989122.7611, 1814507.5689], [989125.0384, 1814490.2704], [989128.8148, 1814473.2362], [989134.0615, 1814456.596], [989140.7384, 1814440.4763], [989148.7949, 1814425], [989158.1696, 1814410.2847], [989168.7911, 1814396.4425], [989180.5786, 1814383.5786], [989193.4425, 1814371.7911], [989207.2847, 1814361.1696], [989222, 1814351.7949], [989237.4763, 1814343.7384], [989253.596, 1814337.0615], [989270.2362, 1814331.8148], [989287.2704, 1814328.0384], [989304.5689, 1814325.7611], [989322, 1814325], [989339.4311, 1814325.7611], [989356.7296, 1814328.0384], [989373.7638, 1814331.8148], [989390.404, 1814337.0615], [989406.5237, 1814343.7384], [989422, 1814351.7949], [989436.7153, 1814361.1696], [989450.5575, 1814371.7911], [989463.4214, 1814383.5786], [989475.2089, 1814396.4425], [989485.8304, 1814410.2847], [989495.2051, 1814425], [989503.2616, 1814440.4763], [989509.9385, 1814456.596], [989515.1852, 1814473.2362], [989518.9616, 1814490.2704], [989521.2389, 1814507.5689], [989522, 1814525] ] ] }",2025-09-24
2014105,2013,보행노인,30200001,대전광역시 유성구1,대전광역시 유성구 전민동(세종아파트 부근),4,4,0,3,1,0,36.40017,127.404233,"{ type: Polygon, coordinates: [ [ [991612.6082, 1822523.9085], [991611.8472, 1822541.3396], [991609.5698, 1822558.6381], [991605.7934, 1822575.6723], [991600.5468, 1822592.3125], [991593.8698, 1822608.4321], [991585.8133, 1822623.9085], [991576.4387, 1822638.6238], [991565.8171, 1822652.466], [991554.0296, 1822665.3298], [991541.1658, 1822677.1174], [991527.3235, 1822687.7389], [991512.6082, 1822697.1136], [991497.1319, 1822705.17], [991481.0123, 1822711.847], [991464.3721, 1822717.0936], [991447.3379, 1822720.87], [991430.0394, 1822723.1474], [991412.6082, 1822723.9085], [991395.1771, 1822723.1474], [991377.8786, 1822720.87], [991360.8444, 1822717.0936], [991344.2042, 1822711.847], [991328.0846, 1822705.17], [991312.6082, 1822697.1136], [991297.893, 1822687.7389], [991284.0507, 1822677.1174], [991271.1869, 1822665.3298], [991259.3994, 1822652.466], [991248.7778, 1822638.6238], [991239.4032, 1822623.9085], [991231.3467, 1822608.4321], [991224.6697, 1822592.3125], [991219.4231, 1822575.6723], [991215.6467, 1822558.6381], [991213.3693, 1822541.3396], [991212.6082, 1822523.9085], [991213.3693, 1822506.4773], [991215.6467, 1822489.1788], [991219.4231, 1822472.1447], [991224.6697, 1822455.5044], [991231.3467, 1822439.3848], [991239.4032, 1822423.9085], [991248.7778, 1822409.1932], [991259.3994, 1822395.351], [991271.1869, 1822382.4871], [991284.0507, 1822370.6996], [991297.893, 1822360.0781], [991312.6082, 1822350.7034], [991328.0846, 1822342.6469], [991344.2042, 1822335.97], [991360.8444, 1822330.7233], [991377.8786, 1822326.9469], [991395.1771, 1822324.6695], [991412.6082, 1822323.9085], [991430.0394, 1822324.6695], [991447.3379, 1822326.9469], [991464.3721, 1822330.7233], [991481.0123, 1822335.97], [991497.1319, 1822342.6469], [991512.6082, 1822350.7034], [991527.3235, 1822360.0781], [991541.1658, 1822370.6996], [991554.0296, 1822382.4871], [991565.8171, 1822395.351], [991576.4387, 1822409.1932], [991585.8133, 1822423.9085], [991593.8698, 1822439.3848], [991600.5468, 1822455.5044], [991605.7934, 1822472.1447], [991609.5698, 1822489.1788], [991611.8472, 1822506.4773], [991612.6082, 1822523.9085] ] ] }",2025-09-24
2014105,2013,보행노인,30230001,대전광역시 대덕구1,대전광역시 대덕구 비래동(대덕구견인차량보관소 부근),3,3,1,2,0,0,36.351404,127.441689,"{ type: Polygon, coordinates: [ [ [994968, 1817112], [994967.2389, 1817129.4311], [994964.9616, 1817146.7296], [994961.1852, 1817163.7638], [994955.9385, 1817180.404], [994949.2616, 1817196.5237], [994941.2051, 1817212], [994931.8304, 1817226.7153], [994921.2089, 1817240.5575], [994909.4214, 1817253.4214], [994896.5575, 1817265.2089], [994882.7153, 1817275.8304], [994868, 1817285.2051], [994852.5237, 1817293.2616], [994836.404, 1817299.9385], [994819.7638, 1817305.1852], [994802.7296, 1817308.9616], [994785.4311, 1817311.2389], [994768, 1817312], [994750.5689, 1817311.2389], [994733.2704, 1817308.9616], [994716.2362, 1817305.1852], [994699.596, 1817299.9385], [994683.4763, 1817293.2616], [994668, 1817285.2051], [994653.2847, 1817275.8304], [994639.4425, 1817265.2089], [994626.5786, 1817253.4214], [994614.7911, 1817240.5575], [994604.1696, 1817226.7153], [994594.7949, 1817212], [994586.7384, 1817196.5237], [994580.0615, 1817180.404], [994574.8148, 1817163.7638], [994571.0384, 1817146.7296], [994568.7611, 1817129.4311], [994568, 1817112], [994568.7611, 1817094.5689], [994571.0384, 1817077.2704], [994574.8148, 1817060.2362], [994580.0615, 1817043.596], [994586.7384, 1817027.4763], [994594.7949, 1817012], [994604.1696, 1816997.2847], [994614.7911, 1816983.4425], [994626.5786, 1816970.5786], [994639.4425, 1816958.7911], [994653.2847, 1816948.1696], [994668, 1816938.7949], [994683.4763, 1816930.7384], [994699.596, 1816924.0615], [994716.2362, 1816918.8148], [994733.2704, 1816915.0384], [994750.5689, 1816912.7611], [994768, 1816912], [994785.4311, 1816912.7611], [994802.7296, 1816915.0384], [994819.7638, 1816918.8148], [994836.404, 1816924.0615], [994852.5237, 1816930.7384], [994868, 1816938.7949], [994882.7153, 1816948.1696], [994896.5575, 1816958.7911], [994909.4214, 1816970.5786], [994921.2089, 1816983.4425], [994931.8304, 1816997.2847], [994941.2051, 1817012], [994949.2616, 1817027.4763], [994955.9385, 1817043.596], [994961.1852, 1817060.2362], [994964.9616, 1817077.2704], [994967.2389, 1817094.5689], [994968, 1817112] ] ] }",2025-09-24
2014109,2013,자전거,30110001,대전광역시 동구1,대전광역시 동구 성남동(용전네거리 부근),5,22,0,3,15,4,36.347396,127.432398,"{ type: Polygon, coordinates: [ [ [994134, 1816668], [994133.2389, 1816685.4311], [994130.9616, 1816702.7296], [994127.1852, 1816719.7638], [994121.9385, 1816736.404], [994115.2616, 1816752.5237], [994107.2051, 1816768], [994097.8304, 1816782.7153], [994087.2089, 1816796.5575], [994075.4214, 1816809.4214], [994062.5575, 1816821.2089], [994048.7153, 1816831.8304], [994034, 1816841.2051], [994018.5237, 1816849.2616], [994002.404, 1816855.9385], [993985.7638, 1816861.1852], [993968.7296, 1816864.9616], [993951.4311, 1816867.2389], [993934, 1816868], [993916.5689, 1816867.2389], [993899.2704, 1816864.9616], [993882.2362, 1816861.1852], [993865.596, 1816855.9385], [993849.4763, 1816849.2616], [993834, 1816841.2051], [993819.2847, 1816831.8304], [993805.4425, 1816821.2089], [993792.5786, 1816809.4214], [993780.7911, 1816796.5575], [993770.1696, 1816782.7153], [993760.7949, 1816768], [993752.7384, 1816752.5237], [993746.0615, 1816736.404], [993740.8148, 1816719.7638], [993737.0384, 1816702.7296], [993734.7611, 1816685.4311], [993734, 1816668], [993734.7611, 1816650.5689], [993737.0384, 1816633.2704], [993740.8148, 1816616.2362], [993746.0615, 1816599.596], [993752.7384, 1816583.4763], [993760.7949, 1816568], [993770.1696, 1816553.2847], [993780.7911, 1816539.4425], [993792.5786, 1816526.5786], [993805.4425, 1816514.7911], [993819.2847, 1816504.1696], [993834, 1816494.7949], [993849.4763, 1816486.7384], [993865.596, 1816480.0615], [993882.2362, 1816474.8148], [993899.2704, 1816471.0384], [993916.5689, 1816468.7611], [993934, 1816468], [993951.4311, 1816468.7611], [993968.7296, 1816471.0384], [993985.7638, 1816474.8148], [994002.404, 1816480.0615], [994018.5237, 1816486.7384], [994034, 1816494.7949], [994048.7153, 1816504.1696], [994062.5575, 1816514.7911], [994075.4214, 1816526.5786], [994087.2089, 1816539.4425], [994097.8304, 1816553.2847], [994107.2051, 1816568], [994115.2616, 1816583.4763], [994121.9385, 1816599.596], [994127.1852, 1816616.2362], [994130.9616, 1816633.2704], [994133.2389, 1816650.5689], [994134, 1816668] ] ] }",2025-09-24
2014109,2013,자전거,30110002,대전광역시 동구2,대전광역시 동구 인동(한국음식업중앙회대전지회동구지부 부근),4,4,0,2,2,0,36.323003,127.437276,"{ type: Polygon, coordinates: [ [ [994570, 1813962], [994569.2389, 1813979.4311], [994566.9616, 1813996.7296], [994563.1852, 1814013.7638], [994557.9385, 1814030.404], [994551.2616, 1814046.5237], [994543.2051, 1814062], [994533.8304, 1814076.7153], [994523.2089, 1814090.5575], [994511.4214, 1814103.4214], [994498.5575, 1814115.2089], [994484.7153, 1814125.8304], [994470, 1814135.2051], [994454.5237, 1814143.2616], [994438.404, 1814149.9385], [994421.7638, 1814155.1852], [994404.7296, 1814158.9616], [994387.4311, 1814161.2389], [994370, 1814162], [994352.5689, 1814161.2389], [994335.2704, 1814158.9616], [994318.2362, 1814155.1852], [994301.596, 1814149.9385], [994285.4763, 1814143.2616], [994270, 1814135.2051], [994255.2847, 1814125.8304], [994241.4425, 1814115.2089], [994228.5786, 1814103.4214], [994216.7911, 1814090.5575], [994206.1696, 1814076.7153], [994196.7949, 1814062], [994188.7384, 1814046.5237], [994182.0615, 1814030.404], [994176.8148, 1814013.7638], [994173.0384, 1813996.7296], [994170.7611, 1813979.4311], [994170, 1813962], [994170.7611, 1813944.5689], [994173.0384, 1813927.2704], [994176.8148, 1813910.2362], [994182.0615, 1813893.596], [994188.7384, 1813877.4763], [994196.7949, 1813862], [994206.1696, 1813847.2847], [994216.7911, 1813833.4425], [994228.5786, 1813820.5786], [994241.4425, 1813808.7911], [994255.2847, 1813798.1696], [994270, 1813788.7949], [994285.4763, 1813780.7384], [994301.596, 1813774.0615], [994318.2362, 1813768.8148], [994335.2704, 1813765.0384], [994352.5689, 1813762.7611], [994370, 1813762], [994387.4311, 1813762.7611], [994404.7296, 1813765.0384], [994421.7638, 1813768.8148], [994438.404, 1813774.0615], [994454.5237, 1813780.7384], [994470, 1813788.7949], [994484.7153, 1813798.1696], [994498.5575, 1813808.7911], [994511.4214, 1813820.5786], [994523.2089, 1813833.4425], [994533.8304, 1813847.2847], [994543.2051, 1813862], [994551.2616, 1813877.4763], [994557.9385, 1813893.596], [994563.1852, 1813910.2362], [994566.9616, 1813927.2704], [994569.2389, 1813944.5689], [994570, 1813962] ] ] }",2025-09-24
2014109,2013,자전거,30110003,대전광역시 동구3,대전광역시 동구 삼성동(삼성사거리 부근),4,4,0,2,2,0,36.337538,127.429867,"{ type: Polygon, coordinates: [ [ [993906.1333, 1815574.7252], [993905.3722, 1815592.1563], [993903.0948, 1815609.4548], [993899.3184, 1815626.489], [993894.0718, 1815643.1292], [993887.3948, 1815659.2488], [993879.3383, 1815674.7252], [993869.9637, 1815689.4405], [993859.3422, 1815703.2827], [993847.5546, 1815716.1465], [993834.6908, 1815727.9341], [993820.8486, 1815738.5556], [993806.1333, 1815747.9303], [993790.6569, 1815755.9867], [993774.5373, 1815762.6637], [993757.8971, 1815767.9103], [993740.8629, 1815771.6867], [993723.5644, 1815773.9641], [993706.1333, 1815774.7252], [993688.7021, 1815773.9641], [993671.4036, 1815771.6867], [993654.3695, 1815767.9103], [993637.7292, 1815762.6637], [993621.6096, 1815755.9867], [993606.1333, 1815747.9303], [993591.418, 1815738.5556], [993577.5757, 1815727.9341], [993564.7119, 1815716.1465], [993552.9244, 1815703.2827], [993542.3029, 1815689.4405], [993532.9282, 1815674.7252], [993524.8717, 1815659.2488], [993518.1947, 1815643.1292], [993512.9481, 1815626.489], [993509.1717, 1815609.4548], [993506.8943, 1815592.1563], [993506.1333, 1815574.7252], [993506.8943, 1815557.294], [993509.1717, 1815539.9955], [993512.9481, 1815522.9614], [993518.1947, 1815506.3211], [993524.8717, 1815490.2015], [993532.9282, 1815474.7252], [993542.3029, 1815460.0099], [993552.9244, 1815446.1676], [993564.7119, 1815433.3038], [993577.5757, 1815421.5163], [993591.418, 1815410.8948], [993606.1333, 1815401.5201], [993621.6096, 1815393.4636], [993637.7292, 1815386.7866], [993654.3695, 1815381.54], [993671.4036, 1815377.7636], [993688.7021, 1815375.4862], [993706.1333, 1815374.7252], [993723.5644, 1815375.4862], [993740.8629, 1815377.7636], [993757.8971, 1815381.54], [993774.5373, 1815386.7866], [993790.6569, 1815393.4636], [993806.1333, 1815401.5201], [993820.8486, 1815410.8948], [993834.6908, 1815421.5163], [993847.5546, 1815433.3038], [993859.3422, 1815446.1676], [993869.9637, 1815460.0099], [993879.3383, 1815474.7252], [993887.3948, 1815490.2015], [993894.0718, 1815506.3211], [993899.3184, 1815522.9614], [993903.0948, 1815539.9955], [993905.3722, 1815557.294], [993906.1333, 1815574.7252] ] ] }",2025-09-24
2014109,2013,자전거,30140001,대전광역시 중구1,대전광역시 중구 오류동(동서로네거리 부근),4,4,0,3,1,0,36.328509,127.405562,"{ type: Polygon, coordinates: [ [ [991724, 1814575], [991723.2389, 1814592.4311], [991720.9616, 1814609.7296], [991717.1852, 1814626.7638], [991711.9385, 1814643.404], [991705.2616, 1814659.5237], [991697.2051, 1814675], [991687.8304, 1814689.7153], [991677.2089, 1814703.5575], [991665.4214, 1814716.4214], [991652.5575, 1814728.2089], [991638.7153, 1814738.8304], [991624, 1814748.2051], [991608.5237, 1814756.2616], [991592.404, 1814762.9385], [991575.7638, 1814768.1852], [991558.7296, 1814771.9616], [991541.4311, 1814774.2389], [991524, 1814775], [991506.5689, 1814774.2389], [991489.2704, 1814771.9616], [991472.2362, 1814768.1852], [991455.596, 1814762.9385], [991439.4763, 1814756.2616], [991424, 1814748.2051], [991409.2847, 1814738.8304], [991395.4425, 1814728.2089], [991382.5786, 1814716.4214], [991370.7911, 1814703.5575], [991360.1696, 1814689.7153], [991350.7949, 1814675], [991342.7384, 1814659.5237], [991336.0615, 1814643.404], [991330.8148, 1814626.7638], [991327.0384, 1814609.7296], [991324.7611, 1814592.4311], [991324, 1814575], [991324.7611, 1814557.5689], [991327.0384, 1814540.2704], [991330.8148, 1814523.2362], [991336.0615, 1814506.596], [991342.7384, 1814490.4763], [991350.7949, 1814475], [991360.1696, 1814460.2847], [991370.7911, 1814446.4425], [991382.5786, 1814433.5786], [991395.4425, 1814421.7911], [991409.2847, 1814411.1696], [991424, 1814401.7949], [991439.4763, 1814393.7384], [991455.596, 1814387.0615], [991472.2362, 1814381.8148], [991489.2704, 1814378.0384], [991506.5689, 1814375.7611], [991524, 1814375], [991541.4311, 1814375.7611], [991558.7296, 1814378.0384], [991575.7638, 1814381.8148], [991592.404, 1814387.0615], [991608.5237, 1814393.7384], [991624, 1814401.7949], [991638.7153, 1814411.1696], [991652.5575, 1814421.7911], [991665.4214, 1814433.5786], [991677.2089, 1814446.4425], [991687.8304, 1814460.2847], [991697.2051, 1814475], [991705.2616, 1814490.4763], [991711.9385, 1814506.596], [991717.1852, 1814523.2362], [991720.9616, 1814540.2704], [991723.2389, 1814557.5689], [991724, 1814575] ] ] }",2025-09-24
2014109,2013,자전거,30170001,대전광역시 서구1,대전광역시 서구 괴정동((주)부스타에자니어링 부근),5,5,1,1,3,0,36.34297,127.383845,"{ type: Polygon, coordinates: [ [ [989776.6998, 1816181.1584], [989775.9387, 1816198.5896], [989773.6613, 1816215.888], [989769.8849, 1816232.9222], [989764.6383, 1816249.5624], [989757.9613, 1816265.6821], [989749.9049, 1816281.1584], [989740.5302, 1816295.8737], [989729.9087, 1816309.7159], [989718.1211, 1816322.5798], [989705.2573, 1816334.3673], [989691.4151, 1816344.9888], [989676.6998, 1816354.3635], [989661.2234, 1816362.42], [989645.1038, 1816369.0969], [989628.4636, 1816374.3436], [989611.4294, 1816378.12], [989594.1309, 1816380.3974], [989576.6998, 1816381.1584], [989559.2686, 1816380.3974], [989541.9701, 1816378.12], [989524.936, 1816374.3436], [989508.2957, 1816369.0969], [989492.1761, 1816362.42], [989476.6998, 1816354.3635], [989461.9845, 1816344.9888], [989448.1422, 1816334.3673], [989435.2784, 1816322.5798], [989423.4909, 1816309.7159], [989412.8694, 1816295.8737], [989403.4947, 1816281.1584], [989395.4382, 1816265.6821], [989388.7612, 1816249.5624], [989383.5146, 1816232.9222], [989379.7382, 1816215.888], [989377.4608, 1816198.5896], [989376.6998, 1816181.1584], [989377.4608, 1816163.7273], [989379.7382, 1816146.4288], [989383.5146, 1816129.3946], [989388.7612, 1816112.7544], [989395.4382, 1816096.6348], [989403.4947, 1816081.1584], [989412.8694, 1816066.4431], [989423.4909, 1816052.6009], [989435.2784, 1816039.7371], [989448.1422, 1816027.9495], [989461.9845, 1816017.328], [989476.6998, 1816007.9533], [989492.1761, 1815999.8969], [989508.2957, 1815993.2199], [989524.936, 1815987.9732], [989541.9701, 1815984.1969], [989559.2686, 1815981.9195], [989576.6998, 1815981.1584], [989594.1309, 1815981.9195], [989611.4294, 1815984.1969], [989628.4636, 1815987.9732], [989645.1038, 1815993.2199], [989661.2234, 1815999.8969], [989676.6998, 1816007.9533], [989691.4151, 1816017.328], [989705.2573, 1816027.9495], [989718.1211, 1816039.7371], [989729.9087, 1816052.6009], [989740.5302, 1816066.4431], [989749.9049, 1816081.1584], [989757.9613, 1816096.6348], [989764.6383, 1816112.7544], [989769.8849, 1816129.3946], [989773.6613, 1816146.4288], [989775.9387, 1816163.7273], [989776.6998, 1816181.1584] ] ] }",2025-09-24
2014109,2013,자전거,30170002,대전광역시 서구2,대전광역시 서구 둔산동(시립미술관 부근),4,4,0,3,1,0,36.367537,127.387724,"{ type: Polygon, coordinates: [ [ [990128, 1818905.8164], [990127.2389, 1818923.2476], [990124.9615, 1818940.5461], [990121.1851, 1818957.5802], [990115.9385, 1818974.2205], [990109.2615, 1818990.3401], [990101.205, 1819005.8164], [990091.8304, 1819020.5317], [990081.2088, 1819034.3739], [990069.4213, 1819047.2378], [990056.5575, 1819059.0253], [990042.7152, 1819069.6468], [990028, 1819079.0215], [990012.5236, 1819087.078], [989996.404, 1819093.7549], [989979.7638, 1819099.0016], [989962.7296, 1819102.778], [989945.4311, 1819105.0554], [989928, 1819105.8164], [989910.5688, 1819105.0554], [989893.2703, 1819102.778], [989876.2361, 1819099.0016], [989859.5959, 1819093.7549], [989843.4763, 1819087.078], [989828, 1819079.0215], [989813.2847, 1819069.6468], [989799.4424, 1819059.0253], [989786.5786, 1819047.2378], [989774.7911, 1819034.3739], [989764.1695, 1819020.5317], [989754.7949, 1819005.8164], [989746.7384, 1818990.3401], [989740.0614, 1818974.2205], [989734.8148, 1818957.5802], [989731.0384, 1818940.5461], [989728.761, 1818923.2476], [989728, 1818905.8164], [989728.761, 1818888.3853], [989731.0384, 1818871.0868], [989734.8148, 1818854.0526], [989740.0614, 1818837.4124], [989746.7384, 1818821.2928], [989754.7949, 1818805.8164], [989764.1695, 1818791.1011], [989774.7911, 1818777.2589], [989786.5786, 1818764.3951], [989799.4424, 1818752.6075], [989813.2847, 1818741.986], [989828, 1818732.6113], [989843.4763, 1818724.5549], [989859.5959, 1818717.8779], [989876.2361, 1818712.6313], [989893.2703, 1818708.8549], [989910.5688, 1818706.5775], [989928, 1818705.8164], [989945.4311, 1818706.5775], [989962.7296, 1818708.8549], [989979.7638, 1818712.6313], [989996.404, 1818717.8779], [990012.5236, 1818724.5549], [990028, 1818732.6113], [990042.7152, 1818741.986], [990056.5575, 1818752.6075], [990069.4213, 1818764.3951], [990081.2088, 1818777.2589], [990091.8304, 1818791.1011], [990101.205, 1818805.8164], [990109.2615, 1818821.2928], [990115.9385, 1818837.4124], [990121.1851, 1818854.0526], [990124.9615, 1818871.0868], [990127.2389, 1818888.3853], [990128, 1818905.8164] ] ] }",2025-09-24
2014109,2013,자전거,30170003,대전광역시 서구3,대전광역시 서구 만년동(구몬학습공문교육연구원(주)둔산지국 부근),4,4,0,1,3,0,36.351212,127.388421,"{ type: Polygon, coordinates: [ [ [990188.4164, 1817094.8841], [990187.6554, 1817112.3153], [990185.378, 1817129.6138], [990181.6016, 1817146.6479], [990176.3549, 1817163.2882], [990169.678, 1817179.4078], [990161.6215, 1817194.8841], [990152.2468, 1817209.5994], [990141.6253, 1817223.4416], [990129.8378, 1817236.3055], [990116.9739, 1817248.093], [990103.1317, 1817258.7145], [990088.4164, 1817268.0892], [990072.9401, 1817276.1457], [990056.8205, 1817282.8226], [990040.1802, 1817288.0693], [990023.1461, 1817291.8457], [990005.8476, 1817294.1231], [989988.4164, 1817294.8841], [989970.9853, 1817294.1231], [989953.6868, 1817291.8457], [989936.6526, 1817288.0693], [989920.0124, 1817282.8226], [989903.8928, 1817276.1457], [989888.4164, 1817268.0892], [989873.7011, 1817258.7145], [989859.8589, 1817248.093], [989846.9951, 1817236.3055], [989835.2075, 1817223.4416], [989824.586, 1817209.5994], [989815.2113, 1817194.8841], [989807.1549, 1817179.4078], [989800.4779, 1817163.2882], [989795.2313, 1817146.6479], [989791.4549, 1817129.6138], [989789.1775, 1817112.3153], [989788.4164, 1817094.8841], [989789.1775, 1817077.453], [989791.4549, 1817060.1545], [989795.2313, 1817043.1203], [989800.4779, 1817026.4801], [989807.1549, 1817010.3605], [989815.2113, 1816994.8841], [989824.586, 1816980.1688], [989835.2075, 1816966.3266], [989846.9951, 1816953.4628], [989859.8589, 1816941.6752], [989873.7011, 1816931.0537], [989888.4164, 1816921.679], [989903.8928, 1816913.6226], [989920.0124, 1816906.9456], [989936.6526, 1816901.699], [989953.6868, 1816897.9226], [989970.9853, 1816895.6452], [989988.4164, 1816894.8841], [990005.8476, 1816895.6452], [990023.1461, 1816897.9226], [990040.1802, 1816901.699], [990056.8205, 1816906.9456], [990072.9401, 1816913.6226], [990088.4164, 1816921.679], [990103.1317, 1816931.0537], [990116.9739, 1816941.6752], [990129.8378, 1816953.4628], [990141.6253, 1816966.3266], [990152.2468, 1816980.1688], [990161.6215, 1816994.8841], [990169.678, 1817010.3605], [990176.3549, 1817026.4801], [990181.6016, 1817043.1203], [990185.378, 1817060.1545], [990187.6554, 1817077.453], [990188.4164, 1817094.8841] ] ] }",2025-09-24
2014109,2013,자전거,30200001,대전광역시 유성구1,대전광역시 유성구 송강동(한길치과의원 부근),4,4,0,1,3,0,36.435964,127.38661,"{ type: Polygon, coordinates: [ [ [990037, 1826496], [990036.2389, 1826513.4311], [990033.9616, 1826530.7296], [990030.1852, 1826547.7638], [990024.9385, 1826564.404], [990018.2616, 1826580.5237], [990010.2051, 1826596], [990000.8304, 1826610.7153], [989990.2089, 1826624.5575], [989978.4214, 1826637.4214], [989965.5575, 1826649.2089], [989951.7153, 1826659.8304], [989937, 1826669.2051], [989921.5237, 1826677.2616], [989905.404, 1826683.9385], [989888.7638, 1826689.1852], [989871.7296, 1826692.9616], [989854.4311, 1826695.2389], [989837, 1826696], [989819.5689, 1826695.2389], [989802.2704, 1826692.9616], [989785.2362, 1826689.1852], [989768.596, 1826683.9385], [989752.4763, 1826677.2616], [989737, 1826669.2051], [989722.2847, 1826659.8304], [989708.4425, 1826649.2089], [989695.5786, 1826637.4214], [989683.7911, 1826624.5575], [989673.1696, 1826610.7153], [989663.7949, 1826596], [989655.7384, 1826580.5237], [989649.0615, 1826564.404], [989643.8148, 1826547.7638], [989640.0384, 1826530.7296], [989637.7611, 1826513.4311], [989637, 1826496], [989637.7611, 1826478.5689], [989640.0384, 1826461.2704], [989643.8148, 1826444.2362], [989649.0615, 1826427.596], [989655.7384, 1826411.4763], [989663.7949, 1826396], [989673.1696, 1826381.2847], [989683.7911, 1826367.4425], [989695.5786, 1826354.5786], [989708.4425, 1826342.7911], [989722.2847, 1826332.1696], [989737, 1826322.7949], [989752.4763, 1826314.7384], [989768.596, 1826308.0615], [989785.2362, 1826302.8148], [989802.2704, 1826299.0384], [989819.5689, 1826296.7611], [989837, 1826296], [989854.4311, 1826296.7611], [989871.7296, 1826299.0384], [989888.7638, 1826302.8148], [989905.404, 1826308.0615], [989921.5237, 1826314.7384], [989937, 1826322.7949], [989951.7153, 1826332.1696], [989965.5575, 1826342.7911], [989978.4214, 1826354.5786], [989990.2089, 1826367.4425], [990000.8304, 1826381.2847], [990010.2051, 1826396], [990018.2616, 1826411.4763], [990024.9385, 1826427.596], [990030.1852, 1826444.2362], [990033.9616, 1826461.2704], [990036.2389, 1826478.5689], [990037, 1826496] ] ] }",2025-09-24
2014110,2013,보행어린이,30110001,대전광역시 동구1,대전광역시 동구 가양동(천양D.C마트 부근),4,4,0,0,4,0,36.353111,127.448603,"{ type: Polygon, coordinates: [ [ [995588.4501, 1817300.9585], [995587.689, 1817318.3897], [995585.4116, 1817335.6881], [995581.6353, 1817352.7223], [995576.3886, 1817369.3625], [995569.7116, 1817385.4822], [995561.6552, 1817400.9585], [995552.2805, 1817415.6738], [995541.659, 1817429.516], [995529.8714, 1817442.3799], [995517.0076, 1817454.1674], [995503.1654, 1817464.7889], [995488.4501, 1817474.1636], [995472.9737, 1817482.2201], [995456.8541, 1817488.897], [995440.2139, 1817494.1437], [995423.1797, 1817497.9201], [995405.8812, 1817500.1975], [995388.4501, 1817500.9585], [995371.0189, 1817500.1975], [995353.7205, 1817497.9201], [995336.6863, 1817494.1437], [995320.0461, 1817488.897], [995303.9264, 1817482.2201], [995288.4501, 1817474.1636], [995273.7348, 1817464.7889], [995259.8926, 1817454.1674], [995247.0287, 1817442.3799], [995235.2412, 1817429.516], [995224.6197, 1817415.6738], [995215.245, 1817400.9585], [995207.1885, 1817385.4822], [995200.5116, 1817369.3625], [995195.2649, 1817352.7223], [995191.4885, 1817335.6881], [995189.2111, 1817318.3897], [995188.4501, 1817300.9585], [995189.2111, 1817283.5274], [995191.4885, 1817266.2289], [995195.2649, 1817249.1947], [995200.5116, 1817232.5545], [995207.1885, 1817216.4349], [995215.245, 1817200.9585], [995224.6197, 1817186.2432], [995235.2412, 1817172.401], [995247.0287, 1817159.5372], [995259.8926, 1817147.7496], [995273.7348, 1817137.1281], [995288.4501, 1817127.7534], [995303.9264, 1817119.697], [995320.0461, 1817113.02], [995336.6863, 1817107.7733], [995353.7205, 1817103.997], [995371.0189, 1817101.7196], [995388.4501, 1817100.9585], [995405.8812, 1817101.7196], [995423.1797, 1817103.997], [995440.2139, 1817107.7733], [995456.8541, 1817113.02], [995472.9737, 1817119.697], [995488.4501, 1817127.7534], [995503.1654, 1817137.1281], [995517.0076, 1817147.7496], [995529.8714, 1817159.5372], [995541.659, 1817172.401], [995552.2805, 1817186.2432], [995561.6552, 1817200.9585], [995569.7116, 1817216.4349], [995576.3886, 1817232.5545], [995581.6353, 1817249.1947], [995585.4116, 1817266.2289], [995587.689, 1817283.5274], [995588.4501, 1817300.9585] ] ] }",2025-09-24
2014110,2013,보행어린이,30140001,대전광역시 중구1,대전광역시 중구 태평동(태평교 부근),3,3,0,2,1,0,36.32245,127.388786,"{ type: Polygon, coordinates: [ [ [990217.525, 1813904.5668], [990216.764, 1813921.9979], [990214.4866, 1813939.2964], [990210.7102, 1813956.3306], [990205.4635, 1813972.9708], [990198.7866, 1813989.0904], [990190.7301, 1814004.5668], [990181.3554, 1814019.282], [990170.7339, 1814033.1243], [990158.9464, 1814045.9881], [990146.0825, 1814057.7756], [990132.2403, 1814068.3972], [990117.525, 1814077.7718], [990102.0487, 1814085.8283], [990085.929, 1814092.5053], [990069.2888, 1814097.7519], [990052.2547, 1814101.5283], [990034.9562, 1814103.8057], [990017.525, 1814104.5668], [990000.0939, 1814103.8057], [989982.7954, 1814101.5283], [989965.7612, 1814097.7519], [989949.121, 1814092.5053], [989933.0014, 1814085.8283], [989917.525, 1814077.7718], [989902.8097, 1814068.3972], [989888.9675, 1814057.7756], [989876.1037, 1814045.9881], [989864.3161, 1814033.1243], [989853.6946, 1814019.282], [989844.3199, 1814004.5668], [989836.2635, 1813989.0904], [989829.5865, 1813972.9708], [989824.3399, 1813956.3306], [989820.5635, 1813939.2964], [989818.2861, 1813921.9979], [989817.525, 1813904.5668], [989818.2861, 1813887.1356], [989820.5635, 1813869.8371], [989824.3399, 1813852.803], [989829.5865, 1813836.1627], [989836.2635, 1813820.0431], [989844.3199, 1813804.5668], [989853.6946, 1813789.8515], [989864.3161, 1813776.0092], [989876.1037, 1813763.1454], [989888.9675, 1813751.3579], [989902.8097, 1813740.7364], [989917.525, 1813731.3617], [989933.0014, 1813723.3052], [989949.121, 1813716.6282], [989965.7612, 1813711.3816], [989982.7954, 1813707.6052], [990000.0939, 1813705.3278], [990017.525, 1813704.5668], [990034.9562, 1813705.3278], [990052.2547, 1813707.6052], [990069.2888, 1813711.3816], [990085.929, 1813716.6282], [990102.0487, 1813723.3052], [990117.525, 1813731.3617], [990132.2403, 1813740.7364], [990146.0825, 1813751.3579], [990158.9464, 1813763.1454], [990170.7339, 1813776.0092], [990181.3554, 1813789.8515], [990190.7301, 1813804.5668], [990198.7866, 1813820.0431], [990205.4635, 1813836.1627], [990210.7102, 1813852.803], [990214.4866, 1813869.8371], [990216.764, 1813887.1356], [990217.525, 1813904.5668] ] ] }",2025-09-24
2014110,2013,보행어린이,30170001,대전광역시 서구1,대전광역시 서구 갈마동(갈마초등학교B 부근),3,3,0,2,1,0,36.354491,127.369144,"{ type: Polygon, coordinates: [ [ [988459.3083, 1817460.8164], [988458.5472, 1817478.2476], [988456.2698, 1817495.5461], [988452.4934, 1817512.5803], [988447.2468, 1817529.2205], [988440.5698, 1817545.3401], [988432.5134, 1817560.8164], [988423.1387, 1817575.5317], [988412.5172, 1817589.374], [988400.7296, 1817602.2378], [988387.8658, 1817614.0253], [988374.0236, 1817624.6469], [988359.3083, 1817634.0215], [988343.8319, 1817642.078], [988327.7123, 1817648.755], [988311.0721, 1817654.0016], [988294.0379, 1817657.778], [988276.7394, 1817660.0554], [988259.3083, 1817660.8164], [988241.8771, 1817660.0554], [988224.5786, 1817657.778], [988207.5445, 1817654.0016], [988190.9042, 1817648.755], [988174.7846, 1817642.078], [988159.3083, 1817634.0215], [988144.593, 1817624.6469], [988130.7508, 1817614.0253], [988117.8869, 1817602.2378], [988106.0994, 1817589.374], [988095.4779, 1817575.5317], [988086.1032, 1817560.8164], [988078.0467, 1817545.3401], [988071.3697, 1817529.2205], [988066.1231, 1817512.5803], [988062.3467, 1817495.5461], [988060.0693, 1817478.2476], [988059.3083, 1817460.8164], [988060.0693, 1817443.3853], [988062.3467, 1817426.0868], [988066.1231, 1817409.0526], [988071.3697, 1817392.4124], [988078.0467, 1817376.2928], [988086.1032, 1817360.8164], [988095.4779, 1817346.1012], [988106.0994, 1817332.2589], [988117.8869, 1817319.3951], [988130.7508, 1817307.6076], [988144.593, 1817296.986], [988159.3083, 1817287.6114], [988174.7846, 1817279.5549], [988190.9042, 1817272.8779], [988207.5445, 1817267.6313], [988224.5786, 1817263.8549], [988241.8771, 1817261.5775], [988259.3083, 1817260.8164], [988276.7394, 1817261.5775], [988294.0379, 1817263.8549], [988311.0721, 1817267.6313], [988327.7123, 1817272.8779], [988343.8319, 1817279.5549], [988359.3083, 1817287.6114], [988374.0236, 1817296.986], [988387.8658, 1817307.6076], [988400.7296, 1817319.3951], [988412.5172, 1817332.2589], [988423.1387, 1817346.1012], [988432.5134, 1817360.8164], [988440.5698, 1817376.2928], [988447.2468, 1817392.4124], [988452.4934, 1817409.0526], [988456.2698, 1817426.0868], [988458.5472, 1817443.3853], [988459.3083, 1817460.8164] ] ] }",2025-09-24
2014110,2013,보행어린이,30230001,대전광역시 대덕구1,대전광역시 대덕구 비래동(일품향 부근),3,3,0,1,2,0,36.356927,127.454023,"{ type: Polygon, coordinates: [ [ [996075, 1817724], [996074.2389, 1817741.4311], [996071.9616, 1817758.7296], [996068.1852, 1817775.7638], [996062.9385, 1817792.404], [996056.2616, 1817808.5237], [996048.2051, 1817824], [996038.8304, 1817838.7153], [996028.2089, 1817852.5575], [996016.4214, 1817865.4214], [996003.5575, 1817877.2089], [995989.7153, 1817887.8304], [995975, 1817897.2051], [995959.5237, 1817905.2616], [995943.404, 1817911.9385], [995926.7638, 1817917.1852], [995909.7296, 1817920.9616], [995892.4311, 1817923.2389], [995875, 1817924], [995857.5689, 1817923.2389], [995840.2704, 1817920.9616], [995823.2362, 1817917.1852], [995806.596, 1817911.9385], [995790.4763, 1817905.2616], [995775, 1817897.2051], [995760.2847, 1817887.8304], [995746.4425, 1817877.2089], [995733.5786, 1817865.4214], [995721.7911, 1817852.5575], [995711.1696, 1817838.7153], [995701.7949, 1817824], [995693.7384, 1817808.5237], [995687.0615, 1817792.404], [995681.8148, 1817775.7638], [995678.0384, 1817758.7296], [995675.7611, 1817741.4311], [995675, 1817724], [995675.7611, 1817706.5689], [995678.0384, 1817689.2704], [995681.8148, 1817672.2362], [995687.0615, 1817655.596], [995693.7384, 1817639.4763], [995701.7949, 1817624], [995711.1696, 1817609.2847], [995721.7911, 1817595.4425], [995733.5786, 1817582.5786], [995746.4425, 1817570.7911], [995760.2847, 1817560.1696], [995775, 1817550.7949], [995790.4763, 1817542.7384], [995806.596, 1817536.0615], [995823.2362, 1817530.8148], [995840.2704, 1817527.0384], [995857.5689, 1817524.7611], [995875, 1817524], [995892.4311, 1817524.7611], [995909.7296, 1817527.0384], [995926.7638, 1817530.8148], [995943.404, 1817536.0615], [995959.5237, 1817542.7384], [995975, 1817550.7949], [995989.7153, 1817560.1696], [996003.5575, 1817570.7911], [996016.4214, 1817582.5786], [996028.2089, 1817595.4425], [996038.8304, 1817609.2847], [996048.2051, 1817624], [996056.2616, 1817639.4763], [996062.9385, 1817655.596], [996068.1852, 1817672.2362], [996071.9616, 1817689.2704], [996074.2389, 1817706.5689], [996075, 1817724] ] ] }",2025-09-24
2014110,2013,보행어린이,30230002,대전광역시 대덕구2,대전광역시 대덕구 송촌동(송촌신협 부근),3,3,0,0,3,0,36.364406,127.444667,"{ type: Polygon, coordinates: [ [ [995236, 1818554], [995235.2389, 1818571.4311], [995232.9616, 1818588.7296], [995229.1852, 1818605.7638], [995223.9385, 1818622.404], [995217.2616, 1818638.5237], [995209.2051, 1818654], [995199.8304, 1818668.7153], [995189.2089, 1818682.5575], [995177.4214, 1818695.4214], [995164.5575, 1818707.2089], [995150.7153, 1818717.8304], [995136, 1818727.2051], [995120.5237, 1818735.2616], [995104.404, 1818741.9385], [995087.7638, 1818747.1852], [995070.7296, 1818750.9616], [995053.4311, 1818753.2389], [995036, 1818754], [995018.5689, 1818753.2389], [995001.2704, 1818750.9616], [994984.2362, 1818747.1852], [994967.596, 1818741.9385], [994951.4763, 1818735.2616], [994936, 1818727.2051], [994921.2847, 1818717.8304], [994907.4425, 1818707.2089], [994894.5786, 1818695.4214], [994882.7911, 1818682.5575], [994872.1696, 1818668.7153], [994862.7949, 1818654], [994854.7384, 1818638.5237], [994848.0615, 1818622.404], [994842.8148, 1818605.7638], [994839.0384, 1818588.7296], [994836.7611, 1818571.4311], [994836, 1818554], [994836.7611, 1818536.5689], [994839.0384, 1818519.2704], [994842.8148, 1818502.2362], [994848.0615, 1818485.596], [994854.7384, 1818469.4763], [994862.7949, 1818454], [994872.1696, 1818439.2847], [994882.7911, 1818425.4425], [994894.5786, 1818412.5786], [994907.4425, 1818400.7911], [994921.2847, 1818390.1696], [994936, 1818380.7949], [994951.4763, 1818372.7384], [994967.596, 1818366.0615], [994984.2362, 1818360.8148], [995001.2704, 1818357.0384], [995018.5689, 1818354.7611], [995036, 1818354], [995053.4311, 1818354.7611], [995070.7296, 1818357.0384], [995087.7638, 1818360.8148], [995104.404, 1818366.0615], [995120.5237, 1818372.7384], [995136, 1818380.7949], [995150.7153, 1818390.1696], [995164.5575, 1818400.7911], [995177.4214, 1818412.5786], [995189.2089, 1818425.4425], [995199.8304, 1818439.2847], [995209.2051, 1818454], [995217.2616, 1818469.4763], [995223.9385, 1818485.596], [995229.1852, 1818502.2362], [995232.9616, 1818519.2704], [995235.2389, 1818536.5689], [995236, 1818554] ] ] }",2025-09-24
2015046,2014,자전거,30110001,대전광역시 동구1,대전광역시 동구 가양동(동부네거리 부근),5,5,0,3,2,0,36.351107,127.442325,"{ type: Polygon, coordinates: [ [ [995025, 1817079], [995024.2389, 1817096.4311], [995021.9616, 1817113.7296], [995018.1852, 1817130.7638], [995012.9385, 1817147.404], [995006.2616, 1817163.5237], [994998.2051, 1817179], [994988.8304, 1817193.7153], [994978.2089, 1817207.5575], [994966.4214, 1817220.4214], [994953.5575, 1817232.2089], [994939.7153, 1817242.8304], [994925, 1817252.2051], [994909.5237, 1817260.2616], [994893.404, 1817266.9385], [994876.7638, 1817272.1852], [994859.7296, 1817275.9616], [994842.4311, 1817278.2389], [994825, 1817279], [994807.5689, 1817278.2389], [994790.2704, 1817275.9616], [994773.2362, 1817272.1852], [994756.596, 1817266.9385], [994740.4763, 1817260.2616], [994725, 1817252.2051], [994710.2847, 1817242.8304], [994696.4425, 1817232.2089], [994683.5786, 1817220.4214], [994671.7911, 1817207.5575], [994661.1696, 1817193.7153], [994651.7949, 1817179], [994643.7384, 1817163.5237], [994637.0615, 1817147.404], [994631.8148, 1817130.7638], [994628.0384, 1817113.7296], [994625.7611, 1817096.4311], [994625, 1817079], [994625.7611, 1817061.5689], [994628.0384, 1817044.2704], [994631.8148, 1817027.2362], [994637.0615, 1817010.596], [994643.7384, 1816994.4763], [994651.7949, 1816979], [994661.1696, 1816964.2847], [994671.7911, 1816950.4425], [994683.5786, 1816937.5786], [994696.4425, 1816925.7911], [994710.2847, 1816915.1696], [994725, 1816905.7949], [994740.4763, 1816897.7384], [994756.596, 1816891.0615], [994773.2362, 1816885.8148], [994790.2704, 1816882.0384], [994807.5689, 1816879.7611], [994825, 1816879], [994842.4311, 1816879.7611], [994859.7296, 1816882.0384], [994876.7638, 1816885.8148], [994893.404, 1816891.0615], [994909.5237, 1816897.7384], [994925, 1816905.7949], [994939.7153, 1816915.1696], [994953.5575, 1816925.7911], [994966.4214, 1816937.5786], [994978.2089, 1816950.4425], [994988.8304, 1816964.2847], [994998.2051, 1816979], [995006.2616, 1816994.4763], [995012.9385, 1817010.596], [995018.1852, 1817027.2362], [995021.9616, 1817044.2704], [995024.2389, 1817061.5689], [995025, 1817079] ] ] }",2025-09-24
2015046,2014,자전거,30110002,대전광역시 동구2,대전광역시 동구 홍도동(용전네거리 부근),5,5,0,2,3,0,36.348198,127.431918,"{ type: Polygon, coordinates: [ [ [994091, 1816757], [994090.2389, 1816774.4311], [994087.9616, 1816791.7296], [994084.1852, 1816808.7638], [994078.9385, 1816825.404], [994072.2616, 1816841.5237], [994064.2051, 1816857], [994054.8304, 1816871.7153], [994044.2089, 1816885.5575], [994032.4214, 1816898.4214], [994019.5575, 1816910.2089], [994005.7153, 1816920.8304], [993991, 1816930.2051], [993975.5237, 1816938.2616], [993959.404, 1816944.9385], [993942.7638, 1816950.1852], [993925.7296, 1816953.9616], [993908.4311, 1816956.2389], [993891, 1816957], [993873.5689, 1816956.2389], [993856.2704, 1816953.9616], [993839.2362, 1816950.1852], [993822.596, 1816944.9385], [993806.4763, 1816938.2616], [993791, 1816930.2051], [993776.2847, 1816920.8304], [993762.4425, 1816910.2089], [993749.5786, 1816898.4214], [993737.7911, 1816885.5575], [993727.1696, 1816871.7153], [993717.7949, 1816857], [993709.7384, 1816841.5237], [993703.0615, 1816825.404], [993697.8148, 1816808.7638], [993694.0384, 1816791.7296], [993691.7611, 1816774.4311], [993691, 1816757], [993691.7611, 1816739.5689], [993694.0384, 1816722.2704], [993697.8148, 1816705.2362], [993703.0615, 1816688.596], [993709.7384, 1816672.4763], [993717.7949, 1816657], [993727.1696, 1816642.2847], [993737.7911, 1816628.4425], [993749.5786, 1816615.5786], [993762.4425, 1816603.7911], [993776.2847, 1816593.1696], [993791, 1816583.7949], [993806.4763, 1816575.7384], [993822.596, 1816569.0615], [993839.2362, 1816563.8148], [993856.2704, 1816560.0384], [993873.5689, 1816557.7611], [993891, 1816557], [993908.4311, 1816557.7611], [993925.7296, 1816560.0384], [993942.7638, 1816563.8148], [993959.404, 1816569.0615], [993975.5237, 1816575.7384], [993991, 1816583.7949], [994005.7153, 1816593.1696], [994019.5575, 1816603.7911], [994032.4214, 1816615.5786], [994044.2089, 1816628.4425], [994054.8304, 1816642.2847], [994064.2051, 1816657], [994072.2616, 1816672.4763], [994078.9385, 1816688.596], [994084.1852, 1816705.2362], [994087.9616, 1816722.2704], [994090.2389, 1816739.5689], [994091, 1816757] ] ] }",2025-09-24
2015046,2014,자전거,30140001,대전광역시 중구1,대전광역시 중구 대흥동(대흥사거리 부근),6,6,0,5,1,0,36.324145,127.42778,"{ type: Polygon, coordinates: [ [ [993717.7664, 1814089.2668], [993717.0053, 1814106.6979], [993714.728, 1814123.9964], [993710.9516, 1814141.0306], [993705.7049, 1814157.6708], [993699.028, 1814173.7904], [993690.9715, 1814189.2668], [993681.5968, 1814203.9821], [993670.9753, 1814217.8243], [993659.1878, 1814230.6881], [993646.3239, 1814242.4757], [993632.4817, 1814253.0972], [993617.7664, 1814262.4719], [993602.2901, 1814270.5283], [993586.1704, 1814277.2053], [993569.5302, 1814282.452], [993552.496, 1814286.2283], [993535.1976, 1814288.5057], [993517.7664, 1814289.2668], [993500.3353, 1814288.5057], [993483.0368, 1814286.2283], [993466.0026, 1814282.452], [993449.3624, 1814277.2053], [993433.2428, 1814270.5283], [993417.7664, 1814262.4719], [993403.0511, 1814253.0972], [993389.2089, 1814242.4757], [993376.345, 1814230.6881], [993364.5575, 1814217.8243], [993353.936, 1814203.9821], [993344.5613, 1814189.2668], [993336.5048, 1814173.7904], [993329.8279, 1814157.6708], [993324.5812, 1814141.0306], [993320.8049, 1814123.9964], [993318.5275, 1814106.6979], [993317.7664, 1814089.2668], [993318.5275, 1814071.8356], [993320.8049, 1814054.5371], [993324.5812, 1814037.503], [993329.8279, 1814020.8628], [993336.5048, 1814004.7431], [993344.5613, 1813989.2668], [993353.936, 1813974.5515], [993364.5575, 1813960.7093], [993376.345, 1813947.8454], [993389.2089, 1813936.0579], [993403.0511, 1813925.4364], [993417.7664, 1813916.0617], [993433.2428, 1813908.0052], [993449.3624, 1813901.3283], [993466.0026, 1813896.0816], [993483.0368, 1813892.3052], [993500.3353, 1813890.0278], [993517.7664, 1813889.2668], [993535.1976, 1813890.0278], [993552.496, 1813892.3052], [993569.5302, 1813896.0816], [993586.1704, 1813901.3283], [993602.2901, 1813908.0052], [993617.7664, 1813916.0617], [993632.4817, 1813925.4364], [993646.3239, 1813936.0579], [993659.1878, 1813947.8454], [993670.9753, 1813960.7093], [993681.5968, 1813974.5515], [993690.9715, 1813989.2668], [993699.028, 1814004.7431], [993705.7049, 1814020.8628], [993710.9516, 1814037.503], [993714.728, 1814054.5371], [993717.0053, 1814071.8356], [993717.7664, 1814089.2668] ] ] }",2025-09-24
2015046,2014,자전거,30140002,대전광역시 중구2,대전광역시 중구 용두동(오류사거리 부근),6,6,0,4,2,0,36.328863,127.4023,"{ type: Polygon, coordinates: [ [ [991431.1916, 1814614.5419], [991430.4305, 1814631.973], [991428.1532, 1814649.2715], [991424.3768, 1814666.3057], [991419.1301, 1814682.9459], [991412.4532, 1814699.0655], [991404.3967, 1814714.5419], [991395.022, 1814729.2572], [991384.4005, 1814743.0994], [991372.613, 1814755.9632], [991359.7491, 1814767.7508], [991345.9069, 1814778.3723], [991331.1916, 1814787.7469], [991315.7153, 1814795.8034], [991299.5956, 1814802.4804], [991282.9554, 1814807.727], [991265.9212, 1814811.5034], [991248.6227, 1814813.7808], [991231.1916, 1814814.5419], [991213.7605, 1814813.7808], [991196.462, 1814811.5034], [991179.4278, 1814807.727], [991162.7876, 1814802.4804], [991146.6679, 1814795.8034], [991131.1916, 1814787.7469], [991116.4763, 1814778.3723], [991102.6341, 1814767.7508], [991089.7702, 1814755.9632], [991077.9827, 1814743.0994], [991067.3612, 1814729.2572], [991057.9865, 1814714.5419], [991049.93, 1814699.0655], [991043.2531, 1814682.9459], [991038.0064, 1814666.3057], [991034.2301, 1814649.2715], [991031.9527, 1814631.973], [991031.1916, 1814614.5419], [991031.9527, 1814597.1107], [991034.2301, 1814579.8122], [991038.0064, 1814562.7781], [991043.2531, 1814546.1378], [991049.93, 1814530.0182], [991057.9865, 1814514.5419], [991067.3612, 1814499.8266], [991077.9827, 1814485.9843], [991089.7702, 1814473.1205], [991102.6341, 1814461.333], [991116.4763, 1814450.7115], [991131.1916, 1814441.3368], [991146.6679, 1814433.2803], [991162.7876, 1814426.6033], [991179.4278, 1814421.3567], [991196.462, 1814417.5803], [991213.7605, 1814415.3029], [991231.1916, 1814414.5419], [991248.6227, 1814415.3029], [991265.9212, 1814417.5803], [991282.9554, 1814421.3567], [991299.5956, 1814426.6033], [991315.7153, 1814433.2803], [991331.1916, 1814441.3368], [991345.9069, 1814450.7115], [991359.7491, 1814461.333], [991372.613, 1814473.1205], [991384.4005, 1814485.9843], [991395.022, 1814499.8266], [991404.3967, 1814514.5419], [991412.4532, 1814530.0182], [991419.1301, 1814546.1378], [991424.3768, 1814562.7781], [991428.1532, 1814579.8122], [991430.4305, 1814597.1107], [991431.1916, 1814614.5419] ] ] }",2025-09-24
2015046,2014,자전거,30140003,대전광역시 중구3,대전광역시 중구 석교동(대광빌딩 부근),4,4,0,2,2,0,36.302256,127.451683,"{ type: Polygon, coordinates: [ [ [995862, 1811660], [995861.2389, 1811677.4311], [995858.9616, 1811694.7296], [995855.1852, 1811711.7638], [995849.9385, 1811728.404], [995843.2616, 1811744.5237], [995835.2051, 1811760], [995825.8304, 1811774.7153], [995815.2089, 1811788.5575], [995803.4214, 1811801.4214], [995790.5575, 1811813.2089], [995776.7153, 1811823.8304], [995762, 1811833.2051], [995746.5237, 1811841.2616], [995730.404, 1811847.9385], [995713.7638, 1811853.1852], [995696.7296, 1811856.9616], [995679.4311, 1811859.2389], [995662, 1811860], [995644.5689, 1811859.2389], [995627.2704, 1811856.9616], [995610.2362, 1811853.1852], [995593.596, 1811847.9385], [995577.4763, 1811841.2616], [995562, 1811833.2051], [995547.2847, 1811823.8304], [995533.4425, 1811813.2089], [995520.5786, 1811801.4214], [995508.7911, 1811788.5575], [995498.1696, 1811774.7153], [995488.7949, 1811760], [995480.7384, 1811744.5237], [995474.0615, 1811728.404], [995468.8148, 1811711.7638], [995465.0384, 1811694.7296], [995462.7611, 1811677.4311], [995462, 1811660], [995462.7611, 1811642.5689], [995465.0384, 1811625.2704], [995468.8148, 1811608.2362], [995474.0615, 1811591.596], [995480.7384, 1811575.4763], [995488.7949, 1811560], [995498.1696, 1811545.2847], [995508.7911, 1811531.4425], [995520.5786, 1811518.5786], [995533.4425, 1811506.7911], [995547.2847, 1811496.1696], [995562, 1811486.7949], [995577.4763, 1811478.7384], [995593.596, 1811472.0615], [995610.2362, 1811466.8148], [995627.2704, 1811463.0384], [995644.5689, 1811460.7611], [995662, 1811460], [995679.4311, 1811460.7611], [995696.7296, 1811463.0384], [995713.7638, 1811466.8148], [995730.404, 1811472.0615], [995746.5237, 1811478.7384], [995762, 1811486.7949], [995776.7153, 1811496.1696], [995790.5575, 1811506.7911], [995803.4214, 1811518.5786], [995815.2089, 1811531.4425], [995825.8304, 1811545.2847], [995835.2051, 1811560], [995843.2616, 1811575.4763], [995849.9385, 1811591.596], [995855.1852, 1811608.2362], [995858.9616, 1811625.2704], [995861.2389, 1811642.5689], [995862, 1811660] ] ] }",2025-09-24
2015046,2014,자전거,30140004,대전광역시 중구4,대전광역시 중구 오류동(서대전네거리 부근),4,4,0,1,3,0,36.322708,127.411853,"{ type: Polygon, coordinates: [ [ [992288, 1813931], [992287.2389, 1813948.4311], [992284.9616, 1813965.7296], [992281.1852, 1813982.7638], [992275.9385, 1813999.404], [992269.2616, 1814015.5237], [992261.2051, 1814031], [992251.8304, 1814045.7153], [992241.2089, 1814059.5575], [992229.4214, 1814072.4214], [992216.5575, 1814084.2089], [992202.7153, 1814094.8304], [992188, 1814104.2051], [992172.5237, 1814112.2616], [992156.404, 1814118.9385], [992139.7638, 1814124.1852], [992122.7296, 1814127.9616], [992105.4311, 1814130.2389], [992088, 1814131], [992070.5689, 1814130.2389], [992053.2704, 1814127.9616], [992036.2362, 1814124.1852], [992019.596, 1814118.9385], [992003.4763, 1814112.2616], [991988, 1814104.2051], [991973.2847, 1814094.8304], [991959.4425, 1814084.2089], [991946.5786, 1814072.4214], [991934.7911, 1814059.5575], [991924.1696, 1814045.7153], [991914.7949, 1814031], [991906.7384, 1814015.5237], [991900.0615, 1813999.404], [991894.8148, 1813982.7638], [991891.0384, 1813965.7296], [991888.7611, 1813948.4311], [991888, 1813931], [991888.7611, 1813913.5689], [991891.0384, 1813896.2704], [991894.8148, 1813879.2362], [991900.0615, 1813862.596], [991906.7384, 1813846.4763], [991914.7949, 1813831], [991924.1696, 1813816.2847], [991934.7911, 1813802.4425], [991946.5786, 1813789.5786], [991959.4425, 1813777.7911], [991973.2847, 1813767.1696], [991988, 1813757.7949], [992003.4763, 1813749.7384], [992019.596, 1813743.0615], [992036.2362, 1813737.8148], [992053.2704, 1813734.0384], [992070.5689, 1813731.7611], [992088, 1813731], [992105.4311, 1813731.7611], [992122.7296, 1813734.0384], [992139.7638, 1813737.8148], [992156.404, 1813743.0615], [992172.5237, 1813749.7384], [992188, 1813757.7949], [992202.7153, 1813767.1696], [992216.5575, 1813777.7911], [992229.4214, 1813789.5786], [992241.2089, 1813802.4425], [992251.8304, 1813816.2847], [992261.2051, 1813831], [992269.2616, 1813846.4763], [992275.9385, 1813862.596], [992281.1852, 1813879.2362], [992284.9616, 1813896.2704], [992287.2389, 1813913.5689], [992288, 1813931] ] ] }",2025-09-24
2015046,2014,자전거,30170001,대전광역시 서구1,대전광역시 서구 갈마동(갈마네거리 부근),8,8,0,2,6,0,36.353825,127.368951,"{ type: Polygon, coordinates: [ [ [988441.8499, 1817386.8919], [988441.0888, 1817404.323], [988438.8114, 1817421.6215], [988435.0351, 1817438.6557], [988429.7884, 1817455.2959], [988423.1114, 1817471.4155], [988415.055, 1817486.8919], [988405.6803, 1817501.6072], [988395.0588, 1817515.4494], [988383.2712, 1817528.3132], [988370.4074, 1817540.1008], [988356.5652, 1817550.7223], [988341.8499, 1817560.097], [988326.3735, 1817568.1534], [988310.2539, 1817574.8304], [988293.6137, 1817580.077], [988276.5795, 1817583.8534], [988259.281, 1817586.1308], [988241.8499, 1817586.8919], [988224.4187, 1817586.1308], [988207.1203, 1817583.8534], [988190.0861, 1817580.077], [988173.4459, 1817574.8304], [988157.3262, 1817568.1534], [988141.8499, 1817560.097], [988127.1346, 1817550.7223], [988113.2924, 1817540.1008], [988100.4285, 1817528.3132], [988088.641, 1817515.4494], [988078.0195, 1817501.6072], [988068.6448, 1817486.8919], [988060.5883, 1817471.4155], [988053.9114, 1817455.2959], [988048.6647, 1817438.6557], [988044.8883, 1817421.6215], [988042.6109, 1817404.323], [988041.8499, 1817386.8919], [988042.6109, 1817369.4607], [988044.8883, 1817352.1622], [988048.6647, 1817335.1281], [988053.9114, 1817318.4879], [988060.5883, 1817302.3682], [988068.6448, 1817286.8919], [988078.0195, 1817272.1766], [988088.641, 1817258.3344], [988100.4285, 1817245.4705], [988113.2924, 1817233.683], [988127.1346, 1817223.0615], [988141.8499, 1817213.6868], [988157.3262, 1817205.6303], [988173.4459, 1817198.9534], [988190.0861, 1817193.7067], [988207.1203, 1817189.9303], [988224.4187, 1817187.6529], [988241.8499, 1817186.8919], [988259.281, 1817187.6529], [988276.5795, 1817189.9303], [988293.6137, 1817193.7067], [988310.2539, 1817198.9534], [988326.3735, 1817205.6303], [988341.8499, 1817213.6868], [988356.5652, 1817223.0615], [988370.4074, 1817233.683], [988383.2712, 1817245.4705], [988395.0588, 1817258.3344], [988405.6803, 1817272.1766], [988415.055, 1817286.8919], [988423.1114, 1817302.3682], [988429.7884, 1817318.4879], [988435.0351, 1817335.1281], [988438.8114, 1817352.1622], [988441.0888, 1817369.4607], [988441.8499, 1817386.8919] ] ] }",2025-09-24
2015046,2014,자전거,30170002,대전광역시 서구2,대전광역시 서구 둔산동(밀텍(주) 부근),6,6,0,3,2,1,36.358972,127.380266,"{ type: Polygon, coordinates: [ [ [989457.7672, 1817956.517], [989457.0061, 1817973.9481], [989454.7287, 1817991.2466], [989450.9523, 1818008.2808], [989445.7057, 1818024.921], [989439.0287, 1818041.0406], [989430.9722, 1818056.517], [989421.5976, 1818071.2323], [989410.9761, 1818085.0745], [989399.1885, 1818097.9383], [989386.3247, 1818109.7259], [989372.4825, 1818120.3474], [989357.7672, 1818129.7221], [989342.2908, 1818137.7785], [989326.1712, 1818144.4555], [989309.531, 1818149.7021], [989292.4968, 1818153.4785], [989275.1983, 1818155.7559], [989257.7672, 1818156.517], [989240.336, 1818155.7559], [989223.0375, 1818153.4785], [989206.0034, 1818149.7021], [989189.3631, 1818144.4555], [989173.2435, 1818137.7785], [989157.7672, 1818129.7221], [989143.0519, 1818120.3474], [989129.2096, 1818109.7259], [989116.3458, 1818097.9383], [989104.5583, 1818085.0745], [989093.9368, 1818071.2323], [989084.5621, 1818056.517], [989076.5056, 1818041.0406], [989069.8286, 1818024.921], [989064.582, 1818008.2808], [989060.8056, 1817991.2466], [989058.5282, 1817973.9481], [989057.7672, 1817956.517], [989058.5282, 1817939.0858], [989060.8056, 1817921.7873], [989064.582, 1817904.7532], [989069.8286, 1817888.1129], [989076.5056, 1817871.9933], [989084.5621, 1817856.517], [989093.9368, 1817841.8017], [989104.5583, 1817827.9595], [989116.3458, 1817815.0956], [989129.2096, 1817803.3081], [989143.0519, 1817792.6866], [989157.7672, 1817783.3119], [989173.2435, 1817775.2554], [989189.3631, 1817768.5785], [989206.0034, 1817763.3318], [989223.0375, 1817759.5554], [989240.336, 1817757.278], [989257.7672, 1817756.517], [989275.1983, 1817757.278], [989292.4968, 1817759.5554], [989309.531, 1817763.3318], [989326.1712, 1817768.5785], [989342.2908, 1817775.2554], [989357.7672, 1817783.3119], [989372.4825, 1817792.6866], [989386.3247, 1817803.3081], [989399.1885, 1817815.0956], [989410.9761, 1817827.9595], [989421.5976, 1817841.8017], [989430.9722, 1817856.517], [989439.0287, 1817871.9933], [989445.7057, 1817888.1129], [989450.9523, 1817904.7532], [989454.7287, 1817921.7873], [989457.0061, 1817939.0858], [989457.7672, 1817956.517] ] ] }",2025-09-24
2015046,2014,자전거,30170003,대전광역시 서구3,대전광역시 서구 괴정동(구기교단삼거리 부근),5,5,0,3,2,0,36.342445,127.386885,"{ type: Polygon, coordinates: [ [ [990049.5082, 1816122.6168], [990048.7471, 1816140.0479], [990046.4697, 1816157.3464], [990042.6933, 1816174.3806], [990037.4467, 1816191.0208], [990030.7697, 1816207.1405], [990022.7133, 1816222.6168], [990013.3386, 1816237.3321], [990002.7171, 1816251.1743], [989990.9295, 1816264.0382], [989978.0657, 1816275.8257], [989964.2235, 1816286.4472], [989949.5082, 1816295.8219], [989934.0318, 1816303.8784], [989917.9122, 1816310.5553], [989901.272, 1816315.802], [989884.2378, 1816319.5783], [989866.9393, 1816321.8557], [989849.5082, 1816322.6168], [989832.077, 1816321.8557], [989814.7785, 1816319.5783], [989797.7444, 1816315.802], [989781.1041, 1816310.5553], [989764.9845, 1816303.8784], [989749.5082, 1816295.8219], [989734.7929, 1816286.4472], [989720.9506, 1816275.8257], [989708.0868, 1816264.0382], [989696.2993, 1816251.1743], [989685.6778, 1816237.3321], [989676.3031, 1816222.6168], [989668.2466, 1816207.1405], [989661.5696, 1816191.0208], [989656.323, 1816174.3806], [989652.5466, 1816157.3464], [989650.2692, 1816140.0479], [989649.5082, 1816122.6168], [989650.2692, 1816105.1856], [989652.5466, 1816087.8872], [989656.323, 1816070.853], [989661.5696, 1816054.2128], [989668.2466, 1816038.0931], [989676.3031, 1816022.6168], [989685.6778, 1816007.9015], [989696.2993, 1815994.0593], [989708.0868, 1815981.1954], [989720.9506, 1815969.4079], [989734.7929, 1815958.7864], [989749.5082, 1815949.4117], [989764.9845, 1815941.3552], [989781.1041, 1815934.6783], [989797.7444, 1815929.4316], [989814.7785, 1815925.6552], [989832.077, 1815923.3779], [989849.5082, 1815922.6168], [989866.9393, 1815923.3779], [989884.2378, 1815925.6552], [989901.272, 1815929.4316], [989917.9122, 1815934.6783], [989934.0318, 1815941.3552], [989949.5082, 1815949.4117], [989964.2235, 1815958.7864], [989978.0657, 1815969.4079], [989990.9295, 1815981.1954], [990002.7171, 1815994.0593], [990013.3386, 1816007.9015], [990022.7133, 1816022.6168], [990030.7697, 1816038.0931], [990037.4467, 1816054.2128], [990042.6933, 1816070.853], [990046.4697, 1816087.8872], [990048.7471, 1816105.1856], [990049.5082, 1816122.6168] ] ] }",2025-09-24
2015046,2014,자전거,30170004,대전광역시 서구4,대전광역시 서구 월평동(월평네거리 부근),4,4,0,2,2,0,36.358463,127.363807,"{ type: Polygon, coordinates: [ [ [987981, 1817902], [987980.2389, 1817919.4311], [987977.9616, 1817936.7296], [987974.1852, 1817953.7638], [987968.9385, 1817970.404], [987962.2616, 1817986.5237], [987954.2051, 1818002], [987944.8304, 1818016.7153], [987934.2089, 1818030.5575], [987922.4214, 1818043.4214], [987909.5575, 1818055.2089], [987895.7153, 1818065.8304], [987881, 1818075.2051], [987865.5237, 1818083.2616], [987849.404, 1818089.9385], [987832.7638, 1818095.1852], [987815.7296, 1818098.9616], [987798.4311, 1818101.2389], [987781, 1818102], [987763.5689, 1818101.2389], [987746.2704, 1818098.9616], [987729.2362, 1818095.1852], [987712.596, 1818089.9385], [987696.4763, 1818083.2616], [987681, 1818075.2051], [987666.2847, 1818065.8304], [987652.4425, 1818055.2089], [987639.5786, 1818043.4214], [987627.7911, 1818030.5575], [987617.1696, 1818016.7153], [987607.7949, 1818002], [987599.7384, 1817986.5237], [987593.0615, 1817970.404], [987587.8148, 1817953.7638], [987584.0384, 1817936.7296], [987581.7611, 1817919.4311], [987581, 1817902], [987581.7611, 1817884.5689], [987584.0384, 1817867.2704], [987587.8148, 1817850.2362], [987593.0615, 1817833.596], [987599.7384, 1817817.4763], [987607.7949, 1817802], [987617.1696, 1817787.2847], [987627.7911, 1817773.4425], [987639.5786, 1817760.5786], [987652.4425, 1817748.7911], [987666.2847, 1817738.1696], [987681, 1817728.7949], [987696.4763, 1817720.7384], [987712.596, 1817714.0615], [987729.2362, 1817708.8148], [987746.2704, 1817705.0384], [987763.5689, 1817702.7611], [987781, 1817702], [987798.4311, 1817702.7611], [987815.7296, 1817705.0384], [987832.7638, 1817708.8148], [987849.404, 1817714.0615], [987865.5237, 1817720.7384], [987881, 1817728.7949], [987895.7153, 1817738.1696], [987909.5575, 1817748.7911], [987922.4214, 1817760.5786], [987934.2089, 1817773.4425], [987944.8304, 1817787.2847], [987954.2051, 1817802], [987962.2616, 1817817.4763], [987968.9385, 1817833.596], [987974.1852, 1817850.2362], [987977.9616, 1817867.2704], [987980.2389, 1817884.5689], [987981, 1817902] ] ] }",2025-09-24
2015046,2014,자전거,30170005,대전광역시 서구5,대전광역시 서구 탄방동(남서당한의원 부근),4,4,0,2,2,0,36.34339,127.391559,"{ type: Polygon, coordinates: [ [ [990469, 1816227], [990468.2389, 1816244.4311], [990465.9616, 1816261.7296], [990462.1852, 1816278.7638], [990456.9385, 1816295.404], [990450.2616, 1816311.5237], [990442.2051, 1816327], [990432.8304, 1816341.7153], [990422.2089, 1816355.5575], [990410.4214, 1816368.4214], [990397.5575, 1816380.2089], [990383.7153, 1816390.8304], [990369, 1816400.2051], [990353.5237, 1816408.2616], [990337.404, 1816414.9385], [990320.7638, 1816420.1852], [990303.7296, 1816423.9616], [990286.4311, 1816426.2389], [990269, 1816427], [990251.5689, 1816426.2389], [990234.2704, 1816423.9616], [990217.2362, 1816420.1852], [990200.596, 1816414.9385], [990184.4763, 1816408.2616], [990169, 1816400.2051], [990154.2847, 1816390.8304], [990140.4425, 1816380.2089], [990127.5786, 1816368.4214], [990115.7911, 1816355.5575], [990105.1696, 1816341.7153], [990095.7949, 1816327], [990087.7384, 1816311.5237], [990081.0615, 1816295.404], [990075.8148, 1816278.7638], [990072.0384, 1816261.7296], [990069.7611, 1816244.4311], [990069, 1816227], [990069.7611, 1816209.5689], [990072.0384, 1816192.2704], [990075.8148, 1816175.2362], [990081.0615, 1816158.596], [990087.7384, 1816142.4763], [990095.7949, 1816127], [990105.1696, 1816112.2847], [990115.7911, 1816098.4425], [990127.5786, 1816085.5786], [990140.4425, 1816073.7911], [990154.2847, 1816063.1696], [990169, 1816053.7949], [990184.4763, 1816045.7384], [990200.596, 1816039.0615], [990217.2362, 1816033.8148], [990234.2704, 1816030.0384], [990251.5689, 1816027.7611], [990269, 1816027], [990286.4311, 1816027.7611], [990303.7296, 1816030.0384], [990320.7638, 1816033.8148], [990337.404, 1816039.0615], [990353.5237, 1816045.7384], [990369, 1816053.7949], [990383.7153, 1816063.1696], [990397.5575, 1816073.7911], [990410.4214, 1816085.5786], [990422.2089, 1816098.4425], [990432.8304, 1816112.2847], [990442.2051, 1816127], [990450.2616, 1816142.4763], [990456.9385, 1816158.596], [990462.1852, 1816175.2362], [990465.9616, 1816192.2704], [990468.2389, 1816209.5689], [990469, 1816227] ] ] }",2025-09-24
2015046,2014,자전거,30170006,대전광역시 서구6,대전광역시 서구 둔산동(아웃백스테이크하우스(주)둔산점 부근),4,4,0,0,4,0,36.347803,127.376797,"{ type: Polygon, coordinates: [ [ [989145, 1816718], [989144.2389, 1816735.4311], [989141.9616, 1816752.7296], [989138.1852, 1816769.7638], [989132.9385, 1816786.404], [989126.2616, 1816802.5237], [989118.2051, 1816818], [989108.8304, 1816832.7153], [989098.2089, 1816846.5575], [989086.4214, 1816859.4214], [989073.5575, 1816871.2089], [989059.7153, 1816881.8304], [989045, 1816891.2051], [989029.5237, 1816899.2616], [989013.404, 1816905.9385], [988996.7638, 1816911.1852], [988979.7296, 1816914.9616], [988962.4311, 1816917.2389], [988945, 1816918], [988927.5689, 1816917.2389], [988910.2704, 1816914.9616], [988893.2362, 1816911.1852], [988876.596, 1816905.9385], [988860.4763, 1816899.2616], [988845, 1816891.2051], [988830.2847, 1816881.8304], [988816.4425, 1816871.2089], [988803.5786, 1816859.4214], [988791.7911, 1816846.5575], [988781.1696, 1816832.7153], [988771.7949, 1816818], [988763.7384, 1816802.5237], [988757.0615, 1816786.404], [988751.8148, 1816769.7638], [988748.0384, 1816752.7296], [988745.7611, 1816735.4311], [988745, 1816718], [988745.7611, 1816700.5689], [988748.0384, 1816683.2704], [988751.8148, 1816666.2362], [988757.0615, 1816649.596], [988763.7384, 1816633.4763], [988771.7949, 1816618], [988781.1696, 1816603.2847], [988791.7911, 1816589.4425], [988803.5786, 1816576.5786], [988816.4425, 1816564.7911], [988830.2847, 1816554.1696], [988845, 1816544.7949], [988860.4763, 1816536.7384], [988876.596, 1816530.0615], [988893.2362, 1816524.8148], [988910.2704, 1816521.0384], [988927.5689, 1816518.7611], [988945, 1816518], [988962.4311, 1816518.7611], [988979.7296, 1816521.0384], [988996.7638, 1816524.8148], [989013.404, 1816530.0615], [989029.5237, 1816536.7384], [989045, 1816544.7949], [989059.7153, 1816554.1696], [989073.5575, 1816564.7911], [989086.4214, 1816576.5786], [989098.2089, 1816589.4425], [989108.8304, 1816603.2847], [989118.2051, 1816618], [989126.2616, 1816633.4763], [989132.9385, 1816649.596], [989138.1852, 1816666.2362], [989141.9616, 1816683.2704], [989144.2389, 1816700.5689], [989145, 1816718] ] ] }",2025-09-24
2015048,2014,보행노인,30110001,대전광역시 동구1,대전광역시 동구 중동(신세계종합화장품 부근),8,8,0,6,2,0,36.32987,127.432067,"{ type: Polygon, coordinates: [ [ [994102.9586, 1814723.9749], [994102.1975, 1814741.406], [994099.9201, 1814758.7045], [994096.1437, 1814775.7387], [994090.8971, 1814792.3789], [994084.2201, 1814808.4985], [994076.1636, 1814823.9749], [994066.789, 1814838.6901], [994056.1674, 1814852.5324], [994044.3799, 1814865.3962], [994031.5161, 1814877.1837], [994017.6738, 1814887.8053], [994002.9586, 1814897.1799], [993987.4822, 1814905.2364], [993971.3626, 1814911.9134], [993954.7224, 1814917.16], [993937.6882, 1814920.9364], [993920.3897, 1814923.2138], [993902.9586, 1814923.9749], [993885.5274, 1814923.2138], [993868.2289, 1814920.9364], [993851.1947, 1814917.16], [993834.5545, 1814911.9134], [993818.4349, 1814905.2364], [993802.9586, 1814897.1799], [993788.2433, 1814887.8053], [993774.401, 1814877.1837], [993761.5372, 1814865.3962], [993749.7497, 1814852.5324], [993739.1281, 1814838.6901], [993729.7535, 1814823.9749], [993721.697, 1814808.4985], [993715.02, 1814792.3789], [993709.7734, 1814775.7387], [993705.997, 1814758.7045], [993703.7196, 1814741.406], [993702.9586, 1814723.9749], [993703.7196, 1814706.5437], [993705.997, 1814689.2452], [993709.7734, 1814672.211], [993715.02, 1814655.5708], [993721.697, 1814639.4512], [993729.7535, 1814623.9749], [993739.1281, 1814609.2596], [993749.7497, 1814595.4173], [993761.5372, 1814582.5535], [993774.401, 1814570.766], [993788.2433, 1814560.1444], [993802.9586, 1814550.7698], [993818.4349, 1814542.7133], [993834.5545, 1814536.0363], [993851.1947, 1814530.7897], [993868.2289, 1814527.0133], [993885.5274, 1814524.7359], [993902.9586, 1814523.9749], [993920.3897, 1814524.7359], [993937.6882, 1814527.0133], [993954.7224, 1814530.7897], [993971.3626, 1814536.0363], [993987.4822, 1814542.7133], [994002.9586, 1814550.7698], [994017.6738, 1814560.1444], [994031.5161, 1814570.766], [994044.3799, 1814582.5535], [994056.1674, 1814595.4173], [994066.789, 1814609.2596], [994076.1636, 1814623.9749], [994084.2201, 1814639.4512], [994090.8971, 1814655.5708], [994096.1437, 1814672.211], [994099.9201, 1814689.2452], [994102.1975, 1814706.5437], [994102.9586, 1814723.9749] ] ] }",2025-09-24
2015048,2014,보행노인,30110002,대전광역시 동구2,대전광역시 동구 가양동(그린빌라 부근),5,6,0,4,2,0,36.343133,127.450401,"{ type: Polygon, coordinates: [ [ [995749.2, 1816194.1498], [995748.4389, 1816211.581], [995746.1615, 1816228.8795], [995742.3851, 1816245.9136], [995737.1385, 1816262.5539], [995730.4615, 1816278.6735], [995722.405, 1816294.1498], [995713.0304, 1816308.8651], [995702.4089, 1816322.7074], [995690.6213, 1816335.5712], [995677.7575, 1816347.3587], [995663.9153, 1816357.9802], [995649.2, 1816367.3549], [995633.7236, 1816375.4114], [995617.604, 1816382.0884], [995600.9638, 1816387.335], [995583.9296, 1816391.1114], [995566.6311, 1816393.3888], [995549.2, 1816394.1498], [995531.7688, 1816393.3888], [995514.4703, 1816391.1114], [995497.4362, 1816387.335], [995480.7959, 1816382.0884], [995464.6763, 1816375.4114], [995449.2, 1816367.3549], [995434.4847, 1816357.9802], [995420.6424, 1816347.3587], [995407.7786, 1816335.5712], [995395.9911, 1816322.7074], [995385.3696, 1816308.8651], [995375.9949, 1816294.1498], [995367.9384, 1816278.6735], [995361.2614, 1816262.5539], [995356.0148, 1816245.9136], [995352.2384, 1816228.8795], [995349.961, 1816211.581], [995349.2, 1816194.1498], [995349.961, 1816176.7187], [995352.2384, 1816159.4202], [995356.0148, 1816142.386], [995361.2614, 1816125.7458], [995367.9384, 1816109.6262], [995375.9949, 1816094.1498], [995385.3696, 1816079.4345], [995395.9911, 1816065.5923], [995407.7786, 1816052.7285], [995420.6424, 1816040.9409], [995434.4847, 1816030.3194], [995449.2, 1816020.9447], [995464.6763, 1816012.8883], [995480.7959, 1816006.2113], [995497.4362, 1816000.9647], [995514.4703, 1815997.1883], [995531.7688, 1815994.9109], [995549.2, 1815994.1498], [995566.6311, 1815994.9109], [995583.9296, 1815997.1883], [995600.9638, 1816000.9647], [995617.604, 1816006.2113], [995633.7236, 1816012.8883], [995649.2, 1816020.9447], [995663.9153, 1816030.3194], [995677.7575, 1816040.9409], [995690.6213, 1816052.7285], [995702.4089, 1816065.5923], [995713.0304, 1816079.4345], [995722.405, 1816094.1498], [995730.4615, 1816109.6262], [995737.1385, 1816125.7458], [995742.3851, 1816142.386], [995746.1615, 1816159.4202], [995748.4389, 1816176.7187], [995749.2, 1816194.1498] ] ] }",2025-09-24
2015048,2014,보행노인,30110003,대전광역시 동구3,대전광역시 동구 대동(대동오거리 부근),3,3,2,1,0,0,36.329819,127.443195,"{ type: Polygon, coordinates: [ [ [995101.7332, 1814717.6997], [995100.9722, 1814735.1309], [995098.6948, 1814752.4294], [995094.9184, 1814769.4636], [995089.6718, 1814786.1038], [995082.9948, 1814802.2234], [995074.9383, 1814817.6997], [995065.5636, 1814832.415], [995054.9421, 1814846.2573], [995043.1546, 1814859.1211], [995030.2908, 1814870.9086], [995016.4485, 1814881.5302], [995001.7332, 1814890.9048], [994986.2569, 1814898.9613], [994970.1373, 1814905.6383], [994953.497, 1814910.8849], [994936.4629, 1814914.6613], [994919.1644, 1814916.9387], [994901.7332, 1814917.6997], [994884.3021, 1814916.9387], [994867.0036, 1814914.6613], [994849.9694, 1814910.8849], [994833.3292, 1814905.6383], [994817.2096, 1814898.9613], [994801.7332, 1814890.9048], [994787.0179, 1814881.5302], [994773.1757, 1814870.9086], [994760.3119, 1814859.1211], [994748.5243, 1814846.2573], [994737.9028, 1814832.415], [994728.5282, 1814817.6997], [994720.4717, 1814802.2234], [994713.7947, 1814786.1038], [994708.5481, 1814769.4636], [994704.7717, 1814752.4294], [994702.4943, 1814735.1309], [994701.7332, 1814717.6997], [994702.4943, 1814700.2686], [994704.7717, 1814682.9701], [994708.5481, 1814665.9359], [994713.7947, 1814649.2957], [994720.4717, 1814633.1761], [994728.5282, 1814617.6997], [994737.9028, 1814602.9845], [994748.5243, 1814589.1422], [994760.3119, 1814576.2784], [994773.1757, 1814564.4909], [994787.0179, 1814553.8693], [994801.7332, 1814544.4947], [994817.2096, 1814536.4382], [994833.3292, 1814529.7612], [994849.9694, 1814524.5146], [994867.0036, 1814520.7382], [994884.3021, 1814518.4608], [994901.7332, 1814517.6997], [994919.1644, 1814518.4608], [994936.4629, 1814520.7382], [994953.497, 1814524.5146], [994970.1373, 1814529.7612], [994986.2569, 1814536.4382], [995001.7332, 1814544.4947], [995016.4485, 1814553.8693], [995030.2908, 1814564.4909], [995043.1546, 1814576.2784], [995054.9421, 1814589.1422], [995065.5636, 1814602.9845], [995074.9383, 1814617.6997], [995082.9948, 1814633.1761], [995089.6718, 1814649.2957], [995094.9184, 1814665.9359], [995098.6948, 1814682.9701], [995100.9722, 1814700.2686], [995101.7332, 1814717.6997] ] ] }",2025-09-24
2015048,2014,보행노인,30110004,대전광역시 동구4,대전광역시 동구 판암동(판암4차주공아파트 부근),3,3,0,2,0,1,36.321164,127.459203,"{ type: Polygon, coordinates: [ [ [996538, 1813757], [996537.2389, 1813774.4311], [996534.9616, 1813791.7296], [996531.1852, 1813808.7638], [996525.9385, 1813825.404], [996519.2616, 1813841.5237], [996511.2051, 1813857], [996501.8304, 1813871.7153], [996491.2089, 1813885.5575], [996479.4214, 1813898.4214], [996466.5575, 1813910.2089], [996452.7153, 1813920.8304], [996438, 1813930.2051], [996422.5237, 1813938.2616], [996406.404, 1813944.9385], [996389.7638, 1813950.1852], [996372.7296, 1813953.9616], [996355.4311, 1813956.2389], [996338, 1813957], [996320.5689, 1813956.2389], [996303.2704, 1813953.9616], [996286.2362, 1813950.1852], [996269.596, 1813944.9385], [996253.4763, 1813938.2616], [996238, 1813930.2051], [996223.2847, 1813920.8304], [996209.4425, 1813910.2089], [996196.5786, 1813898.4214], [996184.7911, 1813885.5575], [996174.1696, 1813871.7153], [996164.7949, 1813857], [996156.7384, 1813841.5237], [996150.0615, 1813825.404], [996144.8148, 1813808.7638], [996141.0384, 1813791.7296], [996138.7611, 1813774.4311], [996138, 1813757], [996138.7611, 1813739.5689], [996141.0384, 1813722.2704], [996144.8148, 1813705.2362], [996150.0615, 1813688.596], [996156.7384, 1813672.4763], [996164.7949, 1813657], [996174.1696, 1813642.2847], [996184.7911, 1813628.4425], [996196.5786, 1813615.5786], [996209.4425, 1813603.7911], [996223.2847, 1813593.1696], [996238, 1813583.7949], [996253.4763, 1813575.7384], [996269.596, 1813569.0615], [996286.2362, 1813563.8148], [996303.2704, 1813560.0384], [996320.5689, 1813557.7611], [996338, 1813557], [996355.4311, 1813557.7611], [996372.7296, 1813560.0384], [996389.7638, 1813563.8148], [996406.404, 1813569.0615], [996422.5237, 1813575.7384], [996438, 1813583.7949], [996452.7153, 1813593.1696], [996466.5575, 1813603.7911], [996479.4214, 1813615.5786], [996491.2089, 1813628.4425], [996501.8304, 1813642.2847], [996511.2051, 1813657], [996519.2616, 1813672.4763], [996525.9385, 1813688.596], [996531.1852, 1813705.2362], [996534.9616, 1813722.2704], [996537.2389, 1813739.5689], [996538, 1813757] ] ] }",2025-09-24
2015048,2014,보행노인,30140001,대전광역시 중구1,대전광역시 중구 유천동(유천예식장네거리 부근),5,5,1,3,1,0,36.31744,127.393843,"{ type: Polygon, coordinates: [ [ [990670.8496, 1813348.3249], [990670.0886, 1813365.756], [990667.8112, 1813383.0545], [990664.0348, 1813400.0887], [990658.7882, 1813416.7289], [990652.1112, 1813432.8485], [990644.0547, 1813448.3249], [990634.68, 1813463.0402], [990624.0585, 1813476.8824], [990612.271, 1813489.7462], [990599.4072, 1813501.5338], [990585.5649, 1813512.1553], [990570.8496, 1813521.5299], [990555.3733, 1813529.5864], [990539.2537, 1813536.2634], [990522.6134, 1813541.51], [990505.5793, 1813545.2864], [990488.2808, 1813547.5638], [990470.8496, 1813548.3249], [990453.4185, 1813547.5638], [990436.12, 1813545.2864], [990419.0858, 1813541.51], [990402.4456, 1813536.2634], [990386.326, 1813529.5864], [990370.8496, 1813521.5299], [990356.1343, 1813512.1553], [990342.2921, 1813501.5338], [990329.4283, 1813489.7462], [990317.6407, 1813476.8824], [990307.0192, 1813463.0402], [990297.6446, 1813448.3249], [990289.5881, 1813432.8485], [990282.9111, 1813416.7289], [990277.6645, 1813400.0887], [990273.8881, 1813383.0545], [990271.6107, 1813365.756], [990270.8496, 1813348.3249], [990271.6107, 1813330.8937], [990273.8881, 1813313.5952], [990277.6645, 1813296.5611], [990282.9111, 1813279.9208], [990289.5881, 1813263.8012], [990297.6446, 1813248.3249], [990307.0192, 1813233.6096], [990317.6407, 1813219.7673], [990329.4283, 1813206.9035], [990342.2921, 1813195.116], [990356.1343, 1813184.4945], [990370.8496, 1813175.1198], [990386.326, 1813167.0633], [990402.4456, 1813160.3863], [990419.0858, 1813155.1397], [990436.12, 1813151.3633], [990453.4185, 1813149.0859], [990470.8496, 1813148.3249], [990488.2808, 1813149.0859], [990505.5793, 1813151.3633], [990522.6134, 1813155.1397], [990539.2537, 1813160.3863], [990555.3733, 1813167.0633], [990570.8496, 1813175.1198], [990585.5649, 1813184.4945], [990599.4072, 1813195.116], [990612.271, 1813206.9035], [990624.0585, 1813219.7673], [990634.68, 1813233.6096], [990644.0547, 1813248.3249], [990652.1112, 1813263.8012], [990658.7882, 1813279.9208], [990664.0348, 1813296.5611], [990667.8112, 1813313.5952], [990670.0886, 1813330.8937], [990670.8496, 1813348.3249] ] ] }",2025-09-24
2015048,2014,보행노인,30140002,대전광역시 중구2,대전광역시 중구 중촌동(투가리해장국 부근),5,6,0,4,2,0,36.343657,127.411626,"{ type: Polygon, coordinates: [ [ [992269.7584, 1816254.7415], [992268.9973, 1816272.1727], [992266.7199, 1816289.4711], [992262.9435, 1816306.5053], [992257.6969, 1816323.1455], [992251.0199, 1816339.2652], [992242.9634, 1816354.7415], [992233.5888, 1816369.4568], [992222.9672, 1816383.299], [992211.1797, 1816396.1629], [992198.3159, 1816407.9504], [992184.4736, 1816418.5719], [992169.7584, 1816427.9466], [992154.282, 1816436.0031], [992138.1624, 1816442.68], [992121.5222, 1816447.9267], [992104.488, 1816451.7031], [992087.1895, 1816453.9805], [992069.7584, 1816454.7415], [992052.3272, 1816453.9805], [992035.0287, 1816451.7031], [992017.9946, 1816447.9267], [992001.3543, 1816442.68], [991985.2347, 1816436.0031], [991969.7584, 1816427.9466], [991955.0431, 1816418.5719], [991941.2008, 1816407.9504], [991928.337, 1816396.1629], [991916.5495, 1816383.299], [991905.928, 1816369.4568], [991896.5533, 1816354.7415], [991888.4968, 1816339.2652], [991881.8198, 1816323.1455], [991876.5732, 1816306.5053], [991872.7968, 1816289.4711], [991870.5194, 1816272.1727], [991869.7584, 1816254.7415], [991870.5194, 1816237.3104], [991872.7968, 1816220.0119], [991876.5732, 1816202.9777], [991881.8198, 1816186.3375], [991888.4968, 1816170.2179], [991896.5533, 1816154.7415], [991905.928, 1816140.0262], [991916.5495, 1816126.184], [991928.337, 1816113.3202], [991941.2008, 1816101.5326], [991955.0431, 1816090.9111], [991969.7584, 1816081.5364], [991985.2347, 1816073.48], [992001.3543, 1816066.803], [992017.9946, 1816061.5563], [992035.0287, 1816057.78], [992052.3272, 1816055.5026], [992069.7584, 1816054.7415], [992087.1895, 1816055.5026], [992104.488, 1816057.78], [992121.5222, 1816061.5563], [992138.1624, 1816066.803], [992154.282, 1816073.48], [992169.7584, 1816081.5364], [992184.4736, 1816090.9111], [992198.3159, 1816101.5326], [992211.1797, 1816113.3202], [992222.9672, 1816126.184], [992233.5888, 1816140.0262], [992242.9634, 1816154.7415], [992251.0199, 1816170.2179], [992257.6969, 1816186.3375], [992262.9435, 1816202.9777], [992266.7199, 1816220.0119], [992268.9973, 1816237.3104], [992269.7584, 1816254.7415] ] ] }",2025-09-24
2015048,2014,보행노인,30140003,대전광역시 중구3,대전광역시 중구 문화동(서대전네거리 부근),4,4,0,3,1,0,36.322651,127.412395,"{ type: Polygon, coordinates: [ [ [992336.6834, 1813924.65], [992335.9224, 1813942.0811], [992333.645, 1813959.3796], [992329.8686, 1813976.4138], [992324.622, 1813993.054], [992317.945, 1814009.1736], [992309.8885, 1814024.65], [992300.5139, 1814039.3653], [992289.8923, 1814053.2075], [992278.1048, 1814066.0713], [992265.241, 1814077.8589], [992251.3987, 1814088.4804], [992236.6834, 1814097.8551], [992221.2071, 1814105.9115], [992205.0875, 1814112.5885], [992188.4473, 1814117.8351], [992171.4131, 1814121.6115], [992154.1146, 1814123.8889], [992136.6834, 1814124.65], [992119.2523, 1814123.8889], [992101.9538, 1814121.6115], [992084.9196, 1814117.8351], [992068.2794, 1814112.5885], [992052.1598, 1814105.9115], [992036.6834, 1814097.8551], [992021.9682, 1814088.4804], [992008.1259, 1814077.8589], [991995.2621, 1814066.0713], [991983.4746, 1814053.2075], [991972.853, 1814039.3653], [991963.4784, 1814024.65], [991955.4219, 1814009.1736], [991948.7449, 1813993.054], [991943.4983, 1813976.4138], [991939.7219, 1813959.3796], [991937.4445, 1813942.0811], [991936.6834, 1813924.65], [991937.4445, 1813907.2188], [991939.7219, 1813889.9203], [991943.4983, 1813872.8862], [991948.7449, 1813856.2459], [991955.4219, 1813840.1263], [991963.4784, 1813824.65], [991972.853, 1813809.9347], [991983.4746, 1813796.0925], [991995.2621, 1813783.2286], [992008.1259, 1813771.4411], [992021.9682, 1813760.8196], [992036.6834, 1813751.4449], [992052.1598, 1813743.3884], [992068.2794, 1813736.7115], [992084.9196, 1813731.4648], [992101.9538, 1813727.6884], [992119.2523, 1813725.411], [992136.6834, 1813724.65], [992154.1146, 1813725.411], [992171.4131, 1813727.6884], [992188.4473, 1813731.4648], [992205.0875, 1813736.7115], [992221.2071, 1813743.3884], [992236.6834, 1813751.4449], [992251.3987, 1813760.8196], [992265.241, 1813771.4411], [992278.1048, 1813783.2286], [992289.8923, 1813796.0925], [992300.5139, 1813809.9347], [992309.8885, 1813824.65], [992317.945, 1813840.1263], [992324.622, 1813856.2459], [992329.8686, 1813872.8862], [992333.645, 1813889.9203], [992335.9224, 1813907.2188], [992336.6834, 1813924.65] ] ] }",2025-09-24
2015048,2014,보행노인,30140004,대전광역시 중구4,대전광역시 중구 대흥동(맛나치킨 부근),3,3,2,0,1,0,36.320557,127.420366,"{ type: Polygon, coordinates: [ [ [993051.9334, 1813691.8167], [993051.1724, 1813709.2479], [993048.895, 1813726.5464], [993045.1186, 1813743.5806], [993039.8719, 1813760.2208], [993033.195, 1813776.3404], [993025.1385, 1813791.8167], [993015.7638, 1813806.532], [993005.1423, 1813820.3743], [992993.3548, 1813833.2381], [992980.4909, 1813845.0256], [992966.6487, 1813855.6472], [992951.9334, 1813865.0218], [992936.4571, 1813873.0783], [992920.3374, 1813879.7553], [992903.6972, 1813885.0019], [992886.663, 1813888.7783], [992869.3646, 1813891.0557], [992851.9334, 1813891.8167], [992834.5023, 1813891.0557], [992817.2038, 1813888.7783], [992800.1696, 1813885.0019], [992783.5294, 1813879.7553], [992767.4098, 1813873.0783], [992751.9334, 1813865.0218], [992737.2181, 1813855.6472], [992723.3759, 1813845.0256], [992710.5121, 1813833.2381], [992698.7245, 1813820.3743], [992688.103, 1813806.532], [992678.7283, 1813791.8167], [992670.6719, 1813776.3404], [992663.9949, 1813760.2208], [992658.7482, 1813743.5806], [992654.9719, 1813726.5464], [992652.6945, 1813709.2479], [992651.9334, 1813691.8167], [992652.6945, 1813674.3856], [992654.9719, 1813657.0871], [992658.7482, 1813640.0529], [992663.9949, 1813623.4127], [992670.6719, 1813607.2931], [992678.7283, 1813591.8167], [992688.103, 1813577.1015], [992698.7245, 1813563.2592], [992710.5121, 1813550.3954], [992723.3759, 1813538.6079], [992737.2181, 1813527.9863], [992751.9334, 1813518.6117], [992767.4098, 1813510.5552], [992783.5294, 1813503.8782], [992800.1696, 1813498.6316], [992817.2038, 1813494.8552], [992834.5023, 1813492.5778], [992851.9334, 1813491.8167], [992869.3646, 1813492.5778], [992886.663, 1813494.8552], [992903.6972, 1813498.6316], [992920.3374, 1813503.8782], [992936.4571, 1813510.5552], [992951.9334, 1813518.6117], [992966.6487, 1813527.9863], [992980.4909, 1813538.6079], [992993.3548, 1813550.3954], [993005.1423, 1813563.2592], [993015.7638, 1813577.1015], [993025.1385, 1813591.8167], [993033.195, 1813607.2931], [993039.8719, 1813623.4127], [993045.1186, 1813640.0529], [993048.895, 1813657.0871], [993051.1724, 1813674.3856], [993051.9334, 1813691.8167] ] ] }",2025-09-24
2015048,2014,보행노인,30140005,대전광역시 중구5,대전광역시 중구 사정동(유정주택 부근),3,3,0,2,1,0,36.298515,127.384735,"{ type: Polygon, coordinates: [ [ [989850.7584, 1811250.1086], [989849.9973, 1811267.5398], [989847.7199, 1811284.8383], [989843.9435, 1811301.8724], [989838.6969, 1811318.5127], [989832.0199, 1811334.6323], [989823.9634, 1811350.1086], [989814.5888, 1811364.8239], [989803.9672, 1811378.6661], [989792.1797, 1811391.53], [989779.3159, 1811403.3175], [989765.4736, 1811413.939], [989750.7584, 1811423.3137], [989735.282, 1811431.3702], [989719.1624, 1811438.0472], [989702.5222, 1811443.2938], [989685.488, 1811447.0702], [989668.1895, 1811449.3476], [989650.7584, 1811450.1086], [989633.3272, 1811449.3476], [989616.0287, 1811447.0702], [989598.9946, 1811443.2938], [989582.3543, 1811438.0472], [989566.2347, 1811431.3702], [989550.7584, 1811423.3137], [989536.0431, 1811413.939], [989522.2008, 1811403.3175], [989509.337, 1811391.53], [989497.5495, 1811378.6661], [989486.928, 1811364.8239], [989477.5533, 1811350.1086], [989469.4968, 1811334.6323], [989462.8198, 1811318.5127], [989457.5732, 1811301.8724], [989453.7968, 1811284.8383], [989451.5194, 1811267.5398], [989450.7584, 1811250.1086], [989451.5194, 1811232.6775], [989453.7968, 1811215.379], [989457.5732, 1811198.3448], [989462.8198, 1811181.7046], [989469.4968, 1811165.585], [989477.5533, 1811150.1086], [989486.928, 1811135.3933], [989497.5495, 1811121.5511], [989509.337, 1811108.6873], [989522.2008, 1811096.8997], [989536.0431, 1811086.2782], [989550.7584, 1811076.9035], [989566.2347, 1811068.8471], [989582.3543, 1811062.1701], [989598.9946, 1811056.9235], [989616.0287, 1811053.1471], [989633.3272, 1811050.8697], [989650.7584, 1811050.1086], [989668.1895, 1811050.8697], [989685.488, 1811053.1471], [989702.5222, 1811056.9235], [989719.1624, 1811062.1701], [989735.282, 1811068.8471], [989750.7584, 1811076.9035], [989765.4736, 1811086.2782], [989779.3159, 1811096.8997], [989792.1797, 1811108.6873], [989803.9672, 1811121.5511], [989814.5888, 1811135.3933], [989823.9634, 1811150.1086], [989832.0199, 1811165.585], [989838.6969, 1811181.7046], [989843.9435, 1811198.3448], [989847.7199, 1811215.379], [989849.9973, 1811232.6775], [989850.7584, 1811250.1086] ] ] }",2025-09-24
2015048,2014,보행노인,30170001,대전광역시 서구1,대전광역시 서구 내동(안골네거리 부근),3,3,1,0,2,0,36.333104,127.373444,"{ type: Polygon, coordinates: [ [ [988842, 1815088], [988841.2389, 1815105.4311], [988838.9616, 1815122.7296], [988835.1852, 1815139.7638], [988829.9385, 1815156.404], [988823.2616, 1815172.5237], [988815.2051, 1815188], [988805.8304, 1815202.7153], [988795.2089, 1815216.5575], [988783.4214, 1815229.4214], [988770.5575, 1815241.2089], [988756.7153, 1815251.8304], [988742, 1815261.2051], [988726.5237, 1815269.2616], [988710.404, 1815275.9385], [988693.7638, 1815281.1852], [988676.7296, 1815284.9616], [988659.4311, 1815287.2389], [988642, 1815288], [988624.5689, 1815287.2389], [988607.2704, 1815284.9616], [988590.2362, 1815281.1852], [988573.596, 1815275.9385], [988557.4763, 1815269.2616], [988542, 1815261.2051], [988527.2847, 1815251.8304], [988513.4425, 1815241.2089], [988500.5786, 1815229.4214], [988488.7911, 1815216.5575], [988478.1696, 1815202.7153], [988468.7949, 1815188], [988460.7384, 1815172.5237], [988454.0615, 1815156.404], [988448.8148, 1815139.7638], [988445.0384, 1815122.7296], [988442.7611, 1815105.4311], [988442, 1815088], [988442.7611, 1815070.5689], [988445.0384, 1815053.2704], [988448.8148, 1815036.2362], [988454.0615, 1815019.596], [988460.7384, 1815003.4763], [988468.7949, 1814988], [988478.1696, 1814973.2847], [988488.7911, 1814959.4425], [988500.5786, 1814946.5786], [988513.4425, 1814934.7911], [988527.2847, 1814924.1696], [988542, 1814914.7949], [988557.4763, 1814906.7384], [988573.596, 1814900.0615], [988590.2362, 1814894.8148], [988607.2704, 1814891.0384], [988624.5689, 1814888.7611], [988642, 1814888], [988659.4311, 1814888.7611], [988676.7296, 1814891.0384], [988693.7638, 1814894.8148], [988710.404, 1814900.0615], [988726.5237, 1814906.7384], [988742, 1814914.7949], [988756.7153, 1814924.1696], [988770.5575, 1814934.7911], [988783.4214, 1814946.5786], [988795.2089, 1814959.4425], [988805.8304, 1814973.2847], [988815.2051, 1814988], [988823.2616, 1815003.4763], [988829.9385, 1815019.596], [988835.1852, 1815036.2362], [988838.9616, 1815053.2704], [988841.2389, 1815070.5689], [988842, 1815088] ] ] }",2025-09-24
2015048,2014,보행노인,30170002,대전광역시 서구2,대전광역시 서구 변동(번동오거리 부근),3,3,0,3,0,0,36.328433,127.381708,"{ type: Polygon, coordinates: [ [ [989583, 1814569], [989582.2389, 1814586.4311], [989579.9616, 1814603.7296], [989576.1852, 1814620.7638], [989570.9385, 1814637.404], [989564.2616, 1814653.5237], [989556.2051, 1814669], [989546.8304, 1814683.7153], [989536.2089, 1814697.5575], [989524.4214, 1814710.4214], [989511.5575, 1814722.2089], [989497.7153, 1814732.8304], [989483, 1814742.2051], [989467.5237, 1814750.2616], [989451.404, 1814756.9385], [989434.7638, 1814762.1852], [989417.7296, 1814765.9616], [989400.4311, 1814768.2389], [989383, 1814769], [989365.5689, 1814768.2389], [989348.2704, 1814765.9616], [989331.2362, 1814762.1852], [989314.596, 1814756.9385], [989298.4763, 1814750.2616], [989283, 1814742.2051], [989268.2847, 1814732.8304], [989254.4425, 1814722.2089], [989241.5786, 1814710.4214], [989229.7911, 1814697.5575], [989219.1696, 1814683.7153], [989209.7949, 1814669], [989201.7384, 1814653.5237], [989195.0615, 1814637.404], [989189.8148, 1814620.7638], [989186.0384, 1814603.7296], [989183.7611, 1814586.4311], [989183, 1814569], [989183.7611, 1814551.5689], [989186.0384, 1814534.2704], [989189.8148, 1814517.2362], [989195.0615, 1814500.596], [989201.7384, 1814484.4763], [989209.7949, 1814469], [989219.1696, 1814454.2847], [989229.7911, 1814440.4425], [989241.5786, 1814427.5786], [989254.4425, 1814415.7911], [989268.2847, 1814405.1696], [989283, 1814395.7949], [989298.4763, 1814387.7384], [989314.596, 1814381.0615], [989331.2362, 1814375.8148], [989348.2704, 1814372.0384], [989365.5689, 1814369.7611], [989383, 1814369], [989400.4311, 1814369.7611], [989417.7296, 1814372.0384], [989434.7638, 1814375.8148], [989451.404, 1814381.0615], [989467.5237, 1814387.7384], [989483, 1814395.7949], [989497.7153, 1814405.1696], [989511.5575, 1814415.7911], [989524.4214, 1814427.5786], [989536.2089, 1814440.4425], [989546.8304, 1814454.2847], [989556.2051, 1814469], [989564.2616, 1814484.4763], [989570.9385, 1814500.596], [989576.1852, 1814517.2362], [989579.9616, 1814534.2704], [989582.2389, 1814551.5689], [989583, 1814569] ] ] }",2025-09-24
2015048,2014,보행노인,30200001,대전광역시 유성구1,대전광역시 유성구 장대동(갤러리빌 부근),4,4,0,1,3,0,36.358269,127.33651,"{ type: Polygon, coordinates: [ [ [985531.9917, 1817884.3417], [985531.2306, 1817901.7729], [985528.9533, 1817919.0714], [985525.1769, 1817936.1055], [985519.9302, 1817952.7457], [985513.2533, 1817968.8654], [985505.1968, 1817984.3417], [985495.8221, 1817999.057], [985485.2006, 1818012.8992], [985473.4131, 1818025.7631], [985460.5492, 1818037.5506], [985446.707, 1818048.1721], [985431.9917, 1818057.5468], [985416.5154, 1818065.6033], [985400.3957, 1818072.2802], [985383.7555, 1818077.5269], [985366.7213, 1818081.3033], [985349.4229, 1818083.5807], [985331.9917, 1818084.3417], [985314.5606, 1818083.5807], [985297.2621, 1818081.3033], [985280.2279, 1818077.5269], [985263.5877, 1818072.2802], [985247.4681, 1818065.6033], [985231.9917, 1818057.5468], [985217.2764, 1818048.1721], [985203.4342, 1818037.5506], [985190.5703, 1818025.7631], [985178.7828, 1818012.8992], [985168.1613, 1817999.057], [985158.7866, 1817984.3417], [985150.7301, 1817968.8654], [985144.0532, 1817952.7457], [985138.8065, 1817936.1055], [985135.0302, 1817919.0714], [985132.7528, 1817901.7729], [985131.9917, 1817884.3417], [985132.7528, 1817866.9106], [985135.0302, 1817849.6121], [985138.8065, 1817832.5779], [985144.0532, 1817815.9377], [985150.7301, 1817799.8181], [985158.7866, 1817784.3417], [985168.1613, 1817769.6264], [985178.7828, 1817755.7842], [985190.5703, 1817742.9204], [985203.4342, 1817731.1328], [985217.2764, 1817720.5113], [985231.9917, 1817711.1366], [985247.4681, 1817703.0802], [985263.5877, 1817696.4032], [985280.2279, 1817691.1566], [985297.2621, 1817687.3802], [985314.5606, 1817685.1028], [985331.9917, 1817684.3417], [985349.4229, 1817685.1028], [985366.7213, 1817687.3802], [985383.7555, 1817691.1566], [985400.3957, 1817696.4032], [985416.5154, 1817703.0802], [985431.9917, 1817711.1366], [985446.707, 1817720.5113], [985460.5492, 1817731.1328], [985473.4131, 1817742.9204], [985485.2006, 1817755.7842], [985495.8221, 1817769.6264], [985505.1968, 1817784.3417], [985513.2533, 1817799.8181], [985519.9302, 1817815.9377], [985525.1769, 1817832.5779], [985528.9533, 1817849.6121], [985531.2306, 1817866.9106], [985531.9917, 1817884.3417] ] ] }",2025-09-24
2015048,2014,보행노인,30200002,대전광역시 유성구2,대전광역시 유성구 봉명동(은성다방 부근),3,3,0,2,1,0,36.354965,127.333955,"{ type: Polygon, coordinates: [ [ [985302.083, 1817518.1916], [985301.3219, 1817535.6227], [985299.0445, 1817552.9212], [985295.2681, 1817569.9554], [985290.0215, 1817586.5956], [985283.3445, 1817602.7153], [985275.2881, 1817618.1916], [985265.9134, 1817632.9069], [985255.2919, 1817646.7491], [985243.5043, 1817659.613], [985230.6405, 1817671.4005], [985216.7983, 1817682.022], [985202.083, 1817691.3967], [985186.6066, 1817699.4532], [985170.487, 1817706.1301], [985153.8468, 1817711.3768], [985136.8126, 1817715.1532], [985119.5141, 1817717.4305], [985102.083, 1817718.1916], [985084.6518, 1817717.4305], [985067.3533, 1817715.1532], [985050.3192, 1817711.3768], [985033.6789, 1817706.1301], [985017.5593, 1817699.4532], [985002.083, 1817691.3967], [984987.3677, 1817682.022], [984973.5255, 1817671.4005], [984960.6616, 1817659.613], [984948.8741, 1817646.7491], [984938.2526, 1817632.9069], [984928.8779, 1817618.1916], [984920.8214, 1817602.7153], [984914.1444, 1817586.5956], [984908.8978, 1817569.9554], [984905.1214, 1817552.9212], [984902.844, 1817535.6227], [984902.083, 1817518.1916], [984902.844, 1817500.7605], [984905.1214, 1817483.462], [984908.8978, 1817466.4278], [984914.1444, 1817449.7876], [984920.8214, 1817433.6679], [984928.8779, 1817418.1916], [984938.2526, 1817403.4763], [984948.8741, 1817389.6341], [984960.6616, 1817376.7702], [984973.5255, 1817364.9827], [984987.3677, 1817354.3612], [985002.083, 1817344.9865], [985017.5593, 1817336.93], [985033.6789, 1817330.2531], [985050.3192, 1817325.0064], [985067.3533, 1817321.2301], [985084.6518, 1817318.9527], [985102.083, 1817318.1916], [985119.5141, 1817318.9527], [985136.8126, 1817321.2301], [985153.8468, 1817325.0064], [985170.487, 1817330.2531], [985186.6066, 1817336.93], [985202.083, 1817344.9865], [985216.7983, 1817354.3612], [985230.6405, 1817364.9827], [985243.5043, 1817376.7702], [985255.2919, 1817389.6341], [985265.9134, 1817403.4763], [985275.2881, 1817418.1916], [985283.3445, 1817433.6679], [985290.0215, 1817449.7876], [985295.2681, 1817466.4278], [985299.0445, 1817483.462], [985301.3219, 1817500.7605], [985302.083, 1817518.1916] ] ] }",2025-09-24
2015048,2014,보행노인,30230001,대전광역시 대덕구1,대전광역시 대덕구 오정동(오정사거리 부근),3,3,0,2,0,1,36.358221,127.413854,"{ type: Polygon, coordinates: [ [ [992471.1086, 1817870], [992470.3475, 1817887.4311], [992468.0702, 1817904.7296], [992464.2938, 1817921.7638], [992459.0471, 1817938.404], [992452.3702, 1817954.5236], [992444.3137, 1817970], [992434.939, 1817984.7153], [992424.3175, 1817998.5575], [992412.53, 1818011.4213], [992399.6661, 1818023.2089], [992385.8239, 1818033.8304], [992371.1086, 1818043.205], [992355.6323, 1818051.2615], [992339.5126, 1818057.9385], [992322.8724, 1818063.1851], [992305.8382, 1818066.9615], [992288.5398, 1818069.2389], [992271.1086, 1818070], [992253.6775, 1818069.2389], [992236.379, 1818066.9615], [992219.3448, 1818063.1851], [992202.7046, 1818057.9385], [992186.585, 1818051.2615], [992171.1086, 1818043.205], [992156.3933, 1818033.8304], [992142.5511, 1818023.2089], [992129.6872, 1818011.4213], [992117.8997, 1817998.5575], [992107.2782, 1817984.7153], [992097.9035, 1817970], [992089.847, 1817954.5236], [992083.1701, 1817938.404], [992077.9234, 1817921.7638], [992074.1471, 1817904.7296], [992071.8697, 1817887.4311], [992071.1086, 1817870], [992071.8697, 1817852.5688], [992074.1471, 1817835.2703], [992077.9234, 1817818.2362], [992083.1701, 1817801.5959], [992089.847, 1817785.4763], [992097.9035, 1817770], [992107.2782, 1817755.2847], [992117.8997, 1817741.4424], [992129.6872, 1817728.5786], [992142.5511, 1817716.7911], [992156.3933, 1817706.1696], [992171.1086, 1817696.7949], [992186.585, 1817688.7384], [992202.7046, 1817682.0614], [992219.3448, 1817676.8148], [992236.379, 1817673.0384], [992253.6775, 1817670.761], [992271.1086, 1817670], [992288.5398, 1817670.761], [992305.8382, 1817673.0384], [992322.8724, 1817676.8148], [992339.5126, 1817682.0614], [992355.6323, 1817688.7384], [992371.1086, 1817696.7949], [992385.8239, 1817706.1696], [992399.6661, 1817716.7911], [992412.53, 1817728.5786], [992424.3175, 1817741.4424], [992434.939, 1817755.2847], [992444.3137, 1817770], [992452.3702, 1817785.4763], [992459.0471, 1817801.5959], [992464.2938, 1817818.2362], [992468.0702, 1817835.2703], [992470.3475, 1817852.5688], [992471.1086, 1817870] ] ] }",2025-09-24
2015048,2014,보행노인,30230002,대전광역시 대덕구2,대전광역시 대덕구 덕암동(천섬냉동기계 부근),2,2,2,0,0,0,36.439815,127.423726,"{ type: Polygon, coordinates: [ [ [993363.95, 1826919.8416], [993363.1889, 1826937.2727], [993360.9115, 1826954.5712], [993357.1351, 1826971.6054], [993351.8885, 1826988.2456], [993345.2115, 1827004.3652], [993337.155, 1827019.8416], [993327.7804, 1827034.5569], [993317.1589, 1827048.3991], [993305.3713, 1827061.2629], [993292.5075, 1827073.0505], [993278.6652, 1827083.672], [993263.95, 1827093.0467], [993248.4736, 1827101.1031], [993232.354, 1827107.7801], [993215.7138, 1827113.0268], [993198.6796, 1827116.8031], [993181.3811, 1827119.0805], [993163.95, 1827119.8416], [993146.5188, 1827119.0805], [993129.2203, 1827116.8031], [993112.1862, 1827113.0268], [993095.5459, 1827107.7801], [993079.4263, 1827101.1031], [993063.95, 1827093.0467], [993049.2347, 1827083.672], [993035.3924, 1827073.0505], [993022.5286, 1827061.2629], [993010.7411, 1827048.3991], [993000.1196, 1827034.5569], [992990.7449, 1827019.8416], [992982.6884, 1827004.3652], [992976.0114, 1826988.2456], [992970.7648, 1826971.6054], [992966.9884, 1826954.5712], [992964.711, 1826937.2727], [992963.95, 1826919.8416], [992964.711, 1826902.4104], [992966.9884, 1826885.112], [992970.7648, 1826868.0778], [992976.0114, 1826851.4376], [992982.6884, 1826835.3179], [992990.7449, 1826819.8416], [993000.1196, 1826805.1263], [993010.7411, 1826791.2841], [993022.5286, 1826778.4202], [993035.3924, 1826766.6327], [993049.2347, 1826756.0112], [993063.95, 1826746.6365], [993079.4263, 1826738.58], [993095.5459, 1826731.9031], [993112.1862, 1826726.6564], [993129.2203, 1826722.88], [993146.5188, 1826720.6026], [993163.95, 1826719.8416], [993181.3811, 1826720.6026], [993198.6796, 1826722.88], [993215.7138, 1826726.6564], [993232.354, 1826731.9031], [993248.4736, 1826738.58], [993263.95, 1826746.6365], [993278.6652, 1826756.0112], [993292.5075, 1826766.6327], [993305.3713, 1826778.4202], [993317.1589, 1826791.2841], [993327.7804, 1826805.1263], [993337.155, 1826819.8416], [993345.2115, 1826835.3179], [993351.8885, 1826851.4376], [993357.1351, 1826868.0778], [993360.9115, 1826885.112], [993363.1889, 1826902.4104], [993363.95, 1826919.8416] ] ] }",2025-09-24
2015049,2014,보행어린이,30110001,대전광역시 동구1,대전광역시 동구 대동(대동지하차도 부근),5,7,0,2,5,0,36.328069,127.44487,"{ type: Polygon, coordinates: [ [ [995251.9251, 1814523.5247], [995251.164, 1814540.9559], [995248.8866, 1814558.2544], [995245.1102, 1814575.2885], [995239.8636, 1814591.9288], [995233.1866, 1814608.0484], [995225.1302, 1814623.5247], [995215.7555, 1814638.24], [995205.134, 1814652.0823], [995193.3464, 1814664.9461], [995180.4826, 1814676.7336], [995166.6404, 1814687.3551], [995151.9251, 1814696.7298], [995136.4487, 1814704.7863], [995120.3291, 1814711.4633], [995103.6889, 1814716.7099], [995086.6547, 1814720.4863], [995069.3562, 1814722.7637], [995051.9251, 1814723.5247], [995034.4939, 1814722.7637], [995017.1954, 1814720.4863], [995000.1613, 1814716.7099], [994983.5211, 1814711.4633], [994967.4014, 1814704.7863], [994951.9251, 1814696.7298], [994937.2098, 1814687.3551], [994923.3676, 1814676.7336], [994910.5037, 1814664.9461], [994898.7162, 1814652.0823], [994888.0947, 1814638.24], [994878.72, 1814623.5247], [994870.6635, 1814608.0484], [994863.9866, 1814591.9288], [994858.7399, 1814575.2885], [994854.9635, 1814558.2544], [994852.6861, 1814540.9559], [994851.9251, 1814523.5247], [994852.6861, 1814506.0936], [994854.9635, 1814488.7951], [994858.7399, 1814471.7609], [994863.9866, 1814455.1207], [994870.6635, 1814439.0011], [994878.72, 1814423.5247], [994888.0947, 1814408.8095], [994898.7162, 1814394.9672], [994910.5037, 1814382.1034], [994923.3676, 1814370.3159], [994937.2098, 1814359.6943], [994951.9251, 1814350.3197], [994967.4014, 1814342.2632], [994983.5211, 1814335.5862], [995000.1613, 1814330.3396], [995017.1954, 1814326.5632], [995034.4939, 1814324.2858], [995051.9251, 1814323.5247], [995069.3562, 1814324.2858], [995086.6547, 1814326.5632], [995103.6889, 1814330.3396], [995120.3291, 1814335.5862], [995136.4487, 1814342.2632], [995151.9251, 1814350.3197], [995166.6404, 1814359.6943], [995180.4826, 1814370.3159], [995193.3464, 1814382.1034], [995205.134, 1814394.9672], [995215.7555, 1814408.8095], [995225.1302, 1814423.5247], [995233.1866, 1814439.0011], [995239.8636, 1814455.1207], [995245.1102, 1814471.7609], [995248.8866, 1814488.7951], [995251.164, 1814506.0936], [995251.9251, 1814523.5247] ] ] }",2025-09-24
2015049,2014,보행어린이,30230001,대전광역시 대덕구1,대전광역시 대덕구 법동(민들레의원 부근),4,5,0,1,4,0,36.370549,127.427503,"{ type: Polygon, coordinates: [ [ [993696.7, 1819236.4835], [993695.9389, 1819253.9147], [993693.6616, 1819271.2132], [993689.8852, 1819288.2474], [993684.6385, 1819304.8876], [993677.9616, 1819321.0072], [993669.9051, 1819336.4835], [993660.5304, 1819351.1988], [993649.9089, 1819365.0411], [993638.1214, 1819377.9049], [993625.2575, 1819389.6924], [993611.4153, 1819400.314], [993596.7, 1819409.6886], [993581.2237, 1819417.7451], [993565.104, 1819424.4221], [993548.4638, 1819429.6687], [993531.4296, 1819433.4451], [993514.1311, 1819435.7225], [993496.7, 1819436.4835], [993479.2689, 1819435.7225], [993461.9704, 1819433.4451], [993444.9362, 1819429.6687], [993428.296, 1819424.4221], [993412.1763, 1819417.7451], [993396.7, 1819409.6886], [993381.9847, 1819400.314], [993368.1425, 1819389.6924], [993355.2786, 1819377.9049], [993343.4911, 1819365.0411], [993332.8696, 1819351.1988], [993323.4949, 1819336.4835], [993315.4384, 1819321.0072], [993308.7615, 1819304.8876], [993303.5148, 1819288.2474], [993299.7384, 1819271.2132], [993297.4611, 1819253.9147], [993296.7, 1819236.4835], [993297.4611, 1819219.0524], [993299.7384, 1819201.7539], [993303.5148, 1819184.7197], [993308.7615, 1819168.0795], [993315.4384, 1819151.9599], [993323.4949, 1819136.4835], [993332.8696, 1819121.7683], [993343.4911, 1819107.926], [993355.2786, 1819095.0622], [993368.1425, 1819083.2747], [993381.9847, 1819072.6531], [993396.7, 1819063.2785], [993412.1763, 1819055.222], [993428.296, 1819048.545], [993444.9362, 1819043.2984], [993461.9704, 1819039.522], [993479.2689, 1819037.2446], [993496.7, 1819036.4835], [993514.1311, 1819037.2446], [993531.4296, 1819039.522], [993548.4638, 1819043.2984], [993565.104, 1819048.545], [993581.2237, 1819055.222], [993596.7, 1819063.2785], [993611.4153, 1819072.6531], [993625.2575, 1819083.2747], [993638.1214, 1819095.0622], [993649.9089, 1819107.926], [993660.5304, 1819121.7683], [993669.9051, 1819136.4835], [993677.9616, 1819151.9599], [993684.6385, 1819168.0795], [993689.8852, 1819184.7197], [993693.6616, 1819201.7539], [993695.9389, 1819219.0524], [993696.7, 1819236.4835] ] ] }",2025-09-24
2015049,2014,보행어린이,30230002,대전광역시 대덕구2,대전광역시 대덕구 비래동(오성빌라 부근),3,3,0,0,3,0,36.355891,127.448133,"{ type: Polygon, coordinates: [ [ [995546.4501, 1817609.4249], [995545.689, 1817626.8561], [995543.4116, 1817644.1546], [995539.6353, 1817661.1888], [995534.3886, 1817677.829], [995527.7116, 1817693.9486], [995519.6552, 1817709.4249], [995510.2805, 1817724.1402], [995499.659, 1817737.9825], [995487.8714, 1817750.8463], [995475.0076, 1817762.6338], [995461.1654, 1817773.2554], [995446.4501, 1817782.63], [995430.9737, 1817790.6865], [995414.8541, 1817797.3635], [995398.2139, 1817802.6101], [995381.1797, 1817806.3865], [995363.8812, 1817808.6639], [995346.4501, 1817809.4249], [995329.0189, 1817808.6639], [995311.7205, 1817806.3865], [995294.6863, 1817802.6101], [995278.0461, 1817797.3635], [995261.9264, 1817790.6865], [995246.4501, 1817782.63], [995231.7348, 1817773.2554], [995217.8926, 1817762.6338], [995205.0287, 1817750.8463], [995193.2412, 1817737.9825], [995182.6197, 1817724.1402], [995173.245, 1817709.4249], [995165.1885, 1817693.9486], [995158.5116, 1817677.829], [995153.2649, 1817661.1888], [995149.4885, 1817644.1546], [995147.2111, 1817626.8561], [995146.4501, 1817609.4249], [995147.2111, 1817591.9938], [995149.4885, 1817574.6953], [995153.2649, 1817557.6611], [995158.5116, 1817541.0209], [995165.1885, 1817524.9013], [995173.245, 1817509.4249], [995182.6197, 1817494.7097], [995193.2412, 1817480.8674], [995205.0287, 1817468.0036], [995217.8926, 1817456.2161], [995231.7348, 1817445.5945], [995246.4501, 1817436.2199], [995261.9264, 1817428.1634], [995278.0461, 1817421.4864], [995294.6863, 1817416.2398], [995311.7205, 1817412.4634], [995329.0189, 1817410.186], [995346.4501, 1817409.4249], [995363.8812, 1817410.186], [995381.1797, 1817412.4634], [995398.2139, 1817416.2398], [995414.8541, 1817421.4864], [995430.9737, 1817428.1634], [995446.4501, 1817436.2199], [995461.1654, 1817445.5945], [995475.0076, 1817456.2161], [995487.8714, 1817468.0036], [995499.659, 1817480.8674], [995510.2805, 1817494.7097], [995519.6552, 1817509.4249], [995527.7116, 1817524.9013], [995534.3886, 1817541.0209], [995539.6353, 1817557.6611], [995543.4116, 1817574.6953], [995545.689, 1817591.9938], [995546.4501, 1817609.4249] ] ] }",2025-09-24
2016040,2015,스쿨존어린이,30170001,대전광역시 서구1,대전광역시 서구 갈마동(갈마초교 부근),2,2,0,2,0,0,36.355557,127.369084,"{ type: Polygon, coordinates: [ [ [988554, 1817579.0001], [988552.8584, 1817605.1468], [988549.4423, 1817631.0946], [988543.7777, 1817656.6458], [988535.9078, 1817681.6061], [988525.8923, 1817705.7856], [988513.8076, 1817729.0001], [988499.7456, 1817751.073], [988483.8133, 1817771.8364], [988466.132, 1817791.1321], [988446.8363, 1817808.8134], [988426.0729, 1817824.7457], [988404, 1817838.8077], [988380.7855, 1817850.8924], [988356.606, 1817860.9079], [988331.6457, 1817868.7778], [988306.0945, 1817874.4424], [988280.1467, 1817877.8585], [988254, 1817879.0001], [988227.8533, 1817877.8585], [988201.9055, 1817874.4424], [988176.3543, 1817868.7778], [988151.394, 1817860.9079], [988127.2145, 1817850.8924], [988104, 1817838.8077], [988081.9271, 1817824.7457], [988061.1637, 1817808.8134], [988041.868, 1817791.1321], [988024.1867, 1817771.8364], [988008.2544, 1817751.073], [987994.1924, 1817729.0001], [987982.1077, 1817705.7856], [987972.0922, 1817681.6061], [987964.2223, 1817656.6458], [987958.5577, 1817631.0946], [987955.1416, 1817605.1468], [987954, 1817579.0001], [987955.1416, 1817552.8534], [987958.5577, 1817526.9056], [987964.2223, 1817501.3544], [987972.0922, 1817476.3941], [987982.1077, 1817452.2146], [987994.1924, 1817429.0001], [988008.2544, 1817406.9272], [988024.1867, 1817386.1638], [988041.868, 1817366.8681], [988061.1637, 1817349.1868], [988081.9271, 1817333.2545], [988104, 1817319.1925], [988127.2145, 1817307.1078], [988151.394, 1817297.0923], [988176.3543, 1817289.2224], [988201.9055, 1817283.5578], [988227.8533, 1817280.1417], [988254, 1817279.0001], [988280.1467, 1817280.1417], [988306.0945, 1817283.5578], [988331.6457, 1817289.2224], [988356.606, 1817297.0923], [988380.7855, 1817307.1078], [988404, 1817319.1925], [988426.0729, 1817333.2545], [988446.8363, 1817349.1868], [988466.132, 1817366.8681], [988483.8133, 1817386.1638], [988499.7456, 1817406.9272], [988513.8076, 1817429.0001], [988525.8923, 1817452.2146], [988535.9078, 1817476.3941], [988543.7777, 1817501.3544], [988549.4423, 1817526.9056], [988552.8584, 1817552.8534], [988554, 1817579.0001] ] ] }",2025-09-24
2016044,2015,보행어린이,30110001,대전광역시 동구1,대전광역시 동구 가양동(한밭빌라 부근),4,4,0,2,2,0,36.353589,127.447403,"{ type: Polygon, coordinates: [ [ [995480.8325, 1817354.0647], [995480.0714, 1817371.4959], [995477.794, 1817388.7944], [995474.0176, 1817405.8287], [995468.7709, 1817422.469], [995462.0939, 1817438.5886], [995454.0374, 1817454.065], [995444.6627, 1817468.7804], [995434.0412, 1817482.6227], [995422.2536, 1817495.4866], [995409.3897, 1817507.2741], [995395.5474, 1817517.8957], [995380.8321, 1817527.2704], [995365.3557, 1817535.3269], [995349.236, 1817542.0039], [995332.5957, 1817547.2506], [995315.5615, 1817551.027], [995298.2629, 1817553.3044], [995280.8317, 1817554.0654], [995263.4005, 1817553.3044], [995246.1019, 1817551.027], [995229.0677, 1817547.2506], [995212.4274, 1817542.0039], [995196.3077, 1817535.3269], [995180.8313, 1817527.2704], [995166.116, 1817517.8957], [995152.2737, 1817507.2741], [995139.4098, 1817495.4866], [995127.6222, 1817482.6227], [995117.0007, 1817468.7804], [995107.626, 1817454.065], [995099.5694, 1817438.5886], [995092.8925, 1817422.469], [995087.6458, 1817405.8287], [995083.8694, 1817388.7944], [995081.592, 1817371.4959], [995080.8309, 1817354.0647], [995081.592, 1817336.6335], [995083.8694, 1817319.3349], [995087.6458, 1817302.3007], [995092.8925, 1817285.6604], [995099.5694, 1817269.5407], [995107.626, 1817254.0643], [995117.0007, 1817239.3489], [995127.6222, 1817225.5067], [995139.4098, 1817212.6428], [995152.2737, 1817200.8552], [995166.116, 1817190.2336], [995180.8313, 1817180.8589], [995196.3077, 1817172.8024], [995212.4274, 1817166.1254], [995229.0677, 1817160.8788], [995246.1019, 1817157.1024], [995263.4005, 1817154.825], [995280.8317, 1817154.0639], [995298.2629, 1817154.825], [995315.5615, 1817157.1024], [995332.5957, 1817160.8788], [995349.236, 1817166.1254], [995365.3557, 1817172.8024], [995380.8321, 1817180.8589], [995395.5474, 1817190.2336], [995409.3897, 1817200.8552], [995422.2536, 1817212.6428], [995434.0412, 1817225.5067], [995444.6627, 1817239.3489], [995454.0374, 1817254.0643], [995462.0939, 1817269.5407], [995468.7709, 1817285.6604], [995474.0176, 1817302.3007], [995477.794, 1817319.3349], [995480.0714, 1817336.6335], [995480.8325, 1817354.0647] ] ] }",2025-09-24
2016044,2015,보행어린이,30170001,대전광역시 서구1,대전광역시 서구 가수원동(계룡아파트삼거리 부근),4,5,0,2,3,0,36.302561,127.351028,"{ type: Polygon, coordinates: [ [ [986825, 1811703.0001], [986824.2389, 1811720.4312], [986821.9616, 1811737.7297], [986818.1852, 1811754.7639], [986812.9385, 1811771.4041], [986806.2616, 1811787.5238], [986798.2051, 1811803.0001], [986788.8304, 1811817.7154], [986778.2089, 1811831.5576], [986766.4214, 1811844.4215], [986753.5575, 1811856.209], [986739.7153, 1811866.8305], [986725, 1811876.2052], [986709.5237, 1811884.2617], [986693.404, 1811890.9386], [986676.7638, 1811896.1853], [986659.7296, 1811899.9617], [986642.4311, 1811902.239], [986625, 1811903.0001], [986607.5689, 1811902.239], [986590.2704, 1811899.9617], [986573.2362, 1811896.1853], [986556.596, 1811890.9386], [986540.4763, 1811884.2617], [986525, 1811876.2052], [986510.2847, 1811866.8305], [986496.4425, 1811856.209], [986483.5786, 1811844.4215], [986471.7911, 1811831.5576], [986461.1696, 1811817.7154], [986451.7949, 1811803.0001], [986443.7384, 1811787.5238], [986437.0615, 1811771.4041], [986431.8148, 1811754.7639], [986428.0384, 1811737.7297], [986425.7611, 1811720.4312], [986425, 1811703.0001], [986425.7611, 1811685.569], [986428.0384, 1811668.2705], [986431.8148, 1811651.2363], [986437.0615, 1811634.5961], [986443.7384, 1811618.4764], [986451.7949, 1811603.0001], [986461.1696, 1811588.2848], [986471.7911, 1811574.4426], [986483.5786, 1811561.5787], [986496.4425, 1811549.7912], [986510.2847, 1811539.1697], [986525, 1811529.795], [986540.4763, 1811521.7385], [986556.596, 1811515.0616], [986573.2362, 1811509.8149], [986590.2704, 1811506.0385], [986607.5689, 1811503.7612], [986625, 1811503.0001], [986642.4311, 1811503.7612], [986659.7296, 1811506.0385], [986676.7638, 1811509.8149], [986693.404, 1811515.0616], [986709.5237, 1811521.7385], [986725, 1811529.795], [986739.7153, 1811539.1697], [986753.5575, 1811549.7912], [986766.4214, 1811561.5787], [986778.2089, 1811574.4426], [986788.8304, 1811588.2848], [986798.2051, 1811603.0001], [986806.2616, 1811618.4764], [986812.9385, 1811634.5961], [986818.1852, 1811651.2363], [986821.9616, 1811668.2705], [986824.2389, 1811685.569], [986825, 1811703.0001] ] ] }",2025-09-24
2016044,2015,보행어린이,30170002,대전광역시 서구2,대전광역시 서구 도마동(허치과 부근),4,4,0,0,4,0,36.322571,127.370309,"{ type: Polygon, coordinates: [ [ [988559, 1813920.0001], [988558.2389, 1813937.4312], [988555.9616, 1813954.7297], [988552.1852, 1813971.7639], [988546.9385, 1813988.4041], [988540.2616, 1814004.5238], [988532.2051, 1814020.0001], [988522.8304, 1814034.7154], [988512.2089, 1814048.5576], [988500.4214, 1814061.4215], [988487.5575, 1814073.209], [988473.7153, 1814083.8305], [988459, 1814093.2052], [988443.5237, 1814101.2617], [988427.404, 1814107.9386], [988410.7638, 1814113.1853], [988393.7296, 1814116.9617], [988376.4311, 1814119.239], [988359, 1814120.0001], [988341.5689, 1814119.239], [988324.2704, 1814116.9617], [988307.2362, 1814113.1853], [988290.596, 1814107.9386], [988274.4763, 1814101.2617], [988259, 1814093.2052], [988244.2847, 1814083.8305], [988230.4425, 1814073.209], [988217.5786, 1814061.4215], [988205.7911, 1814048.5576], [988195.1696, 1814034.7154], [988185.7949, 1814020.0001], [988177.7384, 1814004.5238], [988171.0615, 1813988.4041], [988165.8148, 1813971.7639], [988162.0384, 1813954.7297], [988159.7611, 1813937.4312], [988159, 1813920.0001], [988159.7611, 1813902.569], [988162.0384, 1813885.2705], [988165.8148, 1813868.2363], [988171.0615, 1813851.5961], [988177.7384, 1813835.4764], [988185.7949, 1813820.0001], [988195.1696, 1813805.2848], [988205.7911, 1813791.4426], [988217.5786, 1813778.5787], [988230.4425, 1813766.7912], [988244.2847, 1813756.1697], [988259, 1813746.795], [988274.4763, 1813738.7385], [988290.596, 1813732.0616], [988307.2362, 1813726.8149], [988324.2704, 1813723.0385], [988341.5689, 1813720.7612], [988359, 1813720.0001], [988376.4311, 1813720.7612], [988393.7296, 1813723.0385], [988410.7638, 1813726.8149], [988427.404, 1813732.0616], [988443.5237, 1813738.7385], [988459, 1813746.795], [988473.7153, 1813756.1697], [988487.5575, 1813766.7912], [988500.4214, 1813778.5787], [988512.2089, 1813791.4426], [988522.8304, 1813805.2848], [988532.2051, 1813820.0001], [988540.2616, 1813835.4764], [988546.9385, 1813851.5961], [988552.1852, 1813868.2363], [988555.9616, 1813885.2705], [988558.2389, 1813902.569], [988559, 1813920.0001] ] ] }",2025-09-24
2016044,2015,보행어린이,30170003,대전광역시 서구3,대전광역시 서구 괴정동(KT빌라 부근),3,3,1,0,2,0,36.339191,127.383508,"{ type: Polygon, coordinates: [ [ [989746, 1815762.0001], [989745.2389, 1815779.4312], [989742.9616, 1815796.7297], [989739.1852, 1815813.7639], [989733.9385, 1815830.4041], [989727.2616, 1815846.5238], [989719.2051, 1815862.0001], [989709.8304, 1815876.7154], [989699.2089, 1815890.5576], [989687.4214, 1815903.4215], [989674.5575, 1815915.209], [989660.7153, 1815925.8305], [989646, 1815935.2052], [989630.5237, 1815943.2617], [989614.404, 1815949.9386], [989597.7638, 1815955.1853], [989580.7296, 1815958.9617], [989563.4311, 1815961.239], [989546, 1815962.0001], [989528.5689, 1815961.239], [989511.2704, 1815958.9617], [989494.2362, 1815955.1853], [989477.596, 1815949.9386], [989461.4763, 1815943.2617], [989446, 1815935.2052], [989431.2847, 1815925.8305], [989417.4425, 1815915.209], [989404.5786, 1815903.4215], [989392.7911, 1815890.5576], [989382.1696, 1815876.7154], [989372.7949, 1815862.0001], [989364.7384, 1815846.5238], [989358.0615, 1815830.4041], [989352.8148, 1815813.7639], [989349.0384, 1815796.7297], [989346.7611, 1815779.4312], [989346, 1815762.0001], [989346.7611, 1815744.569], [989349.0384, 1815727.2705], [989352.8148, 1815710.2363], [989358.0615, 1815693.5961], [989364.7384, 1815677.4764], [989372.7949, 1815662.0001], [989382.1696, 1815647.2848], [989392.7911, 1815633.4426], [989404.5786, 1815620.5787], [989417.4425, 1815608.7912], [989431.2847, 1815598.1697], [989446, 1815588.795], [989461.4763, 1815580.7385], [989477.596, 1815574.0616], [989494.2362, 1815568.8149], [989511.2704, 1815565.0385], [989528.5689, 1815562.7612], [989546, 1815562.0001], [989563.4311, 1815562.7612], [989580.7296, 1815565.0385], [989597.7638, 1815568.8149], [989614.404, 1815574.0616], [989630.5237, 1815580.7385], [989646, 1815588.795], [989660.7153, 1815598.1697], [989674.5575, 1815608.7912], [989687.4214, 1815620.5787], [989699.2089, 1815633.4426], [989709.8304, 1815647.2848], [989719.2051, 1815662.0001], [989727.2616, 1815677.4764], [989733.9385, 1815693.5961], [989739.1852, 1815710.2363], [989742.9616, 1815727.2705], [989745.2389, 1815744.569], [989746, 1815762.0001] ] ] }",2025-09-24
2016044,2015,보행어린이,30170004,대전광역시 서구4,대전광역시 서구 둔산동(크로바사거리 부근),3,4,0,1,3,0,36.351241,127.39001,"{ type: Polygon, coordinates: [ [ [990331, 1817098.0001], [990330.2389, 1817115.4312], [990327.9616, 1817132.7297], [990324.1852, 1817149.7639], [990318.9385, 1817166.4041], [990312.2616, 1817182.5238], [990304.2051, 1817198.0001], [990294.8304, 1817212.7154], [990284.2089, 1817226.5576], [990272.4214, 1817239.4215], [990259.5575, 1817251.209], [990245.7153, 1817261.8305], [990231, 1817271.2052], [990215.5237, 1817279.2617], [990199.404, 1817285.9386], [990182.7638, 1817291.1853], [990165.7296, 1817294.9617], [990148.4311, 1817297.239], [990131, 1817298.0001], [990113.5689, 1817297.239], [990096.2704, 1817294.9617], [990079.2362, 1817291.1853], [990062.596, 1817285.9386], [990046.4763, 1817279.2617], [990031, 1817271.2052], [990016.2847, 1817261.8305], [990002.4425, 1817251.209], [989989.5786, 1817239.4215], [989977.7911, 1817226.5576], [989967.1696, 1817212.7154], [989957.7949, 1817198.0001], [989949.7384, 1817182.5238], [989943.0615, 1817166.4041], [989937.8148, 1817149.7639], [989934.0384, 1817132.7297], [989931.7611, 1817115.4312], [989931, 1817098.0001], [989931.7611, 1817080.569], [989934.0384, 1817063.2705], [989937.8148, 1817046.2363], [989943.0615, 1817029.5961], [989949.7384, 1817013.4764], [989957.7949, 1816998.0001], [989967.1696, 1816983.2848], [989977.7911, 1816969.4426], [989989.5786, 1816956.5787], [990002.4425, 1816944.7912], [990016.2847, 1816934.1697], [990031, 1816924.795], [990046.4763, 1816916.7385], [990062.596, 1816910.0616], [990079.2362, 1816904.8149], [990096.2704, 1816901.0385], [990113.5689, 1816898.7612], [990131, 1816898.0001], [990148.4311, 1816898.7612], [990165.7296, 1816901.0385], [990182.7638, 1816904.8149], [990199.404, 1816910.0616], [990215.5237, 1816916.7385], [990231, 1816924.795], [990245.7153, 1816934.1697], [990259.5575, 1816944.7912], [990272.4214, 1816956.5787], [990284.2089, 1816969.4426], [990294.8304, 1816983.2848], [990304.2051, 1816998.0001], [990312.2616, 1817013.4764], [990318.9385, 1817029.5961], [990324.1852, 1817046.2363], [990327.9616, 1817063.2705], [990330.2389, 1817080.569], [990331, 1817098.0001] ] ] }",2025-09-24
2016146,2015,보행노인,30110001,대전광역시 동구1,대전광역시 동구 정동(대전역네거리 부근),9,10,0,3,7,0,36.330832,127.433066,"{ type: Polygon, coordinates: [ [ [994192.7115, 1814830.6181], [994191.9504, 1814848.049], [994189.6731, 1814865.3471], [994185.8967, 1814882.381], [994180.6502, 1814899.0209], [994173.9734, 1814915.1402], [994165.917, 1814930.6162], [994156.5425, 1814945.3313], [994145.9212, 1814959.1732], [994134.1339, 1814972.0368], [994121.2703, 1814983.8241], [994107.4284, 1814994.4454], [994092.7133, 1815003.8199], [994077.2373, 1815011.8763], [994061.118, 1815018.5531], [994044.4781, 1815023.7996], [994027.4442, 1815027.576], [994010.1461, 1815029.8533], [993992.7152, 1815030.6143], [993975.2844, 1815029.8533], [993957.9863, 1815027.576], [993940.9524, 1815023.7996], [993924.3125, 1815018.5531], [993908.1932, 1815011.8763], [993892.7171, 1815003.8199], [993878.0021, 1814994.4454], [993864.1602, 1814983.8241], [993851.2966, 1814972.0368], [993839.5093, 1814959.1732], [993828.8879, 1814945.3313], [993819.5135, 1814930.6162], [993811.4571, 1814915.1402], [993804.7803, 1814899.0209], [993799.5337, 1814882.381], [993795.7574, 1814865.3471], [993793.4801, 1814848.049], [993792.719, 1814830.6181], [993793.4801, 1814813.1873], [993795.7574, 1814795.8892], [993799.5337, 1814778.8553], [993804.7803, 1814762.2154], [993811.4571, 1814746.0961], [993819.5135, 1814730.62], [993828.8879, 1814715.905], [993839.5093, 1814702.0631], [993851.2966, 1814689.1995], [993864.1602, 1814677.4122], [993878.0021, 1814666.7908], [993892.7171, 1814657.4163], [993908.1932, 1814649.36], [993924.3125, 1814642.6832], [993940.9524, 1814637.4366], [993957.9863, 1814633.6603], [993975.2844, 1814631.383], [993992.7152, 1814630.6219], [994010.1461, 1814631.383], [994027.4442, 1814633.6603], [994044.4781, 1814637.4366], [994061.118, 1814642.6832], [994077.2373, 1814649.36], [994092.7133, 1814657.4163], [994107.4284, 1814666.7908], [994121.2703, 1814677.4122], [994134.1339, 1814689.1995], [994145.9212, 1814702.0631], [994156.5425, 1814715.905], [994165.917, 1814730.62], [994173.9734, 1814746.0961], [994180.6502, 1814762.2154], [994185.8967, 1814778.8553], [994189.6731, 1814795.8892], [994191.9504, 1814813.1873], [994192.7115, 1814830.6181] ] ] }",2025-09-24
2016146,2015,보행노인,30110002,대전광역시 동구2,대전광역시 동구 판암동(판암초교입구삼거리 부근),4,6,2,3,1,0,36.317523,127.460492,"{ type: Polygon, coordinates: [ [ [996653.5426, 1813353.0463], [996652.7816, 1813370.4774], [996650.5042, 1813387.7758], [996646.7278, 1813404.81], [996641.4812, 1813421.4502], [996634.8042, 1813437.5697], [996626.7478, 1813453.0461], [996617.3731, 1813467.7613], [996606.7516, 1813481.6035], [996594.9641, 1813494.4673], [996582.1003, 1813506.2548], [996568.2581, 1813516.8763], [996553.5428, 1813526.251], [996538.0665, 1813534.3075], [996521.9469, 1813540.9844], [996505.3067, 1813546.231], [996488.2726, 1813550.0074], [996470.9741, 1813552.2848], [996453.543, 1813553.0459], [996436.1119, 1813552.2848], [996418.8135, 1813550.0074], [996401.7793, 1813546.231], [996385.1391, 1813540.9844], [996369.0196, 1813534.3075], [996353.5432, 1813526.251], [996338.828, 1813516.8763], [996324.9858, 1813506.2548], [996312.122, 1813494.4673], [996300.3345, 1813481.6035], [996289.713, 1813467.7613], [996280.3383, 1813453.0461], [996272.2819, 1813437.5697], [996265.6049, 1813421.4502], [996260.3583, 1813404.81], [996256.5819, 1813387.7758], [996254.3045, 1813370.4774], [996253.5434, 1813353.0463], [996254.3045, 1813335.6152], [996256.5819, 1813318.3167], [996260.3583, 1813301.2826], [996265.6049, 1813284.6424], [996272.2819, 1813268.5228], [996280.3383, 1813253.0465], [996289.713, 1813238.3312], [996300.3345, 1813224.489], [996312.122, 1813211.6252], [996324.9858, 1813199.8377], [996338.828, 1813189.2162], [996353.5432, 1813179.8416], [996369.0196, 1813171.7851], [996385.1391, 1813165.1081], [996401.7793, 1813159.8615], [996418.8135, 1813156.0851], [996436.1119, 1813153.8077], [996453.543, 1813153.0467], [996470.9741, 1813153.8077], [996488.2726, 1813156.0851], [996505.3067, 1813159.8615], [996521.9469, 1813165.1081], [996538.0665, 1813171.7851], [996553.5428, 1813179.8416], [996568.2581, 1813189.2162], [996582.1003, 1813199.8377], [996594.9641, 1813211.6252], [996606.7516, 1813224.489], [996617.3731, 1813238.3312], [996626.7478, 1813253.0465], [996634.8042, 1813268.5228], [996641.4812, 1813284.6424], [996646.7278, 1813301.2826], [996650.5042, 1813318.3167], [996652.7816, 1813335.6152], [996653.5426, 1813353.0463] ] ] }",2025-09-24
2016146,2015,보행노인,30110003,대전광역시 동구3,대전광역시 동구 용운동(화인종합장식 부근),4,4,0,2,2,0,36.327952,127.454832,"{ type: Polygon, coordinates: [ [ [996146, 1814510.0001], [996145.2389, 1814527.4312], [996142.9616, 1814544.7297], [996139.1852, 1814561.7639], [996133.9385, 1814578.4041], [996127.2616, 1814594.5238], [996119.2051, 1814610.0001], [996109.8304, 1814624.7154], [996099.2089, 1814638.5576], [996087.4214, 1814651.4215], [996074.5575, 1814663.209], [996060.7153, 1814673.8305], [996046, 1814683.2052], [996030.5237, 1814691.2617], [996014.404, 1814697.9386], [995997.7638, 1814703.1853], [995980.7296, 1814706.9617], [995963.4311, 1814709.239], [995946, 1814710.0001], [995928.5689, 1814709.239], [995911.2704, 1814706.9617], [995894.2362, 1814703.1853], [995877.596, 1814697.9386], [995861.4763, 1814691.2617], [995846, 1814683.2052], [995831.2847, 1814673.8305], [995817.4425, 1814663.209], [995804.5786, 1814651.4215], [995792.7911, 1814638.5576], [995782.1696, 1814624.7154], [995772.7949, 1814610.0001], [995764.7384, 1814594.5238], [995758.0615, 1814578.4041], [995752.8148, 1814561.7639], [995749.0384, 1814544.7297], [995746.7611, 1814527.4312], [995746, 1814510.0001], [995746.7611, 1814492.569], [995749.0384, 1814475.2705], [995752.8148, 1814458.2363], [995758.0615, 1814441.5961], [995764.7384, 1814425.4764], [995772.7949, 1814410.0001], [995782.1696, 1814395.2848], [995792.7911, 1814381.4426], [995804.5786, 1814368.5787], [995817.4425, 1814356.7912], [995831.2847, 1814346.1697], [995846, 1814336.795], [995861.4763, 1814328.7385], [995877.596, 1814322.0616], [995894.2362, 1814316.8149], [995911.2704, 1814313.0385], [995928.5689, 1814310.7612], [995946, 1814310.0001], [995963.4311, 1814310.7612], [995980.7296, 1814313.0385], [995997.7638, 1814316.8149], [996014.404, 1814322.0616], [996030.5237, 1814328.7385], [996046, 1814336.795], [996060.7153, 1814346.1697], [996074.5575, 1814356.7912], [996087.4214, 1814368.5787], [996099.2089, 1814381.4426], [996109.8304, 1814395.2848], [996119.2051, 1814410.0001], [996127.2616, 1814425.4764], [996133.9385, 1814441.5961], [996139.1852, 1814458.2363], [996142.9616, 1814475.2705], [996145.2389, 1814492.569], [996146, 1814510.0001] ] ] }",2025-09-24
2016146,2015,보행노인,30110004,대전광역시 동구4,대전광역시 동구 삼성동(삼성사거리 부근),3,3,0,3,0,0,36.337333,127.428127,"{ type: Polygon, coordinates: [ [ [993750, 1815552.0001], [993749.2389, 1815569.4312], [993746.9616, 1815586.7297], [993743.1852, 1815603.7639], [993737.9385, 1815620.4041], [993731.2616, 1815636.5238], [993723.2051, 1815652.0001], [993713.8304, 1815666.7154], [993703.2089, 1815680.5576], [993691.4214, 1815693.4215], [993678.5575, 1815705.209], [993664.7153, 1815715.8305], [993650, 1815725.2052], [993634.5237, 1815733.2617], [993618.404, 1815739.9386], [993601.7638, 1815745.1853], [993584.7296, 1815748.9617], [993567.4311, 1815751.239], [993550, 1815752.0001], [993532.5689, 1815751.239], [993515.2704, 1815748.9617], [993498.2362, 1815745.1853], [993481.596, 1815739.9386], [993465.4763, 1815733.2617], [993450, 1815725.2052], [993435.2847, 1815715.8305], [993421.4425, 1815705.209], [993408.5786, 1815693.4215], [993396.7911, 1815680.5576], [993386.1696, 1815666.7154], [993376.7949, 1815652.0001], [993368.7384, 1815636.5238], [993362.0615, 1815620.4041], [993356.8148, 1815603.7639], [993353.0384, 1815586.7297], [993350.7611, 1815569.4312], [993350, 1815552.0001], [993350.7611, 1815534.569], [993353.0384, 1815517.2705], [993356.8148, 1815500.2363], [993362.0615, 1815483.5961], [993368.7384, 1815467.4764], [993376.7949, 1815452.0001], [993386.1696, 1815437.2848], [993396.7911, 1815423.4426], [993408.5786, 1815410.5787], [993421.4425, 1815398.7912], [993435.2847, 1815388.1697], [993450, 1815378.795], [993465.4763, 1815370.7385], [993481.596, 1815364.0616], [993498.2362, 1815358.8149], [993515.2704, 1815355.0385], [993532.5689, 1815352.7612], [993550, 1815352.0001], [993567.4311, 1815352.7612], [993584.7296, 1815355.0385], [993601.7638, 1815358.8149], [993618.404, 1815364.0616], [993634.5237, 1815370.7385], [993650, 1815378.795], [993664.7153, 1815388.1697], [993678.5575, 1815398.7912], [993691.4214, 1815410.5787], [993703.2089, 1815423.4426], [993713.8304, 1815437.2848], [993723.2051, 1815452.0001], [993731.2616, 1815467.4764], [993737.9385, 1815483.5961], [993743.1852, 1815500.2363], [993746.9616, 1815517.2705], [993749.2389, 1815534.569], [993750, 1815552.0001] ] ] }",2025-09-24
2016146,2015,보행노인,30110005,대전광역시 동구5,대전광역시 동구 가양동(목원어린이집 부근),3,3,0,2,1,0,36.34722,127.440344,"{ type: Polygon, coordinates: [ [ [994847, 1816648.0001], [994846.2389, 1816665.4312], [994843.9616, 1816682.7297], [994840.1852, 1816699.7639], [994834.9385, 1816716.4041], [994828.2616, 1816732.5238], [994820.2051, 1816748.0001], [994810.8304, 1816762.7154], [994800.2089, 1816776.5576], [994788.4214, 1816789.4215], [994775.5575, 1816801.209], [994761.7153, 1816811.8305], [994747, 1816821.2052], [994731.5237, 1816829.2617], [994715.404, 1816835.9386], [994698.7638, 1816841.1853], [994681.7296, 1816844.9617], [994664.4311, 1816847.239], [994647, 1816848.0001], [994629.5689, 1816847.239], [994612.2704, 1816844.9617], [994595.2362, 1816841.1853], [994578.596, 1816835.9386], [994562.4763, 1816829.2617], [994547, 1816821.2052], [994532.2847, 1816811.8305], [994518.4425, 1816801.209], [994505.5786, 1816789.4215], [994493.7911, 1816776.5576], [994483.1696, 1816762.7154], [994473.7949, 1816748.0001], [994465.7384, 1816732.5238], [994459.0615, 1816716.4041], [994453.8148, 1816699.7639], [994450.0384, 1816682.7297], [994447.7611, 1816665.4312], [994447, 1816648.0001], [994447.7611, 1816630.569], [994450.0384, 1816613.2705], [994453.8148, 1816596.2363], [994459.0615, 1816579.5961], [994465.7384, 1816563.4764], [994473.7949, 1816548.0001], [994483.1696, 1816533.2848], [994493.7911, 1816519.4426], [994505.5786, 1816506.5787], [994518.4425, 1816494.7912], [994532.2847, 1816484.1697], [994547, 1816474.795], [994562.4763, 1816466.7385], [994578.596, 1816460.0616], [994595.2362, 1816454.8149], [994612.2704, 1816451.0385], [994629.5689, 1816448.7612], [994647, 1816448.0001], [994664.4311, 1816448.7612], [994681.7296, 1816451.0385], [994698.7638, 1816454.8149], [994715.404, 1816460.0616], [994731.5237, 1816466.7385], [994747, 1816474.795], [994761.7153, 1816484.1697], [994775.5575, 1816494.7912], [994788.4214, 1816506.5787], [994800.2089, 1816519.4426], [994810.8304, 1816533.2848], [994820.2051, 1816548.0001], [994828.2616, 1816563.4764], [994834.9385, 1816579.5961], [994840.1852, 1816596.2363], [994843.9616, 1816613.2705], [994846.2389, 1816630.569], [994847, 1816648.0001] ] ] }",2025-09-24
2016146,2015,보행노인,30110006,대전광역시 동구6,대전광역시 동구 원동(원동사거리 부근),3,3,0,2,1,0,36.327175,127.435933,"{ type: Polygon, coordinates: [ [ [994449.7779, 1814424.8131], [994449.0168, 1814442.2443], [994446.7394, 1814459.5428], [994442.963, 1814476.5771], [994437.7164, 1814493.2174], [994431.0394, 1814509.3371], [994422.9829, 1814524.8135], [994413.6082, 1814539.5288], [994402.9866, 1814553.3711], [994391.199, 1814566.235], [994378.3351, 1814578.0226], [994364.4928, 1814588.6442], [994349.7775, 1814598.0189], [994334.3011, 1814606.0754], [994318.1814, 1814612.7524], [994301.5411, 1814617.9991], [994284.5068, 1814621.7755], [994267.2083, 1814624.0529], [994249.777, 1814624.8139], [994232.3458, 1814624.0529], [994215.0472, 1814621.7755], [994198.013, 1814617.9991], [994181.3727, 1814612.7524], [994165.253, 1814606.0754], [994149.7766, 1814598.0189], [994135.0612, 1814588.6442], [994121.2189, 1814578.0226], [994108.355, 1814566.235], [994096.5675, 1814553.3711], [994085.9459, 1814539.5288], [994076.5712, 1814524.8135], [994068.5147, 1814509.3371], [994061.8377, 1814493.2174], [994056.591, 1814476.5771], [994052.8146, 1814459.5428], [994050.5372, 1814442.2443], [994049.7761, 1814424.8131], [994050.5372, 1814407.3818], [994052.8146, 1814390.0833], [994056.591, 1814373.049], [994061.8377, 1814356.4087], [994068.5147, 1814340.289], [994076.5712, 1814324.8126], [994085.9459, 1814310.0973], [994096.5675, 1814296.255], [994108.355, 1814283.3911], [994121.2189, 1814271.6035], [994135.0612, 1814260.9819], [994149.7766, 1814251.6072], [994165.253, 1814243.5507], [994181.3727, 1814236.8737], [994198.013, 1814231.627], [994215.0472, 1814227.8506], [994232.3458, 1814225.5732], [994249.777, 1814224.8122], [994267.2083, 1814225.5732], [994284.5068, 1814227.8506], [994301.5411, 1814231.627], [994318.1814, 1814236.8737], [994334.3011, 1814243.5507], [994349.7775, 1814251.6072], [994364.4928, 1814260.9819], [994378.3351, 1814271.6035], [994391.199, 1814283.3911], [994402.9866, 1814296.255], [994413.6082, 1814310.0973], [994422.9829, 1814324.8126], [994431.0394, 1814340.289], [994437.7164, 1814356.4087], [994442.963, 1814373.049], [994446.7394, 1814390.0833], [994449.0168, 1814407.3818], [994449.7779, 1814424.8131] ] ] }",2025-09-24
2016146,2015,보행노인,30110007,대전광역시 동구7,대전광역시 동구 성남동(성남네거리 부근),2,2,2,0,0,0,36.340574,127.435981,"{ type: Polygon, coordinates: [ [ [994455, 1815911.0001], [994454.2389, 1815928.4312], [994451.9616, 1815945.7297], [994448.1852, 1815962.7639], [994442.9385, 1815979.4041], [994436.2616, 1815995.5238], [994428.2051, 1816011.0001], [994418.8304, 1816025.7154], [994408.2089, 1816039.5576], [994396.4214, 1816052.4215], [994383.5575, 1816064.209], [994369.7153, 1816074.8305], [994355, 1816084.2052], [994339.5237, 1816092.2617], [994323.404, 1816098.9386], [994306.7638, 1816104.1853], [994289.7296, 1816107.9617], [994272.4311, 1816110.239], [994255, 1816111.0001], [994237.5689, 1816110.239], [994220.2704, 1816107.9617], [994203.2362, 1816104.1853], [994186.596, 1816098.9386], [994170.4763, 1816092.2617], [994155, 1816084.2052], [994140.2847, 1816074.8305], [994126.4425, 1816064.209], [994113.5786, 1816052.4215], [994101.7911, 1816039.5576], [994091.1696, 1816025.7154], [994081.7949, 1816011.0001], [994073.7384, 1815995.5238], [994067.0615, 1815979.4041], [994061.8148, 1815962.7639], [994058.0384, 1815945.7297], [994055.7611, 1815928.4312], [994055, 1815911.0001], [994055.7611, 1815893.569], [994058.0384, 1815876.2705], [994061.8148, 1815859.2363], [994067.0615, 1815842.5961], [994073.7384, 1815826.4764], [994081.7949, 1815811.0001], [994091.1696, 1815796.2848], [994101.7911, 1815782.4426], [994113.5786, 1815769.5787], [994126.4425, 1815757.7912], [994140.2847, 1815747.1697], [994155, 1815737.795], [994170.4763, 1815729.7385], [994186.596, 1815723.0616], [994203.2362, 1815717.8149], [994220.2704, 1815714.0385], [994237.5689, 1815711.7612], [994255, 1815711.0001], [994272.4311, 1815711.7612], [994289.7296, 1815714.0385], [994306.7638, 1815717.8149], [994323.404, 1815723.0616], [994339.5237, 1815729.7385], [994355, 1815737.795], [994369.7153, 1815747.1697], [994383.5575, 1815757.7912], [994396.4214, 1815769.5787], [994408.2089, 1815782.4426], [994418.8304, 1815796.2848], [994428.2051, 1815811.0001], [994436.2616, 1815826.4764], [994442.9385, 1815842.5961], [994448.1852, 1815859.2363], [994451.9616, 1815876.2705], [994454.2389, 1815893.569], [994455, 1815911.0001] ] ] }",2025-09-24
2016146,2015,보행노인,30110008,대전광역시 동구8,대전광역시 동구 삼성동(대일볼트 부근),2,2,1,1,0,0,36.344009,127.421232,"{ type: Polygon, coordinates: [ [ [993131.8156, 1816293.0601], [993131.0546, 1816310.4914], [993128.7772, 1816327.79], [993125.0008, 1816344.8242], [993119.7541, 1816361.4646], [993113.0771, 1816377.5843], [993105.0206, 1816393.0607], [993095.6458, 1816407.7761], [993085.0242, 1816421.6184], [993073.2366, 1816434.4823], [993060.3727, 1816446.2699], [993046.5304, 1816456.8915], [993031.8151, 1816466.2662], [993016.3386, 1816474.3227], [993000.2189, 1816480.9997], [992983.5786, 1816486.2464], [992966.5443, 1816490.0228], [992949.2457, 1816492.3002], [992931.8145, 1816493.0613], [992914.3832, 1816492.3002], [992897.0846, 1816490.0228], [992880.0504, 1816486.2464], [992863.4101, 1816480.9997], [992847.2903, 1816474.3227], [992831.8139, 1816466.2662], [992817.0985, 1816456.8915], [992803.2562, 1816446.2699], [992790.3923, 1816434.4823], [992778.6047, 1816421.6184], [992767.9831, 1816407.7761], [992758.6084, 1816393.0607], [992750.5519, 1816377.5843], [992743.8749, 1816361.4646], [992738.6282, 1816344.8242], [992734.8518, 1816327.79], [992732.5744, 1816310.4914], [992731.8133, 1816293.0601], [992732.5744, 1816275.6289], [992734.8518, 1816258.3303], [992738.6282, 1816241.296], [992743.8749, 1816224.6557], [992750.5519, 1816208.536], [992758.6084, 1816193.0596], [992767.9831, 1816178.3442], [992778.6047, 1816164.5019], [992790.3923, 1816151.638], [992803.2562, 1816139.8504], [992817.0985, 1816129.2288], [992831.8139, 1816119.8541], [992847.2903, 1816111.7975], [992863.4101, 1816105.1205], [992880.0504, 1816099.8739], [992897.0846, 1816096.0975], [992914.3832, 1816093.8201], [992931.8145, 1816093.059], [992949.2457, 1816093.8201], [992966.5443, 1816096.0975], [992983.5786, 1816099.8739], [993000.2189, 1816105.1205], [993016.3386, 1816111.7975], [993031.8151, 1816119.8541], [993046.5304, 1816129.2288], [993060.3727, 1816139.8504], [993073.2366, 1816151.638], [993085.0242, 1816164.5019], [993095.6458, 1816178.3442], [993105.0206, 1816193.0596], [993113.0771, 1816208.536], [993119.7541, 1816224.6557], [993125.0008, 1816241.296], [993128.7772, 1816258.3303], [993131.0546, 1816275.6289], [993131.8156, 1816293.0601] ] ] }",2025-09-24
2016146,2015,보행노인,30140001,대전광역시 중구1,대전광역시 중구 부사동(보문오거리 부근),5,5,0,2,3,0,36.313022,127.434967,"{ type: Polygon, coordinates: [ [ [994362, 1812855.0001], [994361.2389, 1812872.4312], [994358.9616, 1812889.7297], [994355.1852, 1812906.7639], [994349.9385, 1812923.4041], [994343.2616, 1812939.5238], [994335.2051, 1812955.0001], [994325.8304, 1812969.7154], [994315.2089, 1812983.5576], [994303.4214, 1812996.4215], [994290.5575, 1813008.209], [994276.7153, 1813018.8305], [994262, 1813028.2052], [994246.5237, 1813036.2617], [994230.404, 1813042.9386], [994213.7638, 1813048.1853], [994196.7296, 1813051.9617], [994179.4311, 1813054.239], [994162, 1813055.0001], [994144.5689, 1813054.239], [994127.2704, 1813051.9617], [994110.2362, 1813048.1853], [994093.596, 1813042.9386], [994077.4763, 1813036.2617], [994062, 1813028.2052], [994047.2847, 1813018.8305], [994033.4425, 1813008.209], [994020.5786, 1812996.4215], [994008.7911, 1812983.5576], [993998.1696, 1812969.7154], [993988.7949, 1812955.0001], [993980.7384, 1812939.5238], [993974.0615, 1812923.4041], [993968.8148, 1812906.7639], [993965.0384, 1812889.7297], [993962.7611, 1812872.4312], [993962, 1812855.0001], [993962.7611, 1812837.569], [993965.0384, 1812820.2705], [993968.8148, 1812803.2363], [993974.0615, 1812786.5961], [993980.7384, 1812770.4764], [993988.7949, 1812755.0001], [993998.1696, 1812740.2848], [994008.7911, 1812726.4426], [994020.5786, 1812713.5787], [994033.4425, 1812701.7912], [994047.2847, 1812691.1697], [994062, 1812681.795], [994077.4763, 1812673.7385], [994093.596, 1812667.0616], [994110.2362, 1812661.8149], [994127.2704, 1812658.0385], [994144.5689, 1812655.7612], [994162, 1812655.0001], [994179.4311, 1812655.7612], [994196.7296, 1812658.0385], [994213.7638, 1812661.8149], [994230.404, 1812667.0616], [994246.5237, 1812673.7385], [994262, 1812681.795], [994276.7153, 1812691.1697], [994290.5575, 1812701.7912], [994303.4214, 1812713.5787], [994315.2089, 1812726.4426], [994325.8304, 1812740.2848], [994335.2051, 1812755.0001], [994343.2616, 1812770.4764], [994349.9385, 1812786.5961], [994355.1852, 1812803.2363], [994358.9616, 1812820.2705], [994361.2389, 1812837.569], [994362, 1812855.0001] ] ] }",2025-09-24
2016146,2015,보행노인,30140002,대전광역시 중구2,대전광역시 중구 산성동(산성네거리 부근),4,4,0,1,3,0,36.3049,127.387569,"{ type: Polygon, coordinates: [ [ [990106, 1811958.0001], [990105.2389, 1811975.4312], [990102.9616, 1811992.7297], [990099.1852, 1812009.7639], [990093.9385, 1812026.4041], [990087.2616, 1812042.5238], [990079.2051, 1812058.0001], [990069.8304, 1812072.7154], [990059.2089, 1812086.5576], [990047.4214, 1812099.4215], [990034.5575, 1812111.209], [990020.7153, 1812121.8305], [990006, 1812131.2052], [989990.5237, 1812139.2617], [989974.404, 1812145.9386], [989957.7638, 1812151.1853], [989940.7296, 1812154.9617], [989923.4311, 1812157.239], [989906, 1812158.0001], [989888.5689, 1812157.239], [989871.2704, 1812154.9617], [989854.2362, 1812151.1853], [989837.596, 1812145.9386], [989821.4763, 1812139.2617], [989806, 1812131.2052], [989791.2847, 1812121.8305], [989777.4425, 1812111.209], [989764.5786, 1812099.4215], [989752.7911, 1812086.5576], [989742.1696, 1812072.7154], [989732.7949, 1812058.0001], [989724.7384, 1812042.5238], [989718.0615, 1812026.4041], [989712.8148, 1812009.7639], [989709.0384, 1811992.7297], [989706.7611, 1811975.4312], [989706, 1811958.0001], [989706.7611, 1811940.569], [989709.0384, 1811923.2705], [989712.8148, 1811906.2363], [989718.0615, 1811889.5961], [989724.7384, 1811873.4764], [989732.7949, 1811858.0001], [989742.1696, 1811843.2848], [989752.7911, 1811829.4426], [989764.5786, 1811816.5787], [989777.4425, 1811804.7912], [989791.2847, 1811794.1697], [989806, 1811784.795], [989821.4763, 1811776.7385], [989837.596, 1811770.0616], [989854.2362, 1811764.8149], [989871.2704, 1811761.0385], [989888.5689, 1811758.7612], [989906, 1811758.0001], [989923.4311, 1811758.7612], [989940.7296, 1811761.0385], [989957.7638, 1811764.8149], [989974.404, 1811770.0616], [989990.5237, 1811776.7385], [990006, 1811784.795], [990020.7153, 1811794.1697], [990034.5575, 1811804.7912], [990047.4214, 1811816.5787], [990059.2089, 1811829.4426], [990069.8304, 1811843.2848], [990079.2051, 1811858.0001], [990087.2616, 1811873.4764], [990093.9385, 1811889.5961], [990099.1852, 1811906.2363], [990102.9616, 1811923.2705], [990105.2389, 1811940.569], [990106, 1811958.0001] ] ] }",2025-09-24
2016146,2015,보행노인,30140003,대전광역시 중구3,대전광역시 중구 오류동(B&G미용실 부근),3,3,1,0,1,1,36.323763,127.404179,"{ type: Polygon, coordinates: [ [ [991599.2885, 1814048.6671], [991598.5275, 1814066.0977], [991596.2501, 1814083.3958], [991592.4739, 1814100.4295], [991587.2274, 1814117.0692], [991580.5506, 1814133.1884], [991572.4943, 1814148.6644], [991563.1199, 1814163.3792], [991552.4987, 1814177.2211], [991540.7114, 1814190.0846], [991527.848, 1814201.8718], [991514.0061, 1814212.493], [991499.2912, 1814221.8675], [991483.8153, 1814229.9237], [991467.6961, 1814236.6005], [991451.0563, 1814241.847], [991434.0226, 1814245.6233], [991416.7246, 1814247.9006], [991399.2939, 1814248.6617], [991381.8632, 1814247.9006], [991364.5652, 1814245.6233], [991347.5315, 1814241.847], [991330.8917, 1814236.6005], [991314.7725, 1814229.9237], [991299.2966, 1814221.8675], [991284.5817, 1814212.493], [991270.7398, 1814201.8718], [991257.8764, 1814190.0846], [991246.0891, 1814177.2211], [991235.4679, 1814163.3792], [991226.0935, 1814148.6644], [991218.0372, 1814133.1884], [991211.3604, 1814117.0692], [991206.1139, 1814100.4295], [991202.3377, 1814083.3958], [991200.0603, 1814066.0977], [991199.2993, 1814048.6671], [991200.0603, 1814031.2364], [991202.3377, 1814013.9384], [991206.1139, 1813996.9046], [991211.3604, 1813980.2649], [991218.0372, 1813964.1457], [991226.0935, 1813948.6697], [991235.4679, 1813933.9549], [991246.0891, 1813920.113], [991257.8764, 1813907.2495], [991270.7398, 1813895.4623], [991284.5817, 1813884.8411], [991299.2966, 1813875.4666], [991314.7725, 1813867.4104], [991330.8917, 1813860.7336], [991347.5315, 1813855.4871], [991364.5652, 1813851.7108], [991381.8632, 1813849.4335], [991399.2939, 1813848.6724], [991416.7246, 1813849.4335], [991434.0226, 1813851.7108], [991451.0563, 1813855.4871], [991467.6961, 1813860.7336], [991483.8153, 1813867.4104], [991499.2912, 1813875.4666], [991514.0061, 1813884.8411], [991527.848, 1813895.4623], [991540.7114, 1813907.2495], [991552.4987, 1813920.113], [991563.1199, 1813933.9549], [991572.4943, 1813948.6697], [991580.5506, 1813964.1457], [991587.2274, 1813980.2649], [991592.4739, 1813996.9046], [991596.2501, 1814013.9384], [991598.5275, 1814031.2364], [991599.2885, 1814048.6671] ] ] }",2025-09-24
2016146,2015,보행노인,30140004,대전광역시 중구4,대전광역시 중구 문창동(보문교 부근),3,3,0,2,1,0,36.321028,127.436041,"{ type: Polygon, coordinates: [ [ [994459, 1813743.0001], [994458.2389, 1813760.4312], [994455.9616, 1813777.7297], [994452.1852, 1813794.7639], [994446.9385, 1813811.4041], [994440.2616, 1813827.5238], [994432.2051, 1813843.0001], [994422.8304, 1813857.7154], [994412.2089, 1813871.5576], [994400.4214, 1813884.4215], [994387.5575, 1813896.209], [994373.7153, 1813906.8305], [994359, 1813916.2052], [994343.5237, 1813924.2617], [994327.404, 1813930.9386], [994310.7638, 1813936.1853], [994293.7296, 1813939.9617], [994276.4311, 1813942.239], [994259, 1813943.0001], [994241.5689, 1813942.239], [994224.2704, 1813939.9617], [994207.2362, 1813936.1853], [994190.596, 1813930.9386], [994174.4763, 1813924.2617], [994159, 1813916.2052], [994144.2847, 1813906.8305], [994130.4425, 1813896.209], [994117.5786, 1813884.4215], [994105.7911, 1813871.5576], [994095.1696, 1813857.7154], [994085.7949, 1813843.0001], [994077.7384, 1813827.5238], [994071.0615, 1813811.4041], [994065.8148, 1813794.7639], [994062.0384, 1813777.7297], [994059.7611, 1813760.4312], [994059, 1813743.0001], [994059.7611, 1813725.569], [994062.0384, 1813708.2705], [994065.8148, 1813691.2363], [994071.0615, 1813674.5961], [994077.7384, 1813658.4764], [994085.7949, 1813643.0001], [994095.1696, 1813628.2848], [994105.7911, 1813614.4426], [994117.5786, 1813601.5787], [994130.4425, 1813589.7912], [994144.2847, 1813579.1697], [994159, 1813569.795], [994174.4763, 1813561.7385], [994190.596, 1813555.0616], [994207.2362, 1813549.8149], [994224.2704, 1813546.0385], [994241.5689, 1813543.7612], [994259, 1813543.0001], [994276.4311, 1813543.7612], [994293.7296, 1813546.0385], [994310.7638, 1813549.8149], [994327.404, 1813555.0616], [994343.5237, 1813561.7385], [994359, 1813569.795], [994373.7153, 1813579.1697], [994387.5575, 1813589.7912], [994400.4214, 1813601.5787], [994412.2089, 1813614.4426], [994422.8304, 1813628.2848], [994432.2051, 1813643.0001], [994440.2616, 1813658.4764], [994446.9385, 1813674.5961], [994452.1852, 1813691.2363], [994455.9616, 1813708.2705], [994458.2389, 1813725.569], [994459, 1813743.0001] ] ] }",2025-09-24
2016146,2015,보행노인,30170001,대전광역시 서구1,대전광역시 서구 도마동(도마네거리 부근),7,7,0,5,2,0,36.313495,127.380739,"{ type: Polygon, coordinates: [ [ [989494.0338, 1812912.1025], [989493.2728, 1812929.5336], [989490.9954, 1812946.832], [989487.219, 1812963.8662], [989481.9724, 1812980.5063], [989475.2954, 1812996.6259], [989467.239, 1813012.1022], [989457.8643, 1813026.8175], [989447.2428, 1813040.6597], [989435.4553, 1813053.5235], [989422.5915, 1813065.311], [989408.7493, 1813075.9325], [989394.034, 1813085.3071], [989378.5577, 1813093.3636], [989362.4382, 1813100.0406], [989345.798, 1813105.2872], [989328.7638, 1813109.0636], [989311.4654, 1813111.3409], [989294.0343, 1813112.102], [989276.6032, 1813111.3409], [989259.3047, 1813109.0636], [989242.2706, 1813105.2872], [989225.6304, 1813100.0406], [989209.5108, 1813093.3636], [989194.0345, 1813085.3071], [989179.3193, 1813075.9325], [989165.4771, 1813065.311], [989152.6133, 1813053.5235], [989140.8258, 1813040.6597], [989130.2043, 1813026.8175], [989120.8296, 1813012.1022], [989112.7731, 1812996.6259], [989106.0962, 1812980.5063], [989100.8496, 1812963.8662], [989097.0732, 1812946.832], [989094.7958, 1812929.5336], [989094.0348, 1812912.1025], [989094.7958, 1812894.6714], [989097.0732, 1812877.3729], [989100.8496, 1812860.3388], [989106.0962, 1812843.6986], [989112.7731, 1812827.579], [989120.8296, 1812812.1027], [989130.2043, 1812797.3875], [989140.8258, 1812783.5453], [989152.6133, 1812770.6814], [989165.4771, 1812758.8939], [989179.3193, 1812748.2724], [989194.0345, 1812738.8978], [989209.5108, 1812730.8413], [989225.6304, 1812724.1644], [989242.2706, 1812718.9178], [989259.3047, 1812715.1414], [989276.6032, 1812712.864], [989294.0343, 1812712.1029], [989311.4654, 1812712.864], [989328.7638, 1812715.1414], [989345.798, 1812718.9178], [989362.4382, 1812724.1644], [989378.5577, 1812730.8413], [989394.034, 1812738.8978], [989408.7493, 1812748.2724], [989422.5915, 1812758.8939], [989435.4553, 1812770.6814], [989447.2428, 1812783.5453], [989457.8643, 1812797.3875], [989467.239, 1812812.1027], [989475.2954, 1812827.579], [989481.9724, 1812843.6986], [989487.219, 1812860.3388], [989490.9954, 1812877.3729], [989493.2728, 1812894.6714], [989494.0338, 1812912.1025] ] ] }",2025-09-24
2016146,2015,보행노인,30170002,대전광역시 서구2,대전광역시 서구 용문동(대전선민교회 부근),3,3,0,2,1,0,36.335318,127.388127,"{ type: Polygon, coordinates: [ [ [990160, 1815332.0001], [990159.2389, 1815349.4312], [990156.9616, 1815366.7297], [990153.1852, 1815383.7639], [990147.9385, 1815400.4041], [990141.2616, 1815416.5238], [990133.2051, 1815432.0001], [990123.8304, 1815446.7154], [990113.2089, 1815460.5576], [990101.4214, 1815473.4215], [990088.5575, 1815485.209], [990074.7153, 1815495.8305], [990060, 1815505.2052], [990044.5237, 1815513.2617], [990028.404, 1815519.9386], [990011.7638, 1815525.1853], [989994.7296, 1815528.9617], [989977.4311, 1815531.239], [989960, 1815532.0001], [989942.5689, 1815531.239], [989925.2704, 1815528.9617], [989908.2362, 1815525.1853], [989891.596, 1815519.9386], [989875.4763, 1815513.2617], [989860, 1815505.2052], [989845.2847, 1815495.8305], [989831.4425, 1815485.209], [989818.5786, 1815473.4215], [989806.7911, 1815460.5576], [989796.1696, 1815446.7154], [989786.7949, 1815432.0001], [989778.7384, 1815416.5238], [989772.0615, 1815400.4041], [989766.8148, 1815383.7639], [989763.0384, 1815366.7297], [989760.7611, 1815349.4312], [989760, 1815332.0001], [989760.7611, 1815314.569], [989763.0384, 1815297.2705], [989766.8148, 1815280.2363], [989772.0615, 1815263.5961], [989778.7384, 1815247.4764], [989786.7949, 1815232.0001], [989796.1696, 1815217.2848], [989806.7911, 1815203.4426], [989818.5786, 1815190.5787], [989831.4425, 1815178.7912], [989845.2847, 1815168.1697], [989860, 1815158.795], [989875.4763, 1815150.7385], [989891.596, 1815144.0616], [989908.2362, 1815138.8149], [989925.2704, 1815135.0385], [989942.5689, 1815132.7612], [989960, 1815132.0001], [989977.4311, 1815132.7612], [989994.7296, 1815135.0385], [990011.7638, 1815138.8149], [990028.404, 1815144.0616], [990044.5237, 1815150.7385], [990060, 1815158.795], [990074.7153, 1815168.1697], [990088.5575, 1815178.7912], [990101.4214, 1815190.5787], [990113.2089, 1815203.4426], [990123.8304, 1815217.2848], [990133.2051, 1815232.0001], [990141.2616, 1815247.4764], [990147.9385, 1815263.5961], [990153.1852, 1815280.2363], [990156.9616, 1815297.2705], [990159.2389, 1815314.569], [990160, 1815332.0001] ] ] }",2025-09-24
2016146,2015,보행노인,30170003,대전광역시 서구3,대전광역시 서구 월평동(백합사거리 부근),3,3,0,1,2,0,36.362231,127.377518,"{ type: Polygon, coordinates: [ [ [989211.7114, 1818318.2925], [989210.9503, 1818335.7237], [989208.673, 1818353.0222], [989204.8966, 1818370.0563], [989199.6499, 1818386.6965], [989192.973, 1818402.8162], [989184.9165, 1818418.2925], [989175.5418, 1818433.0078], [989164.9203, 1818446.85], [989153.1328, 1818459.7138], [989140.269, 1818471.5014], [989126.4267, 1818482.1229], [989111.7114, 1818491.4976], [989096.2351, 1818499.554], [989080.1155, 1818506.231], [989063.4753, 1818511.4776], [989046.4411, 1818515.254], [989029.1426, 1818517.5314], [989011.7115, 1818518.2925], [988994.2803, 1818517.5314], [988976.9819, 1818515.254], [988959.9477, 1818511.4776], [988943.3075, 1818506.231], [988927.1879, 1818499.554], [988911.7115, 1818491.4976], [988896.9962, 1818482.1229], [988883.154, 1818471.5014], [988870.2902, 1818459.7138], [988858.5026, 1818446.85], [988847.8811, 1818433.0078], [988838.5065, 1818418.2925], [988830.45, 1818402.8162], [988823.773, 1818386.6965], [988818.5264, 1818370.0563], [988814.75, 1818353.0222], [988812.4726, 1818335.7237], [988811.7115, 1818318.2925], [988812.4726, 1818300.8614], [988814.75, 1818283.5629], [988818.5264, 1818266.5287], [988823.773, 1818249.8885], [988830.45, 1818233.7689], [988838.5065, 1818218.2926], [988847.8811, 1818203.5773], [988858.5026, 1818189.7351], [988870.2902, 1818176.8712], [988883.154, 1818165.0837], [988896.9962, 1818154.4622], [988911.7115, 1818145.0875], [988927.1879, 1818137.031], [988943.3075, 1818130.3541], [988959.9477, 1818125.1074], [988976.9819, 1818121.3311], [988994.2803, 1818119.0537], [989011.7115, 1818118.2926], [989029.1426, 1818119.0537], [989046.4411, 1818121.3311], [989063.4753, 1818125.1074], [989080.1155, 1818130.3541], [989096.2351, 1818137.031], [989111.7114, 1818145.0875], [989126.4267, 1818154.4622], [989140.269, 1818165.0837], [989153.1328, 1818176.8712], [989164.9203, 1818189.7351], [989175.5418, 1818203.5773], [989184.9165, 1818218.2926], [989192.973, 1818233.7689], [989199.6499, 1818249.8885], [989204.8966, 1818266.5287], [989208.673, 1818283.5629], [989210.9503, 1818300.8614], [989211.7114, 1818318.2925] ] ] }",2025-09-24
2016146,2015,보행노인,30200001,대전광역시 유성구1,대전광역시 유성구 장대동(고인돌만화 부근),4,4,0,0,4,0,36.357847,127.336224,"{ type: Polygon, coordinates: [ [ [985506.2204, 1817837.5161], [985505.4593, 1817854.9474], [985503.1819, 1817872.2461], [985499.4055, 1817889.2804], [985494.1588, 1817905.9208], [985487.4818, 1817922.0406], [985479.4252, 1817937.517], [985470.0505, 1817952.2325], [985459.4289, 1817966.0748], [985447.6412, 1817978.9388], [985434.7773, 1817990.7264], [985420.9349, 1818001.348], [985406.2195, 1818010.7228], [985390.743, 1818018.7793], [985374.6232, 1818025.4564], [985357.9829, 1818030.703], [985340.9485, 1818034.4795], [985323.6499, 1818036.7569], [985306.2186, 1818037.5179], [985288.7873, 1818036.7569], [985271.4886, 1818034.4795], [985254.4543, 1818030.703], [985237.8139, 1818025.4564], [985221.6942, 1818018.7793], [985206.2177, 1818010.7228], [985191.5023, 1818001.348], [985177.6599, 1817990.7264], [985164.7959, 1817978.9388], [985153.0083, 1817966.0748], [985142.3867, 1817952.2325], [985133.0119, 1817937.517], [985124.9554, 1817922.0406], [985118.2784, 1817905.9208], [985113.0317, 1817889.2804], [985109.2553, 1817872.2461], [985106.9778, 1817854.9474], [985106.2168, 1817837.5161], [985106.9778, 1817820.0848], [985109.2553, 1817802.7862], [985113.0317, 1817785.7519], [985118.2784, 1817769.1115], [985124.9554, 1817752.9917], [985133.0119, 1817737.5152], [985142.3867, 1817722.7998], [985153.0083, 1817708.9574], [985164.7959, 1817696.0935], [985177.6599, 1817684.3059], [985191.5023, 1817673.6842], [985206.2177, 1817664.3095], [985221.6942, 1817656.2529], [985237.8139, 1817649.5759], [985254.4543, 1817644.3292], [985271.4886, 1817640.5528], [985288.7873, 1817638.2754], [985306.2186, 1817637.5143], [985323.6499, 1817638.2754], [985340.9485, 1817640.5528], [985357.9829, 1817644.3292], [985374.6232, 1817649.5759], [985390.743, 1817656.2529], [985406.2195, 1817664.3095], [985420.9349, 1817673.6842], [985434.7773, 1817684.3059], [985447.6412, 1817696.0935], [985459.4289, 1817708.9574], [985470.0505, 1817722.7998], [985479.4252, 1817737.5152], [985487.4818, 1817752.9917], [985494.1588, 1817769.1115], [985499.4055, 1817785.7519], [985503.1819, 1817802.7862], [985505.4593, 1817820.0848], [985506.2204, 1817837.5161] ] ] }",2025-09-24
2016146,2015,보행노인,30200002,대전광역시 유성구2,대전광역시 유성구 구암동(한경자원 부근),3,3,2,1,0,0,36.348605,127.332407,"{ type: Polygon, coordinates: [ [ [985162, 1816813.0001], [985161.2389, 1816830.4312], [985158.9616, 1816847.7297], [985155.1852, 1816864.7639], [985149.9385, 1816881.4041], [985143.2616, 1816897.5238], [985135.2051, 1816913.0001], [985125.8304, 1816927.7154], [985115.2089, 1816941.5576], [985103.4214, 1816954.4215], [985090.5575, 1816966.209], [985076.7153, 1816976.8305], [985062, 1816986.2052], [985046.5237, 1816994.2617], [985030.404, 1817000.9386], [985013.7638, 1817006.1853], [984996.7296, 1817009.9617], [984979.4311, 1817012.239], [984962, 1817013.0001], [984944.5689, 1817012.239], [984927.2704, 1817009.9617], [984910.2362, 1817006.1853], [984893.596, 1817000.9386], [984877.4763, 1816994.2617], [984862, 1816986.2052], [984847.2847, 1816976.8305], [984833.4425, 1816966.209], [984820.5786, 1816954.4215], [984808.7911, 1816941.5576], [984798.1696, 1816927.7154], [984788.7949, 1816913.0001], [984780.7384, 1816897.5238], [984774.0615, 1816881.4041], [984768.8148, 1816864.7639], [984765.0384, 1816847.7297], [984762.7611, 1816830.4312], [984762, 1816813.0001], [984762.7611, 1816795.569], [984765.0384, 1816778.2705], [984768.8148, 1816761.2363], [984774.0615, 1816744.5961], [984780.7384, 1816728.4764], [984788.7949, 1816713.0001], [984798.1696, 1816698.2848], [984808.7911, 1816684.4426], [984820.5786, 1816671.5787], [984833.4425, 1816659.7912], [984847.2847, 1816649.1697], [984862, 1816639.795], [984877.4763, 1816631.7385], [984893.596, 1816625.0616], [984910.2362, 1816619.8149], [984927.2704, 1816616.0385], [984944.5689, 1816613.7612], [984962, 1816613.0001], [984979.4311, 1816613.7612], [984996.7296, 1816616.0385], [985013.7638, 1816619.8149], [985030.404, 1816625.0616], [985046.5237, 1816631.7385], [985062, 1816639.795], [985076.7153, 1816649.1697], [985090.5575, 1816659.7912], [985103.4214, 1816671.5787], [985115.2089, 1816684.4426], [985125.8304, 1816698.2848], [985135.2051, 1816713.0001], [985143.2616, 1816728.4764], [985149.9385, 1816744.5961], [985155.1852, 1816761.2363], [985158.9616, 1816778.2705], [985161.2389, 1816795.569], [985162, 1816813.0001] ] ] }",2025-09-24
2016146,2015,보행노인,30200003,대전광역시 유성구3,대전광역시 유성구 구암동(영진 부근),3,3,1,1,1,0,36.354724,127.330588,"{ type: Polygon, coordinates: [ [ [985000, 1817492.0001], [984999.2389, 1817509.4312], [984996.9616, 1817526.7297], [984993.1852, 1817543.7639], [984987.9385, 1817560.4041], [984981.2616, 1817576.5238], [984973.2051, 1817592.0001], [984963.8304, 1817606.7154], [984953.2089, 1817620.5576], [984941.4214, 1817633.4215], [984928.5575, 1817645.209], [984914.7153, 1817655.8305], [984900, 1817665.2052], [984884.5237, 1817673.2617], [984868.404, 1817679.9386], [984851.7638, 1817685.1853], [984834.7296, 1817688.9617], [984817.4311, 1817691.239], [984800, 1817692.0001], [984782.5689, 1817691.239], [984765.2704, 1817688.9617], [984748.2362, 1817685.1853], [984731.596, 1817679.9386], [984715.4763, 1817673.2617], [984700, 1817665.2052], [984685.2847, 1817655.8305], [984671.4425, 1817645.209], [984658.5786, 1817633.4215], [984646.7911, 1817620.5576], [984636.1696, 1817606.7154], [984626.7949, 1817592.0001], [984618.7384, 1817576.5238], [984612.0615, 1817560.4041], [984606.8148, 1817543.7639], [984603.0384, 1817526.7297], [984600.7611, 1817509.4312], [984600, 1817492.0001], [984600.7611, 1817474.569], [984603.0384, 1817457.2705], [984606.8148, 1817440.2363], [984612.0615, 1817423.5961], [984618.7384, 1817407.4764], [984626.7949, 1817392.0001], [984636.1696, 1817377.2848], [984646.7911, 1817363.4426], [984658.5786, 1817350.5787], [984671.4425, 1817338.7912], [984685.2847, 1817328.1697], [984700, 1817318.795], [984715.4763, 1817310.7385], [984731.596, 1817304.0616], [984748.2362, 1817298.8149], [984765.2704, 1817295.0385], [984782.5689, 1817292.7612], [984800, 1817292.0001], [984817.4311, 1817292.7612], [984834.7296, 1817295.0385], [984851.7638, 1817298.8149], [984868.404, 1817304.0616], [984884.5237, 1817310.7385], [984900, 1817318.795], [984914.7153, 1817328.1697], [984928.5575, 1817338.7912], [984941.4214, 1817350.5787], [984953.2089, 1817363.4426], [984963.8304, 1817377.2848], [984973.2051, 1817392.0001], [984981.2616, 1817407.4764], [984987.9385, 1817423.5961], [984993.1852, 1817440.2363], [984996.9616, 1817457.2705], [984999.2389, 1817474.569], [985000, 1817492.0001] ] ] }",2025-09-24
2016146,2015,보행노인,30230001,대전광역시 대덕구1,대전광역시 대덕구 중리동(중리충은지점네거리 부근),4,4,0,3,1,0,36.361438,127.431832,"{ type: Polygon, coordinates: [ [ [994084.3085, 1818225.5503], [994083.5474, 1818242.9816], [994081.27, 1818260.2803], [994077.4936, 1818277.3146], [994072.2469, 1818293.9549], [994065.5699, 1818310.0747], [994057.5133, 1818325.5512], [994048.1386, 1818340.2666], [994037.5169, 1818354.109], [994025.7293, 1818366.9729], [994012.8654, 1818378.7606], [993999.023, 1818389.3822], [993984.3076, 1818398.7569], [993968.8311, 1818406.8135], [993952.7113, 1818413.4905], [993936.071, 1818418.7372], [993919.0366, 1818422.5136], [993901.738, 1818424.791], [993884.3067, 1818425.5521], [993866.8754, 1818424.791], [993849.5767, 1818422.5136], [993832.5424, 1818418.7372], [993815.902, 1818413.4905], [993799.7823, 1818406.8135], [993784.3058, 1818398.7569], [993769.5904, 1818389.3822], [993755.748, 1818378.7606], [993742.8841, 1818366.9729], [993731.0964, 1818354.109], [993720.4748, 1818340.2666], [993711.1001, 1818325.5512], [993703.0435, 1818310.0747], [993696.3665, 1818293.9549], [993691.1198, 1818277.3146], [993687.3434, 1818260.2803], [993685.066, 1818242.9816], [993684.3049, 1818225.5503], [993685.066, 1818208.119], [993687.3434, 1818190.8204], [993691.1198, 1818173.786], [993696.3665, 1818157.1457], [993703.0435, 1818141.0259], [993711.1001, 1818125.5494], [993720.4748, 1818110.834], [993731.0964, 1818096.9916], [993742.8841, 1818084.1277], [993755.748, 1818072.34], [993769.5904, 1818061.7184], [993784.3058, 1818052.3437], [993799.7823, 1818044.2871], [993815.902, 1818037.6101], [993832.5424, 1818032.3634], [993849.5767, 1818028.587], [993866.8754, 1818026.3096], [993884.3067, 1818025.5485], [993901.738, 1818026.3096], [993919.0366, 1818028.587], [993936.071, 1818032.3634], [993952.7113, 1818037.6101], [993968.8311, 1818044.2871], [993984.3076, 1818052.3437], [993999.023, 1818061.7184], [994012.8654, 1818072.34], [994025.7293, 1818084.1277], [994037.5169, 1818096.9916], [994048.1386, 1818110.834], [994057.5133, 1818125.5494], [994065.5699, 1818141.0259], [994072.2469, 1818157.1457], [994077.4936, 1818173.786], [994081.27, 1818190.8204], [994083.5474, 1818208.119], [994084.3085, 1818225.5503] ] ] }",2025-09-24
2016147,2015,자전거,30110001,대전광역시 동구1,대전광역시 동구 용전동(오성전기조명 부근),6,6,0,1,5,0,36.353334,127.432704,"{ type: Polygon, coordinates: [ [ [994161.9866, 1817326.6405], [994161.2255, 1817344.0719], [994158.9481, 1817361.3706], [994155.1717, 1817378.405], [994149.925, 1817395.0454], [994143.2479, 1817411.1652], [994135.1914, 1817426.6418], [994125.8166, 1817441.3573], [994115.1949, 1817455.1997], [994103.4072, 1817468.0637], [994090.5432, 1817479.8513], [994076.7008, 1817490.473], [994061.9854, 1817499.8478], [994046.5088, 1817507.9044], [994030.389, 1817514.5814], [994013.7486, 1817519.8281], [993996.7142, 1817523.6046], [993979.4155, 1817525.882], [993961.9841, 1817526.643], [993944.5527, 1817525.882], [993927.254, 1817523.6046], [993910.2196, 1817519.8281], [993893.5792, 1817514.5814], [993877.4594, 1817507.9044], [993861.9828, 1817499.8478], [993847.2674, 1817490.473], [993833.425, 1817479.8513], [993820.561, 1817468.0637], [993808.7733, 1817455.1997], [993798.1516, 1817441.3573], [993788.7768, 1817426.6418], [993780.7203, 1817411.1652], [993774.0432, 1817395.0454], [993768.7965, 1817378.405], [993765.0201, 1817361.3706], [993762.7426, 1817344.0719], [993761.9816, 1817326.6405], [993762.7426, 1817309.2092], [993765.0201, 1817291.9105], [993768.7965, 1817274.8761], [993774.0432, 1817258.2356], [993780.7203, 1817242.1158], [993788.7768, 1817226.6393], [993798.1516, 1817211.9238], [993808.7733, 1817198.0814], [993820.561, 1817185.2174], [993833.425, 1817173.4297], [993847.2674, 1817162.8081], [993861.9828, 1817153.4333], [993877.4594, 1817145.3767], [993893.5792, 1817138.6996], [993910.2196, 1817133.4529], [993927.254, 1817129.6765], [993944.5527, 1817127.3991], [993961.9841, 1817126.638], [993979.4155, 1817127.3991], [993996.7142, 1817129.6765], [994013.7486, 1817133.4529], [994030.389, 1817138.6996], [994046.5088, 1817145.3767], [994061.9854, 1817153.4333], [994076.7008, 1817162.8081], [994090.5432, 1817173.4297], [994103.4072, 1817185.2174], [994115.1949, 1817198.0814], [994125.8166, 1817211.9238], [994135.1914, 1817226.6393], [994143.2479, 1817242.1158], [994149.925, 1817258.2356], [994155.1717, 1817274.8761], [994158.9481, 1817291.9105], [994161.2255, 1817309.2092], [994161.9866, 1817326.6405] ] ] }",2025-09-24
2016147,2015,자전거,30140001,대전광역시 중구1,대전광역시 중구 오류동(알프스레져 부근),8,8,2,2,4,0,36.329234,127.40396,"{ type: Polygon, coordinates: [ [ [991580.2949, 1814655.545], [991579.5339, 1814672.976], [991577.2565, 1814690.2743], [991573.4801, 1814707.3083], [991568.2336, 1814723.9483], [991561.5567, 1814740.0678], [991553.5003, 1814755.5439], [991544.1257, 1814770.2591], [991533.5043, 1814784.1012], [991521.7169, 1814796.9649], [991508.8532, 1814808.7523], [991495.0111, 1814819.3737], [991480.296, 1814828.7482], [991464.8198, 1814836.8046], [991448.7004, 1814843.4815], [991432.0603, 1814848.7281], [991415.0263, 1814852.5045], [991397.728, 1814854.7818], [991380.2971, 1814855.5429], [991362.8661, 1814854.7818], [991345.5678, 1814852.5045], [991328.5338, 1814848.7281], [991311.8938, 1814843.4815], [991295.7743, 1814836.8046], [991280.2981, 1814828.7482], [991265.583, 1814819.3737], [991251.7409, 1814808.7523], [991238.8772, 1814796.9649], [991227.0898, 1814784.1012], [991216.4684, 1814770.2591], [991207.0938, 1814755.5439], [991199.0375, 1814740.0678], [991192.3606, 1814723.9483], [991187.114, 1814707.3083], [991183.3376, 1814690.2743], [991181.0603, 1814672.976], [991180.2992, 1814655.545], [991181.0603, 1814638.1141], [991183.3376, 1814620.8158], [991187.114, 1814603.7818], [991192.3606, 1814587.1417], [991199.0375, 1814571.0223], [991207.0938, 1814555.5461], [991216.4684, 1814540.831], [991227.0898, 1814526.9889], [991238.8772, 1814514.1252], [991251.7409, 1814502.3378], [991265.583, 1814491.7164], [991280.2981, 1814482.3418], [991295.7743, 1814474.2854], [991311.8938, 1814467.6085], [991328.5338, 1814462.3619], [991345.5678, 1814458.5856], [991362.8661, 1814456.3082], [991380.2971, 1814455.5472], [991397.728, 1814456.3082], [991415.0263, 1814458.5856], [991432.0603, 1814462.3619], [991448.7004, 1814467.6085], [991464.8198, 1814474.2854], [991480.296, 1814482.3418], [991495.0111, 1814491.7164], [991508.8532, 1814502.3378], [991521.7169, 1814514.1252], [991533.5043, 1814526.9889], [991544.1257, 1814540.831], [991553.5003, 1814555.5461], [991561.5567, 1814571.0223], [991568.2336, 1814587.1417], [991573.4801, 1814603.7818], [991577.2565, 1814620.8158], [991579.5339, 1814638.1141], [991580.2949, 1814655.545] ] ] }",2025-09-24
2016147,2015,자전거,30140002,대전광역시 중구2,대전광역시 중구 유천동(유천예식장네거리 부근),7,8,0,2,5,1,36.31764,127.394192,"{ type: Polygon, coordinates: [ [ [990702.1834, 1813370.4775], [990701.4223, 1813387.9084], [990699.145, 1813405.2067], [990695.3686, 1813422.2406], [990690.1221, 1813438.8807], [990683.4452, 1813455.0001], [990675.3888, 1813470.4762], [990666.0142, 1813485.1913], [990655.3929, 1813499.0334], [990643.6055, 1813511.8971], [990630.7418, 1813523.6844], [990616.8998, 1813534.3058], [990602.1847, 1813543.6804], [990586.7085, 1813551.7367], [990570.5891, 1813558.4136], [990553.9491, 1813563.6602], [990536.9151, 1813567.4365], [990519.6168, 1813569.7139], [990502.1859, 1813570.4749], [990484.755, 1813569.7139], [990467.4567, 1813567.4365], [990450.4228, 1813563.6602], [990433.7828, 1813558.4136], [990417.6633, 1813551.7367], [990402.1872, 1813543.6804], [990387.4721, 1813534.3058], [990373.63, 1813523.6844], [990360.7664, 1813511.8971], [990348.979, 1813499.0334], [990338.3576, 1813485.1913], [990328.983, 1813470.4762], [990320.9267, 1813455.0001], [990314.2498, 1813438.8807], [990309.0032, 1813422.2406], [990305.2269, 1813405.2067], [990302.9495, 1813387.9084], [990302.1885, 1813370.4775], [990302.9495, 1813353.0466], [990305.2269, 1813335.7483], [990309.0032, 1813318.7143], [990314.2498, 1813302.0743], [990320.9267, 1813285.9549], [990328.983, 1813270.4788], [990338.3576, 1813255.7637], [990348.979, 1813241.9216], [990360.7664, 1813229.0579], [990373.63, 1813217.2706], [990387.4721, 1813206.6492], [990402.1872, 1813197.2746], [990417.6633, 1813189.2182], [990433.7828, 1813182.5414], [990450.4228, 1813177.2948], [990467.4567, 1813173.5184], [990484.755, 1813171.2411], [990502.1859, 1813170.48], [990519.6168, 1813171.2411], [990536.9151, 1813173.5184], [990553.9491, 1813177.2948], [990570.5891, 1813182.5414], [990586.7085, 1813189.2182], [990602.1847, 1813197.2746], [990616.8998, 1813206.6492], [990630.7418, 1813217.2706], [990643.6055, 1813229.0579], [990655.3929, 1813241.9216], [990666.0142, 1813255.7637], [990675.3888, 1813270.4788], [990683.4452, 1813285.9549], [990690.1221, 1813302.0743], [990695.3686, 1813318.7143], [990699.145, 1813335.7483], [990701.4223, 1813353.0466], [990702.1834, 1813370.4775] ] ] }",2025-09-24
2016147,2015,자전거,30140003,대전광역시 중구3,대전광역시 중구 유천동(도마교네거리 부근),5,5,1,2,2,0,36.310137,127.388811,"{ type: Polygon, coordinates: [ [ [990218.1758, 1812538.7615], [990217.4148, 1812556.192], [990215.1375, 1812573.4899], [990211.3612, 1812590.5234], [990206.1148, 1812607.1631], [990199.4381, 1812623.2821], [990191.3819, 1812638.7579], [990182.0075, 1812653.4727], [990171.3864, 1812667.3145], [990159.5993, 1812680.1778], [990146.7359, 1812691.9649], [990132.8941, 1812702.5861], [990118.1794, 1812711.9604], [990102.7036, 1812720.0166], [990086.5845, 1812726.6934], [990069.9449, 1812731.9398], [990052.9113, 1812735.7161], [990035.6134, 1812737.9934], [990018.1829, 1812738.7544], [990000.7524, 1812737.9934], [989983.4545, 1812735.7161], [989966.4209, 1812731.9398], [989949.7813, 1812726.6934], [989933.6622, 1812720.0166], [989918.1864, 1812711.9604], [989903.4716, 1812702.5861], [989889.6299, 1812691.9649], [989876.7665, 1812680.1778], [989864.9794, 1812667.3145], [989854.3583, 1812653.4727], [989844.9839, 1812638.7579], [989836.9277, 1812623.2821], [989830.251, 1812607.1631], [989825.0045, 1812590.5234], [989821.2283, 1812573.4899], [989818.951, 1812556.192], [989818.1899, 1812538.7615], [989818.951, 1812521.3309], [989821.2283, 1812504.033], [989825.0045, 1812486.9995], [989830.251, 1812470.3598], [989836.9277, 1812454.2408], [989844.9839, 1812438.765], [989854.3583, 1812424.0502], [989864.9794, 1812410.2085], [989876.7665, 1812397.3451], [989889.6299, 1812385.558], [989903.4716, 1812374.9368], [989918.1864, 1812365.5625], [989933.6622, 1812357.5063], [989949.7813, 1812350.8296], [989966.4209, 1812345.5831], [989983.4545, 1812341.8069], [990000.7524, 1812339.5295], [990018.1829, 1812338.7685], [990035.6134, 1812339.5295], [990052.9113, 1812341.8069], [990069.9449, 1812345.5831], [990086.5845, 1812350.8296], [990102.7036, 1812357.5063], [990118.1794, 1812365.5625], [990132.8941, 1812374.9368], [990146.7359, 1812385.558], [990159.5993, 1812397.3451], [990171.3864, 1812410.2085], [990182.0075, 1812424.0502], [990191.3819, 1812438.765], [990199.4381, 1812454.2408], [990206.1148, 1812470.3598], [990211.3612, 1812486.9995], [990215.1375, 1812504.033], [990217.4148, 1812521.3309], [990218.1758, 1812538.7615] ] ] }",2025-09-24
2016147,2015,자전거,30140004,대전광역시 중구4,대전광역시 중구 문화동(서대전네거리 부근),5,5,0,3,2,0,36.321956,127.411019,"{ type: Polygon, coordinates: [ [ [992213.0782, 1813847.6733], [992212.3172, 1813865.1046], [992210.0398, 1813882.4032], [992206.2633, 1813899.4375], [992201.0167, 1813916.0778], [992194.3397, 1813932.1975], [992186.2831, 1813947.674], [992176.9084, 1813962.3894], [992166.2868, 1813976.2317], [992154.4992, 1813989.0956], [992141.6353, 1814000.8832], [992127.7929, 1814011.5048], [992113.0775, 1814020.8796], [992097.6011, 1814028.9361], [992081.4814, 1814035.6131], [992064.841, 1814040.8598], [992047.8067, 1814044.6362], [992030.5081, 1814046.9136], [992013.0769, 1814047.6747], [991995.6456, 1814046.9136], [991978.347, 1814044.6362], [991961.3127, 1814040.8598], [991944.6724, 1814035.6131], [991928.5526, 1814028.9361], [991913.0762, 1814020.8796], [991898.3608, 1814011.5048], [991884.5185, 1814000.8832], [991871.6545, 1813989.0956], [991859.8669, 1813976.2317], [991849.2453, 1813962.3894], [991839.8706, 1813947.674], [991831.8141, 1813932.1975], [991825.137, 1813916.0778], [991819.8904, 1813899.4375], [991816.114, 1813882.4032], [991813.8365, 1813865.1046], [991813.0755, 1813847.6733], [991813.8365, 1813830.242], [991816.114, 1813812.9434], [991819.8904, 1813795.9091], [991825.137, 1813779.2688], [991831.8141, 1813763.1491], [991839.8706, 1813747.6726], [991849.2453, 1813732.9572], [991859.8669, 1813719.1149], [991871.6545, 1813706.251], [991884.5185, 1813694.4634], [991898.3608, 1813683.8418], [991913.0762, 1813674.467], [991928.5526, 1813666.4105], [991944.6724, 1813659.7335], [991961.3127, 1813654.4868], [991978.347, 1813650.7104], [991995.6456, 1813648.433], [992013.0769, 1813647.6719], [992030.5081, 1813648.433], [992047.8067, 1813650.7104], [992064.841, 1813654.4868], [992081.4814, 1813659.7335], [992097.6011, 1813666.4105], [992113.0775, 1813674.467], [992127.7929, 1813683.8418], [992141.6353, 1813694.4634], [992154.4992, 1813706.251], [992166.2868, 1813719.1149], [992176.9084, 1813732.9572], [992186.2831, 1813747.6726], [992194.3397, 1813763.1491], [992201.0167, 1813779.2688], [992206.2633, 1813795.9091], [992210.0398, 1813812.9434], [992212.3172, 1813830.242], [992213.0782, 1813847.6733] ] ] }",2025-09-24
2016147,2015,자전거,30140005,대전광역시 중구5,대전광역시 중구 태평동(가장교 부근),4,4,0,2,2,0,36.326488,127.392057,"{ type: Polygon, coordinates: [ [ [990510.1295, 1814352.1558], [990509.3742, 1814369.4544], [990507.1141, 1814386.6213], [990503.3665, 1814403.5259], [990498.1597, 1814420.0396], [990491.5335, 1814436.0366], [990483.5383, 1814451.3953], [990474.2349, 1814465.9986], [990463.6942, 1814479.7356], [990451.9963, 1814492.5016], [990439.2303, 1814504.1995], [990425.4934, 1814514.7402], [990410.89, 1814524.0436], [990395.5313, 1814532.0388], [990379.5343, 1814538.665], [990363.0206, 1814543.8717], [990346.116, 1814547.6194], [990328.9491, 1814549.8795], [990311.6505, 1814550.6347], [990294.3519, 1814549.8795], [990277.185, 1814547.6194], [990260.2804, 1814543.8717], [990243.7667, 1814538.665], [990227.7697, 1814532.0388], [990212.411, 1814524.0436], [990197.8076, 1814514.7402], [990184.0707, 1814504.1995], [990171.3047, 1814492.5016], [990159.6068, 1814479.7356], [990149.066, 1814465.9986], [990139.7627, 1814451.3953], [990131.7675, 1814436.0366], [990125.1413, 1814420.0396], [990119.9345, 1814403.5259], [990116.1869, 1814386.6213], [990113.9268, 1814369.4544], [990113.1715, 1814352.1558], [990113.9268, 1814334.8572], [990116.1869, 1814317.6903], [990119.9345, 1814300.7856], [990125.1413, 1814284.272], [990131.7675, 1814268.2749], [990139.7627, 1814252.9163], [990149.066, 1814238.3129], [990159.6068, 1814224.576], [990171.3047, 1814211.8099], [990184.0707, 1814200.1121], [990197.8076, 1814189.5713], [990212.411, 1814180.2679], [990227.7697, 1814172.2727], [990243.7667, 1814165.6466], [990260.2804, 1814160.4398], [990277.185, 1814156.6921], [990294.3519, 1814154.4321], [990311.6505, 1814153.6768], [990328.9491, 1814154.4321], [990346.116, 1814156.6921], [990363.0206, 1814160.4398], [990379.5343, 1814165.6466], [990395.5313, 1814172.2727], [990410.89, 1814180.2679], [990425.4934, 1814189.5713], [990439.2303, 1814200.1121], [990451.9963, 1814211.8099], [990463.6942, 1814224.576], [990474.2349, 1814238.3129], [990483.5383, 1814252.9163], [990491.5335, 1814268.2749], [990498.1597, 1814284.272], [990503.3665, 1814300.7856], [990507.1141, 1814317.6903], [990509.3742, 1814334.8572], [990510.1295, 1814352.1558] ] ] }",2025-09-24
2016147,2015,자전거,30140006,대전광역시 중구6,대전광역시 중구 대사동(카트자동차용품 부근),4,4,0,2,2,0,36.317877,127.427744,"{ type: Polygon, coordinates: [ [ [993714, 1813394.0001], [993713.2389, 1813411.4312], [993710.9616, 1813428.7297], [993707.1852, 1813445.7639], [993701.9385, 1813462.4041], [993695.2616, 1813478.5238], [993687.2051, 1813494.0001], [993677.8304, 1813508.7154], [993667.2089, 1813522.5576], [993655.4214, 1813535.4215], [993642.5575, 1813547.209], [993628.7153, 1813557.8305], [993614, 1813567.2052], [993598.5237, 1813575.2617], [993582.404, 1813581.9386], [993565.7638, 1813587.1853], [993548.7296, 1813590.9617], [993531.4311, 1813593.239], [993514, 1813594.0001], [993496.5689, 1813593.239], [993479.2704, 1813590.9617], [993462.2362, 1813587.1853], [993445.596, 1813581.9386], [993429.4763, 1813575.2617], [993414, 1813567.2052], [993399.2847, 1813557.8305], [993385.4425, 1813547.209], [993372.5786, 1813535.4215], [993360.7911, 1813522.5576], [993350.1696, 1813508.7154], [993340.7949, 1813494.0001], [993332.7384, 1813478.5238], [993326.0615, 1813462.4041], [993320.8148, 1813445.7639], [993317.0384, 1813428.7297], [993314.7611, 1813411.4312], [993314, 1813394.0001], [993314.7611, 1813376.569], [993317.0384, 1813359.2705], [993320.8148, 1813342.2363], [993326.0615, 1813325.5961], [993332.7384, 1813309.4764], [993340.7949, 1813294.0001], [993350.1696, 1813279.2848], [993360.7911, 1813265.4426], [993372.5786, 1813252.5787], [993385.4425, 1813240.7912], [993399.2847, 1813230.1697], [993414, 1813220.795], [993429.4763, 1813212.7385], [993445.596, 1813206.0616], [993462.2362, 1813200.8149], [993479.2704, 1813197.0385], [993496.5689, 1813194.7612], [993514, 1813194.0001], [993531.4311, 1813194.7612], [993548.7296, 1813197.0385], [993565.7638, 1813200.8149], [993582.404, 1813206.0616], [993598.5237, 1813212.7385], [993614, 1813220.795], [993628.7153, 1813230.1697], [993642.5575, 1813240.7912], [993655.4214, 1813252.5787], [993667.2089, 1813265.4426], [993677.8304, 1813279.2848], [993687.2051, 1813294.0001], [993695.2616, 1813309.4764], [993701.9385, 1813325.5961], [993707.1852, 1813342.2363], [993710.9616, 1813359.2705], [993713.2389, 1813376.569], [993714, 1813394.0001] ] ] }",2025-09-24
2016147,2015,자전거,30140007,대전광역시 중구7,대전광역시 중구 용두동(서대전초교삼거리 부근),4,4,0,2,2,0,36.325716,127.408563,"{ type: Polygon, coordinates: [ [ [991993, 1814265.0001], [991992.2389, 1814282.4312], [991989.9616, 1814299.7297], [991986.1852, 1814316.7639], [991980.9385, 1814333.4041], [991974.2616, 1814349.5238], [991966.2051, 1814365.0001], [991956.8304, 1814379.7154], [991946.2089, 1814393.5576], [991934.4214, 1814406.4215], [991921.5575, 1814418.209], [991907.7153, 1814428.8305], [991893, 1814438.2052], [991877.5237, 1814446.2617], [991861.404, 1814452.9386], [991844.7638, 1814458.1853], [991827.7296, 1814461.9617], [991810.4311, 1814464.239], [991793, 1814465.0001], [991775.5689, 1814464.239], [991758.2704, 1814461.9617], [991741.2362, 1814458.1853], [991724.596, 1814452.9386], [991708.4763, 1814446.2617], [991693, 1814438.2052], [991678.2847, 1814428.8305], [991664.4425, 1814418.209], [991651.5786, 1814406.4215], [991639.7911, 1814393.5576], [991629.1696, 1814379.7154], [991619.7949, 1814365.0001], [991611.7384, 1814349.5238], [991605.0615, 1814333.4041], [991599.8148, 1814316.7639], [991596.0384, 1814299.7297], [991593.7611, 1814282.4312], [991593, 1814265.0001], [991593.7611, 1814247.569], [991596.0384, 1814230.2705], [991599.8148, 1814213.2363], [991605.0615, 1814196.5961], [991611.7384, 1814180.4764], [991619.7949, 1814165.0001], [991629.1696, 1814150.2848], [991639.7911, 1814136.4426], [991651.5786, 1814123.5787], [991664.4425, 1814111.7912], [991678.2847, 1814101.1697], [991693, 1814091.795], [991708.4763, 1814083.7385], [991724.596, 1814077.0616], [991741.2362, 1814071.8149], [991758.2704, 1814068.0385], [991775.5689, 1814065.7612], [991793, 1814065.0001], [991810.4311, 1814065.7612], [991827.7296, 1814068.0385], [991844.7638, 1814071.8149], [991861.404, 1814077.0616], [991877.5237, 1814083.7385], [991893, 1814091.795], [991907.7153, 1814101.1697], [991921.5575, 1814111.7912], [991934.4214, 1814123.5787], [991946.2089, 1814136.4426], [991956.8304, 1814150.2848], [991966.2051, 1814165.0001], [991974.2616, 1814180.4764], [991980.9385, 1814196.5961], [991986.1852, 1814213.2363], [991989.9616, 1814230.2705], [991992.2389, 1814247.569], [991993, 1814265.0001] ] ] }",2025-09-24
2016147,2015,자전거,30140008,대전광역시 중구8,대전광역시 중구 태평동(태평1동사무소 부근),4,4,0,1,3,0,36.326401,127.396964,"{ type: Polygon, coordinates: [ [ [990952, 1814342.0001], [990951.2389, 1814359.4312], [990948.9616, 1814376.7297], [990945.1852, 1814393.7639], [990939.9385, 1814410.4041], [990933.2616, 1814426.5238], [990925.2051, 1814442.0001], [990915.8304, 1814456.7154], [990905.2089, 1814470.5576], [990893.4214, 1814483.4215], [990880.5575, 1814495.209], [990866.7153, 1814505.8305], [990852, 1814515.2052], [990836.5237, 1814523.2617], [990820.404, 1814529.9386], [990803.7638, 1814535.1853], [990786.7296, 1814538.9617], [990769.4311, 1814541.239], [990752, 1814542.0001], [990734.5689, 1814541.239], [990717.2704, 1814538.9617], [990700.2362, 1814535.1853], [990683.596, 1814529.9386], [990667.4763, 1814523.2617], [990652, 1814515.2052], [990637.2847, 1814505.8305], [990623.4425, 1814495.209], [990610.5786, 1814483.4215], [990598.7911, 1814470.5576], [990588.1696, 1814456.7154], [990578.7949, 1814442.0001], [990570.7384, 1814426.5238], [990564.0615, 1814410.4041], [990558.8148, 1814393.7639], [990555.0384, 1814376.7297], [990552.7611, 1814359.4312], [990552, 1814342.0001], [990552.7611, 1814324.569], [990555.0384, 1814307.2705], [990558.8148, 1814290.2363], [990564.0615, 1814273.5961], [990570.7384, 1814257.4764], [990578.7949, 1814242.0001], [990588.1696, 1814227.2848], [990598.7911, 1814213.4426], [990610.5786, 1814200.5787], [990623.4425, 1814188.7912], [990637.2847, 1814178.1697], [990652, 1814168.795], [990667.4763, 1814160.7385], [990683.596, 1814154.0616], [990700.2362, 1814148.8149], [990717.2704, 1814145.0385], [990734.5689, 1814142.7612], [990752, 1814142.0001], [990769.4311, 1814142.7612], [990786.7296, 1814145.0385], [990803.7638, 1814148.8149], [990820.404, 1814154.0616], [990836.5237, 1814160.7385], [990852, 1814168.795], [990866.7153, 1814178.1697], [990880.5575, 1814188.7912], [990893.4214, 1814200.5787], [990905.2089, 1814213.4426], [990915.8304, 1814227.2848], [990925.2051, 1814242.0001], [990933.2616, 1814257.4764], [990939.9385, 1814273.5961], [990945.1852, 1814290.2363], [990948.9616, 1814307.2705], [990951.2389, 1814324.569], [990952, 1814342.0001] ] ] }",2025-09-24
2016147,2015,자전거,30170001,대전광역시 서구1,대전광역시 서구 둔산동(SK네트웍스(주)대전지사 부근),7,8,0,2,5,1,36.350196,127.377764,"{ type: Polygon, coordinates: [ [ [989232.0823, 1816983.3748], [989231.3212, 1817000.8062], [989229.0438, 1817018.1049], [989225.2673, 1817035.1393], [989220.0206, 1817051.7797], [989213.3436, 1817067.8996], [989205.287, 1817083.3761], [989195.9122, 1817098.0916], [989185.2905, 1817111.934], [989173.5028, 1817124.798], [989160.6388, 1817136.5857], [989146.7964, 1817147.2074], [989132.0809, 1817156.5822], [989116.6044, 1817164.6387], [989100.4845, 1817171.3158], [989083.8441, 1817176.5625], [989066.8097, 1817180.339], [989049.511, 1817182.6164], [989032.0796, 1817183.3774], [989014.6482, 1817182.6164], [988997.3495, 1817180.339], [988980.3151, 1817176.5625], [988963.6747, 1817171.3158], [988947.5548, 1817164.6387], [988932.0783, 1817156.5822], [988917.3628, 1817147.2074], [988903.5204, 1817136.5857], [988890.6564, 1817124.798], [988878.8687, 1817111.934], [988868.247, 1817098.0916], [988858.8722, 1817083.3761], [988850.8156, 1817067.8996], [988844.1386, 1817051.7797], [988838.8919, 1817035.1393], [988835.1154, 1817018.1049], [988832.838, 1817000.8062], [988832.0769, 1816983.3748], [988832.838, 1816965.9434], [988835.1154, 1816948.6447], [988838.8919, 1816931.6103], [988844.1386, 1816914.9698], [988850.8156, 1816898.85], [988858.8722, 1816883.3734], [988868.247, 1816868.658], [988878.8687, 1816854.8155], [988890.6564, 1816841.9515], [988903.5204, 1816830.1638], [988917.3628, 1816819.5422], [988932.0783, 1816810.1674], [988947.5548, 1816802.1108], [988963.6747, 1816795.4337], [988980.3151, 1816790.187], [988997.3495, 1816786.4106], [989014.6482, 1816784.1332], [989032.0796, 1816783.3721], [989049.511, 1816784.1332], [989066.8097, 1816786.4106], [989083.8441, 1816790.187], [989100.4845, 1816795.4337], [989116.6044, 1816802.1108], [989132.0809, 1816810.1674], [989146.7964, 1816819.5422], [989160.6388, 1816830.1638], [989173.5028, 1816841.9515], [989185.2905, 1816854.8155], [989195.9122, 1816868.658], [989205.287, 1816883.3734], [989213.3436, 1816898.85], [989220.0206, 1816914.9698], [989225.2673, 1816931.6103], [989229.0438, 1816948.6447], [989231.3212, 1816965.9434], [989232.0823, 1816983.3748] ] ] }",2025-09-24
2016147,2015,자전거,30170002,대전광역시 서구2,대전광역시 서구 괴정동(조선일보용문지국 부근),6,6,0,1,5,0,36.338439,127.385288,"{ type: Polygon, coordinates: [ [ [989905.6436, 1815678.4863], [989904.8826, 1815695.9174], [989902.6052, 1815713.2158], [989898.8288, 1815730.2498], [989893.5822, 1815746.89], [989886.9053, 1815763.0095], [989878.8488, 1815778.4858], [989869.4742, 1815793.201], [989858.8527, 1815807.0432], [989847.0653, 1815819.9069], [989834.2015, 1815831.6944], [989820.3593, 1815842.3159], [989805.6441, 1815851.6905], [989790.1678, 1815859.7469], [989774.0483, 1815866.4239], [989757.4082, 1815871.6705], [989740.3741, 1815875.4469], [989723.0757, 1815877.7242], [989705.6446, 1815878.4853], [989688.2136, 1815877.7242], [989670.9152, 1815875.4469], [989653.8811, 1815871.6705], [989637.2409, 1815866.4239], [989621.1214, 1815859.7469], [989605.6451, 1815851.6905], [989590.9299, 1815842.3159], [989577.0877, 1815831.6944], [989564.224, 1815819.9069], [989552.4365, 1815807.0432], [989541.815, 1815793.201], [989532.4404, 1815778.4858], [989524.384, 1815763.0095], [989517.707, 1815746.89], [989512.4604, 1815730.2498], [989508.6841, 1815713.2158], [989506.4067, 1815695.9174], [989505.6456, 1815678.4863], [989506.4067, 1815661.0552], [989508.6841, 1815643.7568], [989512.4604, 1815626.7227], [989517.707, 1815610.0826], [989524.384, 1815593.9631], [989532.4404, 1815578.4868], [989541.815, 1815563.7716], [989552.4365, 1815549.9294], [989564.224, 1815537.0657], [989577.0877, 1815525.2782], [989590.9299, 1815514.6567], [989605.6451, 1815505.2821], [989621.1214, 1815497.2257], [989637.2409, 1815490.5487], [989653.8811, 1815485.3021], [989670.9152, 1815481.5257], [989688.2136, 1815479.2484], [989705.6446, 1815478.4873], [989723.0757, 1815479.2484], [989740.3741, 1815481.5257], [989757.4082, 1815485.3021], [989774.0483, 1815490.5487], [989790.1678, 1815497.2257], [989805.6441, 1815505.2821], [989820.3593, 1815514.6567], [989834.2015, 1815525.2782], [989847.0653, 1815537.0657], [989858.8527, 1815549.9294], [989869.4742, 1815563.7716], [989878.8488, 1815578.4868], [989886.9053, 1815593.9631], [989893.5822, 1815610.0826], [989898.8288, 1815626.7227], [989902.6052, 1815643.7568], [989904.8826, 1815661.0552], [989905.6436, 1815678.4863] ] ] }",2025-09-24
2016147,2015,자전거,30170003,대전광역시 서구3,대전광역시 서구 월평동(월평삼거리 부근),4,4,0,3,1,0,36.353443,127.357685,"{ type: Polygon, coordinates: [ [ [987431, 1817346.0001], [987430.2389, 1817363.4312], [987427.9616, 1817380.7297], [987424.1852, 1817397.7639], [987418.9385, 1817414.4041], [987412.2616, 1817430.5238], [987404.2051, 1817446.0001], [987394.8304, 1817460.7154], [987384.2089, 1817474.5576], [987372.4214, 1817487.4215], [987359.5575, 1817499.209], [987345.7153, 1817509.8305], [987331, 1817519.2052], [987315.5237, 1817527.2617], [987299.404, 1817533.9386], [987282.7638, 1817539.1853], [987265.7296, 1817542.9617], [987248.4311, 1817545.239], [987231, 1817546.0001], [987213.5689, 1817545.239], [987196.2704, 1817542.9617], [987179.2362, 1817539.1853], [987162.596, 1817533.9386], [987146.4763, 1817527.2617], [987131, 1817519.2052], [987116.2847, 1817509.8305], [987102.4425, 1817499.209], [987089.5786, 1817487.4215], [987077.7911, 1817474.5576], [987067.1696, 1817460.7154], [987057.7949, 1817446.0001], [987049.7384, 1817430.5238], [987043.0615, 1817414.4041], [987037.8148, 1817397.7639], [987034.0384, 1817380.7297], [987031.7611, 1817363.4312], [987031, 1817346.0001], [987031.7611, 1817328.569], [987034.0384, 1817311.2705], [987037.8148, 1817294.2363], [987043.0615, 1817277.5961], [987049.7384, 1817261.4764], [987057.7949, 1817246.0001], [987067.1696, 1817231.2848], [987077.7911, 1817217.4426], [987089.5786, 1817204.5787], [987102.4425, 1817192.7912], [987116.2847, 1817182.1697], [987131, 1817172.795], [987146.4763, 1817164.7385], [987162.596, 1817158.0616], [987179.2362, 1817152.8149], [987196.2704, 1817149.0385], [987213.5689, 1817146.7612], [987231, 1817146.0001], [987248.4311, 1817146.7612], [987265.7296, 1817149.0385], [987282.7638, 1817152.8149], [987299.404, 1817158.0616], [987315.5237, 1817164.7385], [987331, 1817172.795], [987345.7153, 1817182.1697], [987359.5575, 1817192.7912], [987372.4214, 1817204.5787], [987384.2089, 1817217.4426], [987394.8304, 1817231.2848], [987404.2051, 1817246.0001], [987412.2616, 1817261.4764], [987418.9385, 1817277.5961], [987424.1852, 1817294.2363], [987427.9616, 1817311.2705], [987430.2389, 1817328.569], [987431, 1817346.0001] ] ] }",2025-09-24
2016147,2015,자전거,30170004,대전광역시 서구4,대전광역시 서구 가장동(가장교 부근),4,4,0,3,0,1,36.328298,127.38788,"{ type: Polygon, coordinates: [ [ [990136.9537, 1814553.2976], [990136.1926, 1814570.7284], [990133.9153, 1814588.0265], [990130.139, 1814605.0603], [990124.8924, 1814621.7002], [990118.2156, 1814637.8195], [990110.1593, 1814653.2955], [990100.7848, 1814668.0105], [990090.1635, 1814681.8524], [990078.3763, 1814694.716], [990065.5127, 1814706.5033], [990051.6707, 1814717.1246], [990036.9558, 1814726.499], [990021.4798, 1814734.5553], [990005.3605, 1814741.2322], [989988.7206, 1814746.4787], [989971.6868, 1814750.255], [989954.3887, 1814752.5323], [989936.9579, 1814753.2934], [989919.5271, 1814752.5323], [989902.229, 1814750.255], [989885.1952, 1814746.4787], [989868.5553, 1814741.2322], [989852.436, 1814734.5553], [989836.96, 1814726.499], [989822.245, 1814717.1246], [989808.4031, 1814706.5033], [989795.5395, 1814694.716], [989783.7523, 1814681.8524], [989773.131, 1814668.0105], [989763.7565, 1814653.2955], [989755.7002, 1814637.8195], [989749.0234, 1814621.7002], [989743.7768, 1814605.0603], [989740.0005, 1814588.0265], [989737.7232, 1814570.7284], [989736.9621, 1814553.2976], [989737.7232, 1814535.8668], [989740.0005, 1814518.5687], [989743.7768, 1814501.5349], [989749.0234, 1814484.8951], [989755.7002, 1814468.7758], [989763.7565, 1814453.2998], [989773.131, 1814438.5848], [989783.7523, 1814424.7428], [989795.5395, 1814411.8793], [989808.4031, 1814400.092], [989822.245, 1814389.4707], [989836.96, 1814380.0962], [989852.436, 1814372.0399], [989868.5553, 1814365.3631], [989885.1952, 1814360.1166], [989902.229, 1814356.3403], [989919.5271, 1814354.0629], [989936.9579, 1814353.3019], [989954.3887, 1814354.0629], [989971.6868, 1814356.3403], [989988.7206, 1814360.1166], [990005.3605, 1814365.3631], [990021.4798, 1814372.0399], [990036.9558, 1814380.0962], [990051.6707, 1814389.4707], [990065.5127, 1814400.092], [990078.3763, 1814411.8793], [990090.1635, 1814424.7428], [990100.7848, 1814438.5848], [990110.1593, 1814453.2998], [990118.2156, 1814468.7758], [990124.8924, 1814484.8951], [990130.139, 1814501.5349], [990133.9153, 1814518.5687], [990136.1926, 1814535.8668], [990136.9537, 1814553.2976] ] ] }",2025-09-24
2016147,2015,자전거,30170005,대전광역시 서구5,대전광역시 서구 둔산동(모정사거리 부근),4,4,0,1,2,1,36.357507,127.390057,"{ type: Polygon, coordinates: [ [ [990336, 1817793.0001], [990335.2389, 1817810.4312], [990332.9616, 1817827.7297], [990329.1852, 1817844.7639], [990323.9385, 1817861.4041], [990317.2616, 1817877.5238], [990309.2051, 1817893.0001], [990299.8304, 1817907.7154], [990289.2089, 1817921.5576], [990277.4214, 1817934.4215], [990264.5575, 1817946.209], [990250.7153, 1817956.8305], [990236, 1817966.2052], [990220.5237, 1817974.2617], [990204.404, 1817980.9386], [990187.7638, 1817986.1853], [990170.7296, 1817989.9617], [990153.4311, 1817992.239], [990136, 1817993.0001], [990118.5689, 1817992.239], [990101.2704, 1817989.9617], [990084.2362, 1817986.1853], [990067.596, 1817980.9386], [990051.4763, 1817974.2617], [990036, 1817966.2052], [990021.2847, 1817956.8305], [990007.4425, 1817946.209], [989994.5786, 1817934.4215], [989982.7911, 1817921.5576], [989972.1696, 1817907.7154], [989962.7949, 1817893.0001], [989954.7384, 1817877.5238], [989948.0615, 1817861.4041], [989942.8148, 1817844.7639], [989939.0384, 1817827.7297], [989936.7611, 1817810.4312], [989936, 1817793.0001], [989936.7611, 1817775.569], [989939.0384, 1817758.2705], [989942.8148, 1817741.2363], [989948.0615, 1817724.5961], [989954.7384, 1817708.4764], [989962.7949, 1817693.0001], [989972.1696, 1817678.2848], [989982.7911, 1817664.4426], [989994.5786, 1817651.5787], [990007.4425, 1817639.7912], [990021.2847, 1817629.1697], [990036, 1817619.795], [990051.4763, 1817611.7385], [990067.596, 1817605.0616], [990084.2362, 1817599.8149], [990101.2704, 1817596.0385], [990118.5689, 1817593.7612], [990136, 1817593.0001], [990153.4311, 1817593.7612], [990170.7296, 1817596.0385], [990187.7638, 1817599.8149], [990204.404, 1817605.0616], [990220.5237, 1817611.7385], [990236, 1817619.795], [990250.7153, 1817629.1697], [990264.5575, 1817639.7912], [990277.4214, 1817651.5787], [990289.2089, 1817664.4426], [990299.8304, 1817678.2848], [990309.2051, 1817693.0001], [990317.2616, 1817708.4764], [990323.9385, 1817724.5961], [990329.1852, 1817741.2363], [990332.9616, 1817758.2705], [990335.2389, 1817775.569], [990336, 1817793.0001] ] ] }",2025-09-24
2016147,2015,자전거,30200001,대전광역시 유성구1,대전광역시 유성구 원내동(진잠네거리 부근),4,4,0,2,2,0,36.298566,127.323615,"{ type: Polygon, coordinates: [ [ [984363, 1811264.0001], [984362.2389, 1811281.4312], [984359.9616, 1811298.7297], [984356.1852, 1811315.7639], [984350.9385, 1811332.4041], [984344.2616, 1811348.5238], [984336.2051, 1811364.0001], [984326.8304, 1811378.7154], [984316.2089, 1811392.5576], [984304.4214, 1811405.4215], [984291.5575, 1811417.209], [984277.7153, 1811427.8305], [984263, 1811437.2052], [984247.5237, 1811445.2617], [984231.404, 1811451.9386], [984214.7638, 1811457.1853], [984197.7296, 1811460.9617], [984180.4311, 1811463.239], [984163, 1811464.0001], [984145.5689, 1811463.239], [984128.2704, 1811460.9617], [984111.2362, 1811457.1853], [984094.596, 1811451.9386], [984078.4763, 1811445.2617], [984063, 1811437.2052], [984048.2847, 1811427.8305], [984034.4425, 1811417.209], [984021.5786, 1811405.4215], [984009.7911, 1811392.5576], [983999.1696, 1811378.7154], [983989.7949, 1811364.0001], [983981.7384, 1811348.5238], [983975.0615, 1811332.4041], [983969.8148, 1811315.7639], [983966.0384, 1811298.7297], [983963.7611, 1811281.4312], [983963, 1811264.0001], [983963.7611, 1811246.569], [983966.0384, 1811229.2705], [983969.8148, 1811212.2363], [983975.0615, 1811195.5961], [983981.7384, 1811179.4764], [983989.7949, 1811164.0001], [983999.1696, 1811149.2848], [984009.7911, 1811135.4426], [984021.5786, 1811122.5787], [984034.4425, 1811110.7912], [984048.2847, 1811100.1697], [984063, 1811090.795], [984078.4763, 1811082.7385], [984094.596, 1811076.0616], [984111.2362, 1811070.8149], [984128.2704, 1811067.0385], [984145.5689, 1811064.7612], [984163, 1811064.0001], [984180.4311, 1811064.7612], [984197.7296, 1811067.0385], [984214.7638, 1811070.8149], [984231.404, 1811076.0616], [984247.5237, 1811082.7385], [984263, 1811090.795], [984277.7153, 1811100.1697], [984291.5575, 1811110.7912], [984304.4214, 1811122.5787], [984316.2089, 1811135.4426], [984326.8304, 1811149.2848], [984336.2051, 1811164.0001], [984344.2616, 1811179.4764], [984350.9385, 1811195.5961], [984356.1852, 1811212.2363], [984359.9616, 1811229.2705], [984362.2389, 1811246.569], [984363, 1811264.0001] ] ] }",2025-09-24
2016147,2015,자전거,30200002,대전광역시 유성구2,대전광역시 유성구 상대동(태극카써비스 부근),4,4,0,1,3,0,36.348542,127.333873,"{ type: Polygon, coordinates: [ [ [985293.5445, 1816805.7327], [985292.7835, 1816823.1638], [985290.5061, 1816840.4623], [985286.7297, 1816857.4964], [985281.4831, 1816874.1366], [985274.8061, 1816890.2562], [985266.7497, 1816905.7325], [985257.375, 1816920.4478], [985246.7535, 1816934.29], [985234.966, 1816947.1538], [985222.1022, 1816958.9414], [985208.26, 1816969.5629], [985193.5447, 1816978.9375], [985178.0684, 1816986.994], [985161.9488, 1816993.6709], [985145.3086, 1816998.9176], [985128.2744, 1817002.6939], [985110.976, 1817004.9713], [985093.5449, 1817005.7324], [985076.1137, 1817004.9713], [985058.8153, 1817002.6939], [985041.7811, 1816998.9176], [985025.1409, 1816993.6709], [985009.0213, 1816986.994], [984993.545, 1816978.9375], [984978.8297, 1816969.5629], [984964.9875, 1816958.9414], [984952.1237, 1816947.1538], [984940.3362, 1816934.29], [984929.7147, 1816920.4478], [984920.34, 1816905.7325], [984912.2836, 1816890.2562], [984905.6066, 1816874.1366], [984900.36, 1816857.4964], [984896.5836, 1816840.4623], [984894.3062, 1816823.1638], [984893.5452, 1816805.7327], [984894.3062, 1816788.3016], [984896.5836, 1816771.0031], [984900.36, 1816753.969], [984905.6066, 1816737.3288], [984912.2836, 1816721.2092], [984920.34, 1816705.7329], [984929.7147, 1816691.0176], [984940.3362, 1816677.1754], [984952.1237, 1816664.3116], [984964.9875, 1816652.5241], [984978.8297, 1816641.9026], [984993.545, 1816632.5279], [985009.0213, 1816624.4714], [985025.1409, 1816617.7945], [985041.7811, 1816612.5479], [985058.8153, 1816608.7715], [985076.1137, 1816606.4941], [985093.5449, 1816605.733], [985110.976, 1816606.4941], [985128.2744, 1816608.7715], [985145.3086, 1816612.5479], [985161.9488, 1816617.7945], [985178.0684, 1816624.4714], [985193.5447, 1816632.5279], [985208.26, 1816641.9026], [985222.1022, 1816652.5241], [985234.966, 1816664.3116], [985246.7535, 1816677.1754], [985257.375, 1816691.0176], [985266.7497, 1816705.7329], [985274.8061, 1816721.2092], [985281.4831, 1816737.3288], [985286.7297, 1816753.969], [985290.5061, 1816771.0031], [985292.7835, 1816788.3016], [985293.5445, 1816805.7327] ] ] }",2025-09-24
2016147,2015,자전거,30230001,대전광역시 대덕구1,대전광역시 대덕구 오정동(초원축산직영축산물직판장 부근),7,7,0,3,4,0,36.357742,127.40838,"{ type: Polygon, coordinates: [ [ [991979.9237, 1817817.2855], [991979.1626, 1817834.7164], [991976.8853, 1817852.0146], [991973.1089, 1817869.0486], [991967.8624, 1817885.6885], [991961.1855, 1817901.8079], [991953.1291, 1817917.2841], [991943.7546, 1817931.9991], [991933.1332, 1817945.8412], [991921.3459, 1817958.7048], [991908.4822, 1817970.4922], [991894.6402, 1817981.1135], [991879.9251, 1817990.4881], [991864.449, 1817998.5444], [991848.3296, 1818005.2213], [991831.6896, 1818010.4679], [991814.6557, 1818014.2442], [991797.3575, 1818016.5216], [991779.9266, 1818017.2826], [991762.4957, 1818016.5216], [991745.1974, 1818014.2442], [991728.1635, 1818010.4679], [991711.5235, 1818005.2213], [991695.4041, 1817998.5444], [991679.928, 1817990.4881], [991665.2129, 1817981.1135], [991651.3709, 1817970.4922], [991638.5072, 1817958.7048], [991626.7199, 1817945.8412], [991616.0985, 1817931.9991], [991606.724, 1817917.2841], [991598.6676, 1817901.8079], [991591.9907, 1817885.6885], [991586.7442, 1817869.0486], [991582.9679, 1817852.0146], [991580.6905, 1817834.7164], [991579.9294, 1817817.2855], [991580.6905, 1817799.8546], [991582.9679, 1817782.5564], [991586.7442, 1817765.5224], [991591.9907, 1817748.8825], [991598.6676, 1817732.7631], [991606.724, 1817717.2869], [991616.0985, 1817702.5719], [991626.7199, 1817688.7298], [991638.5072, 1817675.8662], [991651.3709, 1817664.0788], [991665.2129, 1817653.4575], [991679.928, 1817644.0829], [991695.4041, 1817636.0266], [991711.5235, 1817629.3497], [991728.1635, 1817624.1031], [991745.1974, 1817620.3268], [991762.4957, 1817618.0494], [991779.9266, 1817617.2884], [991797.3575, 1817618.0494], [991814.6557, 1817620.3268], [991831.6896, 1817624.1031], [991848.3296, 1817629.3497], [991864.449, 1817636.0266], [991879.9251, 1817644.0829], [991894.6402, 1817653.4575], [991908.4822, 1817664.0788], [991921.3459, 1817675.8662], [991933.1332, 1817688.7298], [991943.7546, 1817702.5719], [991953.1291, 1817717.2869], [991961.1855, 1817732.7631], [991967.8624, 1817748.8825], [991973.1089, 1817765.5224], [991976.8853, 1817782.5564], [991979.1626, 1817799.8546], [991979.9237, 1817817.2855] ] ] }",2025-09-24
2016147,2015,자전거,30230002,대전광역시 대덕구2,대전광역시 대덕구 중리동(중리네거리 부근),5,5,0,1,4,0,36.359459,127.432131,"{ type: Polygon, coordinates: [ [ [994111, 1818006.0001], [994110.2389, 1818023.4312], [994107.9616, 1818040.7297], [994104.1852, 1818057.7639], [994098.9385, 1818074.4041], [994092.2616, 1818090.5238], [994084.2051, 1818106.0001], [994074.8304, 1818120.7154], [994064.2089, 1818134.5576], [994052.4214, 1818147.4215], [994039.5575, 1818159.209], [994025.7153, 1818169.8305], [994011, 1818179.2052], [993995.5237, 1818187.2617], [993979.404, 1818193.9386], [993962.7638, 1818199.1853], [993945.7296, 1818202.9617], [993928.4311, 1818205.239], [993911, 1818206.0001], [993893.5689, 1818205.239], [993876.2704, 1818202.9617], [993859.2362, 1818199.1853], [993842.596, 1818193.9386], [993826.4763, 1818187.2617], [993811, 1818179.2052], [993796.2847, 1818169.8305], [993782.4425, 1818159.209], [993769.5786, 1818147.4215], [993757.7911, 1818134.5576], [993747.1696, 1818120.7154], [993737.7949, 1818106.0001], [993729.7384, 1818090.5238], [993723.0615, 1818074.4041], [993717.8148, 1818057.7639], [993714.0384, 1818040.7297], [993711.7611, 1818023.4312], [993711, 1818006.0001], [993711.7611, 1817988.569], [993714.0384, 1817971.2705], [993717.8148, 1817954.2363], [993723.0615, 1817937.5961], [993729.7384, 1817921.4764], [993737.7949, 1817906.0001], [993747.1696, 1817891.2848], [993757.7911, 1817877.4426], [993769.5786, 1817864.5787], [993782.4425, 1817852.7912], [993796.2847, 1817842.1697], [993811, 1817832.795], [993826.4763, 1817824.7385], [993842.596, 1817818.0616], [993859.2362, 1817812.8149], [993876.2704, 1817809.0385], [993893.5689, 1817806.7612], [993911, 1817806.0001], [993928.4311, 1817806.7612], [993945.7296, 1817809.0385], [993962.7638, 1817812.8149], [993979.404, 1817818.0616], [993995.5237, 1817824.7385], [994011, 1817832.795], [994025.7153, 1817842.1697], [994039.5575, 1817852.7912], [994052.4214, 1817864.5787], [994064.2089, 1817877.4426], [994074.8304, 1817891.2848], [994084.2051, 1817906.0001], [994092.2616, 1817921.4764], [994098.9385, 1817937.5961], [994104.1852, 1817954.2363], [994107.9616, 1817971.2705], [994110.2389, 1817988.569], [994111, 1818006.0001] ] ] }",2025-09-24
2017026,2016,스쿨존어린이,30140001,대전광역시 중구1,대전광역시 중구 은행동(선화초교 부근),2,2,0,1,1,0,36.331524,127.423364,"{ type: Polygon, coordinates: [ [ [993422, 1814908], [993420.8584, 1814934.1467], [993417.4423, 1814960.0945], [993411.7777, 1814985.6457], [993403.9078, 1815010.606], [993393.8923, 1815034.7855], [993381.8076, 1815058], [993367.7456, 1815080.0729], [993351.8133, 1815100.8363], [993334.132, 1815120.132], [993314.8363, 1815137.8133], [993294.0729, 1815153.7456], [993272, 1815167.8076], [993248.7855, 1815179.8923], [993224.606, 1815189.9078], [993199.6457, 1815197.7777], [993174.0945, 1815203.4423], [993148.1467, 1815206.8584], [993122, 1815208], [993095.8533, 1815206.8584], [993069.9055, 1815203.4423], [993044.3543, 1815197.7777], [993019.394, 1815189.9078], [992995.2145, 1815179.8923], [992972, 1815167.8076], [992949.9271, 1815153.7456], [992929.1637, 1815137.8133], [992909.868, 1815120.132], [992892.1867, 1815100.8363], [992876.2544, 1815080.0729], [992862.1924, 1815058], [992850.1077, 1815034.7855], [992840.0922, 1815010.606], [992832.2223, 1814985.6457], [992826.5577, 1814960.0945], [992823.1416, 1814934.1467], [992822, 1814908], [992823.1416, 1814881.8533], [992826.5577, 1814855.9055], [992832.2223, 1814830.3543], [992840.0922, 1814805.394], [992850.1077, 1814781.2145], [992862.1924, 1814758], [992876.2544, 1814735.9271], [992892.1867, 1814715.1637], [992909.868, 1814695.868], [992929.1637, 1814678.1867], [992949.9271, 1814662.2544], [992972, 1814648.1924], [992995.2145, 1814636.1077], [993019.394, 1814626.0922], [993044.3543, 1814618.2223], [993069.9055, 1814612.5577], [993095.8533, 1814609.1416], [993122, 1814608], [993148.1467, 1814609.1416], [993174.0945, 1814612.5577], [993199.6457, 1814618.2223], [993224.606, 1814626.0922], [993248.7855, 1814636.1077], [993272, 1814648.1924], [993294.0729, 1814662.2544], [993314.8363, 1814678.1867], [993334.132, 1814695.868], [993351.8133, 1814715.1637], [993367.7456, 1814735.9271], [993381.8076, 1814758], [993393.8923, 1814781.2145], [993403.9078, 1814805.394], [993411.7777, 1814830.3543], [993417.4423, 1814855.9055], [993420.8584, 1814881.8533], [993422, 1814908] ] ] }",2025-09-24
2017026,2016,스쿨존어린이,30200001,대전광역시 유성구1,대전광역시 유성구 송강동(성언유치원 부근),2,2,0,1,1,0,36.431315,127.383861,"{ type: Polygon, coordinates: [ [ [989889.948, 1825980.5314], [989888.8064, 1826006.6781], [989885.3903, 1826032.6258], [989879.7258, 1826058.1771], [989871.8558, 1826083.1374], [989861.8404, 1826107.3168], [989849.7556, 1826130.5314], [989835.6936, 1826152.6043], [989819.7613, 1826173.3677], [989802.08, 1826192.6634], [989782.7843, 1826210.3447], [989762.0209, 1826226.277], [989739.948, 1826240.339], [989716.7335, 1826252.4237], [989692.5541, 1826262.4392], [989667.5937, 1826270.3091], [989642.0425, 1826275.9737], [989616.0947, 1826279.3898], [989589.948, 1826280.5314], [989563.8013, 1826279.3898], [989537.8536, 1826275.9737], [989512.3023, 1826270.3091], [989487.342, 1826262.4392], [989463.1625, 1826252.4237], [989439.948, 1826240.339], [989417.8751, 1826226.277], [989397.1117, 1826210.3447], [989377.816, 1826192.6634], [989360.1347, 1826173.3677], [989344.2024, 1826152.6043], [989330.1404, 1826130.5314], [989318.0557, 1826107.3168], [989308.0402, 1826083.1374], [989300.1703, 1826058.1771], [989294.5057, 1826032.6258], [989291.0896, 1826006.6781], [989289.948, 1825980.5314], [989291.0896, 1825954.3846], [989294.5057, 1825928.4369], [989300.1703, 1825902.8857], [989308.0402, 1825877.9253], [989318.0557, 1825853.7459], [989330.1404, 1825830.5314], [989344.2024, 1825808.4584], [989360.1347, 1825787.6951], [989377.816, 1825768.3993], [989397.1117, 1825750.718], [989417.8751, 1825734.7858], [989439.948, 1825720.7237], [989463.1625, 1825708.639], [989487.342, 1825698.6236], [989512.3023, 1825690.7536], [989537.8536, 1825685.089], [989563.8013, 1825681.673], [989589.948, 1825680.5314], [989616.0947, 1825681.673], [989642.0425, 1825685.089], [989667.5937, 1825690.7536], [989692.5541, 1825698.6236], [989716.7335, 1825708.639], [989739.948, 1825720.7237], [989762.0209, 1825734.7858], [989782.7843, 1825750.718], [989802.08, 1825768.3993], [989819.7613, 1825787.6951], [989835.6936, 1825808.4584], [989849.7556, 1825830.5314], [989861.8404, 1825853.7459], [989871.8558, 1825877.9253], [989879.7258, 1825902.8857], [989885.3903, 1825928.4369], [989888.8064, 1825954.3846], [989889.948, 1825980.5314] ] ] }",2025-09-24
2017027,2016,보행어린이,30140001,대전광역시 중구1,대전광역시 중구 목동(목동초교 부근),3,3,0,1,2,0,36.333761,127.409222,"{ type: Polygon, coordinates: [ [ [992053.052, 1815157.2187], [992052.2909, 1815174.6498], [992050.0135, 1815191.9483], [992046.2372, 1815208.9825], [992040.9905, 1815225.6227], [992034.3135, 1815241.7423], [992026.2571, 1815257.2187], [992016.8824, 1815271.934], [992006.2609, 1815285.7762], [991994.4733, 1815298.6401], [991981.6095, 1815310.4276], [991967.7673, 1815321.0491], [991953.052, 1815330.4238], [991937.5756, 1815338.4803], [991921.456, 1815345.1572], [991904.8158, 1815350.4039], [991887.7816, 1815354.1802], [991870.4831, 1815356.4576], [991853.052, 1815357.2187], [991835.6208, 1815356.4576], [991818.3223, 1815354.1802], [991801.2882, 1815350.4039], [991784.648, 1815345.1572], [991768.5283, 1815338.4803], [991753.052, 1815330.4238], [991738.3367, 1815321.0491], [991724.4945, 1815310.4276], [991711.6306, 1815298.6401], [991699.8431, 1815285.7762], [991689.2216, 1815271.934], [991679.8469, 1815257.2187], [991671.7904, 1815241.7423], [991665.1135, 1815225.6227], [991659.8668, 1815208.9825], [991656.0904, 1815191.9483], [991653.813, 1815174.6498], [991653.052, 1815157.2187], [991653.813, 1815139.7875], [991656.0904, 1815122.4891], [991659.8668, 1815105.4549], [991665.1135, 1815088.8147], [991671.7904, 1815072.695], [991679.8469, 1815057.2187], [991689.2216, 1815042.5034], [991699.8431, 1815028.6612], [991711.6306, 1815015.7973], [991724.4945, 1815004.0098], [991738.3367, 1814993.3883], [991753.052, 1814984.0136], [991768.5283, 1814975.9571], [991784.648, 1814969.2802], [991801.2882, 1814964.0335], [991818.3223, 1814960.2571], [991835.6208, 1814957.9798], [991853.052, 1814957.2187], [991870.4831, 1814957.9798], [991887.7816, 1814960.2571], [991904.8158, 1814964.0335], [991921.456, 1814969.2802], [991937.5756, 1814975.9571], [991953.052, 1814984.0136], [991967.7673, 1814993.3883], [991981.6095, 1815004.0098], [991994.4733, 1815015.7973], [992006.2609, 1815028.6612], [992016.8824, 1815042.5034], [992026.2571, 1815057.2187], [992034.3135, 1815072.695], [992040.9905, 1815088.8147], [992046.2372, 1815105.4549], [992050.0135, 1815122.4891], [992052.2909, 1815139.7875], [992053.052, 1815157.2187] ] ] }",2025-09-24
2017027,2016,보행어린이,30140002,대전광역시 중구2,대전광역시 중구 은행동(선화사거리 부근),3,3,0,1,2,0,36.331094,127.422686,"{ type: Polygon, coordinates: [ [ [993261.1457, 1814860.3749], [993260.3847, 1814877.8061], [993258.1073, 1814895.1045], [993254.3309, 1814912.1387], [993249.0842, 1814928.7789], [993242.4073, 1814944.8986], [993234.3508, 1814960.3749], [993224.9761, 1814975.0902], [993214.3546, 1814988.9324], [993202.5671, 1815001.7963], [993189.7032, 1815013.5838], [993175.861, 1815024.2053], [993161.1457, 1815033.58], [993145.6694, 1815041.6365], [993129.5497, 1815048.3134], [993112.9095, 1815053.5601], [993095.8753, 1815057.3365], [993078.5769, 1815059.6138], [993061.1457, 1815060.3749], [993043.7146, 1815059.6138], [993026.4161, 1815057.3365], [993009.3819, 1815053.5601], [992992.7417, 1815048.3134], [992976.6221, 1815041.6365], [992961.1457, 1815033.58], [992946.4304, 1815024.2053], [992932.5882, 1815013.5838], [992919.7244, 1815001.7963], [992907.9368, 1814988.9324], [992897.3153, 1814975.0902], [992887.9406, 1814960.3749], [992879.8842, 1814944.8986], [992873.2072, 1814928.7789], [992867.9605, 1814912.1387], [992864.1842, 1814895.1045], [992861.9068, 1814877.8061], [992861.1457, 1814860.3749], [992861.9068, 1814842.9438], [992864.1842, 1814825.6453], [992867.9605, 1814808.6111], [992873.2072, 1814791.9709], [992879.8842, 1814775.8513], [992887.9406, 1814760.3749], [992897.3153, 1814745.6596], [992907.9368, 1814731.8174], [992919.7244, 1814718.9535], [992932.5882, 1814707.166], [992946.4304, 1814696.5445], [992961.1457, 1814687.1698], [992976.6221, 1814679.1133], [992992.7417, 1814672.4364], [993009.3819, 1814667.1897], [993026.4161, 1814663.4134], [993043.7146, 1814661.136], [993061.1457, 1814660.3749], [993078.5769, 1814661.136], [993095.8753, 1814663.4134], [993112.9095, 1814667.1897], [993129.5497, 1814672.4364], [993145.6694, 1814679.1133], [993161.1457, 1814687.1698], [993175.861, 1814696.5445], [993189.7032, 1814707.166], [993202.5671, 1814718.9535], [993214.3546, 1814731.8174], [993224.9761, 1814745.6596], [993234.3508, 1814760.3749], [993242.4073, 1814775.8513], [993249.0842, 1814791.9709], [993254.3309, 1814808.6111], [993258.1073, 1814825.6453], [993260.3847, 1814842.9438], [993261.1457, 1814860.3749] ] ] }",2025-09-24
2017027,2016,보행어린이,30170001,대전광역시 서구1,대전광역시 서구 월평동(갑천초교 부근),4,4,0,2,2,0,36.359999,127.36627,"{ type: Polygon, coordinates: [ [ [988202.2082, 1818072.0832], [988201.4471, 1818089.5144], [988199.1697, 1818106.8129], [988195.3934, 1818123.847], [988190.1467, 1818140.4873], [988183.4698, 1818156.6069], [988175.4133, 1818172.0832], [988166.0386, 1818186.7985], [988155.4171, 1818200.6407], [988143.6296, 1818213.5046], [988130.7657, 1818225.2921], [988116.9235, 1818235.9136], [988102.2082, 1818245.2883], [988086.7318, 1818253.3448], [988070.6122, 1818260.0218], [988053.972, 1818265.2684], [988036.9378, 1818269.0448], [988019.6393, 1818271.3222], [988002.2082, 1818272.0832], [987984.777, 1818271.3222], [987967.4786, 1818269.0448], [987950.4444, 1818265.2684], [987933.8042, 1818260.0218], [987917.6845, 1818253.3448], [987902.2082, 1818245.2883], [987887.4929, 1818235.9136], [987873.6507, 1818225.2921], [987860.7868, 1818213.5046], [987848.9993, 1818200.6407], [987838.3778, 1818186.7985], [987829.0031, 1818172.0832], [987820.9466, 1818156.6069], [987814.2697, 1818140.4873], [987809.023, 1818123.847], [987805.2466, 1818106.8129], [987802.9693, 1818089.5144], [987802.2082, 1818072.0832], [987802.9693, 1818054.6521], [987805.2466, 1818037.3536], [987809.023, 1818020.3194], [987814.2697, 1818003.6792], [987820.9466, 1817987.5596], [987829.0031, 1817972.0832], [987838.3778, 1817957.3679], [987848.9993, 1817943.5257], [987860.7868, 1817930.6619], [987873.6507, 1817918.8743], [987887.4929, 1817908.2528], [987902.2082, 1817898.8781], [987917.6845, 1817890.8217], [987933.8042, 1817884.1447], [987950.4444, 1817878.8981], [987967.4786, 1817875.1217], [987984.777, 1817872.8443], [988002.2082, 1817872.0832], [988019.6393, 1817872.8443], [988036.9378, 1817875.1217], [988053.972, 1817878.8981], [988070.6122, 1817884.1447], [988086.7318, 1817890.8217], [988102.2082, 1817898.8781], [988116.9235, 1817908.2528], [988130.7657, 1817918.8743], [988143.6296, 1817930.6619], [988155.4171, 1817943.5257], [988166.0386, 1817957.3679], [988175.4133, 1817972.0832], [988183.4698, 1817987.5596], [988190.1467, 1818003.6792], [988195.3934, 1818020.3194], [988199.1697, 1818037.3536], [988201.4471, 1818054.6521], [988202.2082, 1818072.0832] ] ] }",2025-09-24
2017027,2016,보행어린이,30170002,대전광역시 서구2,대전광역시 서구 탄방동(탄방주공아파트1단지 부근),3,3,1,1,1,0,36.341702,127.393592,"{ type: Polygon, coordinates: [ [ [990651.2812, 1816039.5311], [990650.5201, 1816056.9623], [990648.2427, 1816074.2608], [990644.4663, 1816091.2949], [990639.2197, 1816107.9351], [990632.5427, 1816124.0548], [990624.4863, 1816139.5311], [990615.1116, 1816154.2464], [990604.4901, 1816168.0886], [990592.7025, 1816180.9525], [990579.8387, 1816192.74], [990565.9965, 1816203.3615], [990551.2812, 1816212.7362], [990535.8048, 1816220.7927], [990519.6852, 1816227.4696], [990503.045, 1816232.7163], [990486.0108, 1816236.4927], [990468.7123, 1816238.7701], [990451.2812, 1816239.5311], [990433.85, 1816238.7701], [990416.5515, 1816236.4927], [990399.5174, 1816232.7163], [990382.8771, 1816227.4696], [990366.7575, 1816220.7927], [990351.2812, 1816212.7362], [990336.5659, 1816203.3615], [990322.7237, 1816192.74], [990309.8598, 1816180.9525], [990298.0723, 1816168.0886], [990287.4508, 1816154.2464], [990278.0761, 1816139.5311], [990270.0196, 1816124.0548], [990263.3427, 1816107.9351], [990258.096, 1816091.2949], [990254.3196, 1816074.2608], [990252.0422, 1816056.9623], [990251.2812, 1816039.5311], [990252.0422, 1816022.1], [990254.3196, 1816004.8015], [990258.096, 1815987.7673], [990263.3427, 1815971.1271], [990270.0196, 1815955.0075], [990278.0761, 1815939.5311], [990287.4508, 1815924.8158], [990298.0723, 1815910.9736], [990309.8598, 1815898.1098], [990322.7237, 1815886.3222], [990336.5659, 1815875.7007], [990351.2812, 1815866.326], [990366.7575, 1815858.2696], [990382.8771, 1815851.5926], [990399.5174, 1815846.3459], [990416.5515, 1815842.5696], [990433.85, 1815840.2922], [990451.2812, 1815839.5311], [990468.7123, 1815840.2922], [990486.0108, 1815842.5696], [990503.045, 1815846.3459], [990519.6852, 1815851.5926], [990535.8048, 1815858.2696], [990551.2812, 1815866.326], [990565.9965, 1815875.7007], [990579.8387, 1815886.3222], [990592.7025, 1815898.1098], [990604.4901, 1815910.9736], [990615.1116, 1815924.8158], [990624.4863, 1815939.5311], [990632.5427, 1815955.0075], [990639.2197, 1815971.1271], [990644.4663, 1815987.7673], [990648.2427, 1816004.8015], [990650.5201, 1816022.1], [990651.2812, 1816039.5311] ] ] }",2025-09-24
2017027,2016,보행어린이,30170003,대전광역시 서구3,대전광역시 서구 내동(내동초교 부근),3,3,0,2,1,0,36.331353,127.380545,"{ type: Polygon, coordinates: [ [ [989479, 1814893], [989478.2389, 1814910.4311], [989475.9616, 1814927.7296], [989472.1852, 1814944.7638], [989466.9385, 1814961.404], [989460.2616, 1814977.5237], [989452.2051, 1814993], [989442.8304, 1815007.7153], [989432.2089, 1815021.5575], [989420.4214, 1815034.4214], [989407.5575, 1815046.2089], [989393.7153, 1815056.8304], [989379, 1815066.2051], [989363.5237, 1815074.2616], [989347.404, 1815080.9385], [989330.7638, 1815086.1852], [989313.7296, 1815089.9616], [989296.4311, 1815092.2389], [989279, 1815093], [989261.5689, 1815092.2389], [989244.2704, 1815089.9616], [989227.2362, 1815086.1852], [989210.596, 1815080.9385], [989194.4763, 1815074.2616], [989179, 1815066.2051], [989164.2847, 1815056.8304], [989150.4425, 1815046.2089], [989137.5786, 1815034.4214], [989125.7911, 1815021.5575], [989115.1696, 1815007.7153], [989105.7949, 1814993], [989097.7384, 1814977.5237], [989091.0615, 1814961.404], [989085.8148, 1814944.7638], [989082.0384, 1814927.7296], [989079.7611, 1814910.4311], [989079, 1814893], [989079.7611, 1814875.5689], [989082.0384, 1814858.2704], [989085.8148, 1814841.2362], [989091.0615, 1814824.596], [989097.7384, 1814808.4763], [989105.7949, 1814793], [989115.1696, 1814778.2847], [989125.7911, 1814764.4425], [989137.5786, 1814751.5786], [989150.4425, 1814739.7911], [989164.2847, 1814729.1696], [989179, 1814719.7949], [989194.4763, 1814711.7384], [989210.596, 1814705.0615], [989227.2362, 1814699.8148], [989244.2704, 1814696.0384], [989261.5689, 1814693.7611], [989279, 1814693], [989296.4311, 1814693.7611], [989313.7296, 1814696.0384], [989330.7638, 1814699.8148], [989347.404, 1814705.0615], [989363.5237, 1814711.7384], [989379, 1814719.7949], [989393.7153, 1814729.1696], [989407.5575, 1814739.7911], [989420.4214, 1814751.5786], [989432.2089, 1814764.4425], [989442.8304, 1814778.2847], [989452.2051, 1814793], [989460.2616, 1814808.4763], [989466.9385, 1814824.596], [989472.1852, 1814841.2362], [989475.9616, 1814858.2704], [989478.2389, 1814875.5689], [989479, 1814893] ] ] }",2025-09-24
2017027,2016,보행어린이,30200001,대전광역시 유성구1,대전광역시 유성구 송강동(그린아파트B 부근),3,3,0,1,1,1,36.431791,127.383929,"{ type: Polygon, coordinates: [ [ [989796.1562, 1826033.4061], [989795.3951, 1826050.8373], [989793.1178, 1826068.1358], [989789.3414, 1826085.17], [989784.0947, 1826101.8102], [989777.4178, 1826117.9298], [989769.3613, 1826133.4061], [989759.9866, 1826148.1214], [989749.3651, 1826161.9637], [989737.5776, 1826174.8275], [989724.7137, 1826186.615], [989710.8715, 1826197.2366], [989696.1562, 1826206.6112], [989680.6799, 1826214.6677], [989664.5602, 1826221.3447], [989647.92, 1826226.5913], [989630.8858, 1826230.3677], [989613.5874, 1826232.6451], [989596.1562, 1826233.4061], [989578.7251, 1826232.6451], [989561.4266, 1826230.3677], [989544.3924, 1826226.5913], [989527.7522, 1826221.3447], [989511.6326, 1826214.6677], [989496.1562, 1826206.6112], [989481.4409, 1826197.2366], [989467.5987, 1826186.615], [989454.7349, 1826174.8275], [989442.9473, 1826161.9637], [989432.3258, 1826148.1214], [989422.9511, 1826133.4061], [989414.8947, 1826117.9298], [989408.2177, 1826101.8102], [989402.971, 1826085.17], [989399.1947, 1826068.1358], [989396.9173, 1826050.8373], [989396.1562, 1826033.4061], [989396.9173, 1826015.975], [989399.1947, 1825998.6765], [989402.971, 1825981.6423], [989408.2177, 1825965.0021], [989414.8947, 1825948.8825], [989422.9511, 1825933.4061], [989432.3258, 1825918.6909], [989442.9473, 1825904.8486], [989454.7349, 1825891.9848], [989467.5987, 1825880.1973], [989481.4409, 1825869.5757], [989496.1562, 1825860.2011], [989511.6326, 1825852.1446], [989527.7522, 1825845.4676], [989544.3924, 1825840.221], [989561.4266, 1825836.4446], [989578.7251, 1825834.1672], [989596.1562, 1825833.4061], [989613.5874, 1825834.1672], [989630.8858, 1825836.4446], [989647.92, 1825840.221], [989664.5602, 1825845.4676], [989680.6799, 1825852.1446], [989696.1562, 1825860.2011], [989710.8715, 1825869.5757], [989724.7137, 1825880.1973], [989737.5776, 1825891.9848], [989749.3651, 1825904.8486], [989759.9866, 1825918.6909], [989769.3613, 1825933.4061], [989777.4178, 1825948.8825], [989784.0947, 1825965.0021], [989789.3414, 1825981.6423], [989793.1178, 1825998.6765], [989795.3951, 1826015.975], [989796.1562, 1826033.4061] ] ] }",2025-09-24
2017027,2016,보행어린이,30230001,대전광역시 대덕구1,대전광역시 대덕구 송촌동(선비마을5단지 부근),4,6,0,2,4,0,36.365548,127.445394,"{ type: Polygon, coordinates: [ [ [995301.2709, 1818680.6248], [995300.5099, 1818698.056], [995298.2325, 1818715.3545], [995294.4561, 1818732.3887], [995289.2095, 1818749.0289], [995282.5325, 1818765.1485], [995274.476, 1818780.6248], [995265.1013, 1818795.3401], [995254.4798, 1818809.1824], [995242.6923, 1818822.0462], [995229.8285, 1818833.8337], [995215.9862, 1818844.4553], [995201.2709, 1818853.8299], [995185.7946, 1818861.8864], [995169.675, 1818868.5634], [995153.0347, 1818873.81], [995136.0006, 1818877.5864], [995118.7021, 1818879.8638], [995101.2709, 1818880.6248], [995083.8398, 1818879.8638], [995066.5413, 1818877.5864], [995049.5071, 1818873.81], [995032.8669, 1818868.5634], [995016.7473, 1818861.8864], [995001.2709, 1818853.8299], [994986.5556, 1818844.4553], [994972.7134, 1818833.8337], [994959.8496, 1818822.0462], [994948.062, 1818809.1824], [994937.4405, 1818795.3401], [994928.0659, 1818780.6248], [994920.0094, 1818765.1485], [994913.3324, 1818749.0289], [994908.0858, 1818732.3887], [994904.3094, 1818715.3545], [994902.032, 1818698.056], [994901.2709, 1818680.6248], [994902.032, 1818663.1937], [994904.3094, 1818645.8952], [994908.0858, 1818628.861], [994913.3324, 1818612.2208], [994920.0094, 1818596.1012], [994928.0659, 1818580.6248], [994937.4405, 1818565.9096], [994948.062, 1818552.0673], [994959.8496, 1818539.2035], [994972.7134, 1818527.416], [994986.5556, 1818516.7944], [995001.2709, 1818507.4198], [995016.7473, 1818499.3633], [995032.8669, 1818492.6863], [995049.5071, 1818487.4397], [995066.5413, 1818483.6633], [995083.8398, 1818481.3859], [995101.2709, 1818480.6248], [995118.7021, 1818481.3859], [995136.0006, 1818483.6633], [995153.0347, 1818487.4397], [995169.675, 1818492.6863], [995185.7946, 1818499.3633], [995201.2709, 1818507.4198], [995215.9862, 1818516.7944], [995229.8285, 1818527.416], [995242.6923, 1818539.2035], [995254.4798, 1818552.0673], [995265.1013, 1818565.9096], [995274.476, 1818580.6248], [995282.5325, 1818596.1012], [995289.2095, 1818612.2208], [995294.4561, 1818628.861], [995298.2325, 1818645.8952], [995300.5099, 1818663.1937], [995301.2709, 1818680.6248] ] ] }",2025-09-24
2017029,2016,보행노인,30110001,대전광역시 동구1,대전광역시 동구 중동(원동삼거리 부근),5,5,0,4,1,0,36.328741,127.433588,"{ type: Polygon, coordinates: [ [ [994239.3752, 1814598.7188], [994238.6141, 1814616.15], [994236.3367, 1814633.4485], [994232.5603, 1814650.4826], [994227.3137, 1814667.1229], [994220.6367, 1814683.2425], [994212.5802, 1814698.7188], [994203.2056, 1814713.4341], [994192.584, 1814727.2763], [994180.7965, 1814740.1402], [994167.9327, 1814751.9277], [994154.0904, 1814762.5492], [994139.3752, 1814771.9239], [994123.8988, 1814779.9804], [994107.7792, 1814786.6573], [994091.139, 1814791.904], [994074.1048, 1814795.6804], [994056.8063, 1814797.9578], [994039.3752, 1814798.7188], [994021.944, 1814797.9578], [994004.6455, 1814795.6804], [993987.6113, 1814791.904], [993970.9711, 1814786.6573], [993954.8515, 1814779.9804], [993939.3752, 1814771.9239], [993924.6599, 1814762.5492], [993910.8176, 1814751.9277], [993897.9538, 1814740.1402], [993886.1663, 1814727.2763], [993875.5447, 1814713.4341], [993866.1701, 1814698.7188], [993858.1136, 1814683.2425], [993851.4366, 1814667.1229], [993846.19, 1814650.4826], [993842.4136, 1814633.4485], [993840.1362, 1814616.15], [993839.3752, 1814598.7188], [993840.1362, 1814581.2877], [993842.4136, 1814563.9892], [993846.19, 1814546.955], [993851.4366, 1814530.3148], [993858.1136, 1814514.1952], [993866.1701, 1814498.7188], [993875.5447, 1814484.0035], [993886.1663, 1814470.1613], [993897.9538, 1814457.2975], [993910.8176, 1814445.5099], [993924.6599, 1814434.8884], [993939.3752, 1814425.5137], [993954.8515, 1814417.4573], [993970.9711, 1814410.7803], [993987.6113, 1814405.5337], [994004.6455, 1814401.7573], [994021.944, 1814399.4799], [994039.3752, 1814398.7188], [994056.8063, 1814399.4799], [994074.1048, 1814401.7573], [994091.139, 1814405.5337], [994107.7792, 1814410.7803], [994123.8988, 1814417.4573], [994139.3752, 1814425.5137], [994154.0904, 1814434.8884], [994167.9327, 1814445.5099], [994180.7965, 1814457.2975], [994192.584, 1814470.1613], [994203.2056, 1814484.0035], [994212.5802, 1814498.7188], [994220.6367, 1814514.1952], [994227.3137, 1814530.3148], [994232.5603, 1814546.955], [994236.3367, 1814563.9892], [994238.6141, 1814581.2877], [994239.3752, 1814598.7188] ] ] }",2025-09-24
2017029,2016,보행노인,30110002,대전광역시 동구2,대전광역시 동구 가양동(소라어린이집 부근),4,6,0,5,1,0,36.343131,127.447535,"{ type: Polygon, coordinates: [ [ [995492, 1816194], [995491.2389, 1816211.4311], [995488.9616, 1816228.7296], [995485.1852, 1816245.7638], [995479.9385, 1816262.404], [995473.2616, 1816278.5237], [995465.2051, 1816294], [995455.8304, 1816308.7153], [995445.2089, 1816322.5575], [995433.4214, 1816335.4214], [995420.5575, 1816347.2089], [995406.7153, 1816357.8304], [995392, 1816367.2051], [995376.5237, 1816375.2616], [995360.404, 1816381.9385], [995343.7638, 1816387.1852], [995326.7296, 1816390.9616], [995309.4311, 1816393.2389], [995292, 1816394], [995274.5689, 1816393.2389], [995257.2704, 1816390.9616], [995240.2362, 1816387.1852], [995223.596, 1816381.9385], [995207.4763, 1816375.2616], [995192, 1816367.2051], [995177.2847, 1816357.8304], [995163.4425, 1816347.2089], [995150.5786, 1816335.4214], [995138.7911, 1816322.5575], [995128.1696, 1816308.7153], [995118.7949, 1816294], [995110.7384, 1816278.5237], [995104.0615, 1816262.404], [995098.8148, 1816245.7638], [995095.0384, 1816228.7296], [995092.7611, 1816211.4311], [995092, 1816194], [995092.7611, 1816176.5689], [995095.0384, 1816159.2704], [995098.8148, 1816142.2362], [995104.0615, 1816125.596], [995110.7384, 1816109.4763], [995118.7949, 1816094], [995128.1696, 1816079.2847], [995138.7911, 1816065.4425], [995150.5786, 1816052.5786], [995163.4425, 1816040.7911], [995177.2847, 1816030.1696], [995192, 1816020.7949], [995207.4763, 1816012.7384], [995223.596, 1816006.0615], [995240.2362, 1816000.8148], [995257.2704, 1815997.0384], [995274.5689, 1815994.7611], [995292, 1815994], [995309.4311, 1815994.7611], [995326.7296, 1815997.0384], [995343.7638, 1816000.8148], [995360.404, 1816006.0615], [995376.5237, 1816012.7384], [995392, 1816020.7949], [995406.7153, 1816030.1696], [995420.5575, 1816040.7911], [995433.4214, 1816052.5786], [995445.2089, 1816065.4425], [995455.8304, 1816079.2847], [995465.2051, 1816094], [995473.2616, 1816109.4763], [995479.9385, 1816125.596], [995485.1852, 1816142.2362], [995488.9616, 1816159.2704], [995491.2389, 1816176.5689], [995492, 1816194] ] ] }",2025-09-24
2017029,2016,보행노인,30110003,대전광역시 동구3,대전광역시 동구 천동(효동네거리 부근),4,4,0,3,1,0,36.316569,127.441338,"{ type: Polygon, coordinates: [ [ [994934.1145, 1813248.1352], [994933.3534, 1813265.5664], [994931.076, 1813282.8648], [994927.2996, 1813299.899], [994922.053, 1813316.5392], [994915.376, 1813332.6589], [994907.3196, 1813348.1352], [994897.9449, 1813362.8505], [994887.3234, 1813376.6927], [994875.5358, 1813389.5566], [994862.672, 1813401.3441], [994848.8298, 1813411.9656], [994834.1145, 1813421.3403], [994818.6381, 1813429.3968], [994802.5185, 1813436.0737], [994785.8783, 1813441.3204], [994768.8441, 1813445.0968], [994751.5456, 1813447.3742], [994734.1145, 1813448.1352], [994716.6833, 1813447.3742], [994699.3848, 1813445.0968], [994682.3507, 1813441.3204], [994665.7104, 1813436.0737], [994649.5908, 1813429.3968], [994634.1145, 1813421.3403], [994619.3992, 1813411.9656], [994605.5569, 1813401.3441], [994592.6931, 1813389.5566], [994580.9056, 1813376.6927], [994570.2841, 1813362.8505], [994560.9094, 1813348.1352], [994552.8529, 1813332.6589], [994546.1759, 1813316.5392], [994540.9293, 1813299.899], [994537.1529, 1813282.8648], [994534.8755, 1813265.5664], [994534.1145, 1813248.1352], [994534.8755, 1813230.7041], [994537.1529, 1813213.4056], [994540.9293, 1813196.3714], [994546.1759, 1813179.7312], [994552.8529, 1813163.6116], [994560.9094, 1813148.1352], [994570.2841, 1813133.4199], [994580.9056, 1813119.5777], [994592.6931, 1813106.7139], [994605.5569, 1813094.9263], [994619.3992, 1813084.3048], [994634.1145, 1813074.9301], [994649.5908, 1813066.8737], [994665.7104, 1813060.1967], [994682.3507, 1813054.95], [994699.3848, 1813051.1737], [994716.6833, 1813048.8963], [994734.1145, 1813048.1352], [994751.5456, 1813048.8963], [994768.8441, 1813051.1737], [994785.8783, 1813054.95], [994802.5185, 1813060.1967], [994818.6381, 1813066.8737], [994834.1145, 1813074.9301], [994848.8298, 1813084.3048], [994862.672, 1813094.9263], [994875.5358, 1813106.7139], [994887.3234, 1813119.5777], [994897.9449, 1813133.4199], [994907.3196, 1813148.1352], [994915.376, 1813163.6116], [994922.053, 1813179.7312], [994927.2996, 1813196.3714], [994931.076, 1813213.4056], [994933.3534, 1813230.7041], [994934.1145, 1813248.1352] ] ] }",2025-09-24
2017029,2016,보행노인,30110004,대전광역시 동구4,대전광역시 동구 가양동(청주해장국 부근),4,4,0,3,1,0,36.35291,127.443159,"{ type: Polygon, coordinates: [ [ [995100, 1817279], [995099.2389, 1817296.4311], [995096.9616, 1817313.7296], [995093.1852, 1817330.7638], [995087.9385, 1817347.404], [995081.2616, 1817363.5237], [995073.2051, 1817379], [995063.8304, 1817393.7153], [995053.2089, 1817407.5575], [995041.4214, 1817420.4214], [995028.5575, 1817432.2089], [995014.7153, 1817442.8304], [995000, 1817452.2051], [994984.5237, 1817460.2616], [994968.404, 1817466.9385], [994951.7638, 1817472.1852], [994934.7296, 1817475.9616], [994917.4311, 1817478.2389], [994900, 1817479], [994882.5689, 1817478.2389], [994865.2704, 1817475.9616], [994848.2362, 1817472.1852], [994831.596, 1817466.9385], [994815.4763, 1817460.2616], [994800, 1817452.2051], [994785.2847, 1817442.8304], [994771.4425, 1817432.2089], [994758.5786, 1817420.4214], [994746.7911, 1817407.5575], [994736.1696, 1817393.7153], [994726.7949, 1817379], [994718.7384, 1817363.5237], [994712.0615, 1817347.404], [994706.8148, 1817330.7638], [994703.0384, 1817313.7296], [994700.7611, 1817296.4311], [994700, 1817279], [994700.7611, 1817261.5689], [994703.0384, 1817244.2704], [994706.8148, 1817227.2362], [994712.0615, 1817210.596], [994718.7384, 1817194.4763], [994726.7949, 1817179], [994736.1696, 1817164.2847], [994746.7911, 1817150.4425], [994758.5786, 1817137.5786], [994771.4425, 1817125.7911], [994785.2847, 1817115.1696], [994800, 1817105.7949], [994815.4763, 1817097.7384], [994831.596, 1817091.0615], [994848.2362, 1817085.8148], [994865.2704, 1817082.0384], [994882.5689, 1817079.7611], [994900, 1817079], [994917.4311, 1817079.7611], [994934.7296, 1817082.0384], [994951.7638, 1817085.8148], [994968.404, 1817091.0615], [994984.5237, 1817097.7384], [995000, 1817105.7949], [995014.7153, 1817115.1696], [995028.5575, 1817125.7911], [995041.4214, 1817137.5786], [995053.2089, 1817150.4425], [995063.8304, 1817164.2847], [995073.2051, 1817179], [995081.2616, 1817194.4763], [995087.9385, 1817210.596], [995093.1852, 1817227.2362], [995096.9616, 1817244.2704], [995099.2389, 1817261.5689], [995100, 1817279] ] ] }",2025-09-24
2017029,2016,보행노인,30110005,대전광역시 동구5,대전광역시 동구 인동(인동네거리 부근),4,4,0,2,2,0,36.321696,127.43789,"{ type: Polygon, coordinates: [ [ [994625, 1813817], [994624.2389, 1813834.4311], [994621.9616, 1813851.7296], [994618.1852, 1813868.7638], [994612.9385, 1813885.404], [994606.2616, 1813901.5237], [994598.2051, 1813917], [994588.8304, 1813931.7153], [994578.2089, 1813945.5575], [994566.4214, 1813958.4214], [994553.5575, 1813970.2089], [994539.7153, 1813980.8304], [994525, 1813990.2051], [994509.5237, 1813998.2616], [994493.404, 1814004.9385], [994476.7638, 1814010.1852], [994459.7296, 1814013.9616], [994442.4311, 1814016.2389], [994425, 1814017], [994407.5689, 1814016.2389], [994390.2704, 1814013.9616], [994373.2362, 1814010.1852], [994356.596, 1814004.9385], [994340.4763, 1813998.2616], [994325, 1813990.2051], [994310.2847, 1813980.8304], [994296.4425, 1813970.2089], [994283.5786, 1813958.4214], [994271.7911, 1813945.5575], [994261.1696, 1813931.7153], [994251.7949, 1813917], [994243.7384, 1813901.5237], [994237.0615, 1813885.404], [994231.8148, 1813868.7638], [994228.0384, 1813851.7296], [994225.7611, 1813834.4311], [994225, 1813817], [994225.7611, 1813799.5689], [994228.0384, 1813782.2704], [994231.8148, 1813765.2362], [994237.0615, 1813748.596], [994243.7384, 1813732.4763], [994251.7949, 1813717], [994261.1696, 1813702.2847], [994271.7911, 1813688.4425], [994283.5786, 1813675.5786], [994296.4425, 1813663.7911], [994310.2847, 1813653.1696], [994325, 1813643.7949], [994340.4763, 1813635.7384], [994356.596, 1813629.0615], [994373.2362, 1813623.8148], [994390.2704, 1813620.0384], [994407.5689, 1813617.7611], [994425, 1813617], [994442.4311, 1813617.7611], [994459.7296, 1813620.0384], [994476.7638, 1813623.8148], [994493.404, 1813629.0615], [994509.5237, 1813635.7384], [994525, 1813643.7949], [994539.7153, 1813653.1696], [994553.5575, 1813663.7911], [994566.4214, 1813675.5786], [994578.2089, 1813688.4425], [994588.8304, 1813702.2847], [994598.2051, 1813717], [994606.2616, 1813732.4763], [994612.9385, 1813748.596], [994618.1852, 1813765.2362], [994621.9616, 1813782.2704], [994624.2389, 1813799.5689], [994625, 1813817] ] ] }",2025-09-24
2017029,2016,보행노인,30110006,대전광역시 동구6,대전광역시 동구 대동(대동오거리 부근),3,3,0,3,0,0,36.32929,127.442441,"{ type: Polygon, coordinates: [ [ [995034, 1814659], [995033.2389, 1814676.4311], [995030.9616, 1814693.7296], [995027.1852, 1814710.7638], [995021.9385, 1814727.404], [995015.2616, 1814743.5237], [995007.2051, 1814759], [994997.8304, 1814773.7153], [994987.2089, 1814787.5575], [994975.4214, 1814800.4214], [994962.5575, 1814812.2089], [994948.7153, 1814822.8304], [994934, 1814832.2051], [994918.5237, 1814840.2616], [994902.404, 1814846.9385], [994885.7638, 1814852.1852], [994868.7296, 1814855.9616], [994851.4311, 1814858.2389], [994834, 1814859], [994816.5689, 1814858.2389], [994799.2704, 1814855.9616], [994782.2362, 1814852.1852], [994765.596, 1814846.9385], [994749.4763, 1814840.2616], [994734, 1814832.2051], [994719.2847, 1814822.8304], [994705.4425, 1814812.2089], [994692.5786, 1814800.4214], [994680.7911, 1814787.5575], [994670.1696, 1814773.7153], [994660.7949, 1814759], [994652.7384, 1814743.5237], [994646.0615, 1814727.404], [994640.8148, 1814710.7638], [994637.0384, 1814693.7296], [994634.7611, 1814676.4311], [994634, 1814659], [994634.7611, 1814641.5689], [994637.0384, 1814624.2704], [994640.8148, 1814607.2362], [994646.0615, 1814590.596], [994652.7384, 1814574.4763], [994660.7949, 1814559], [994670.1696, 1814544.2847], [994680.7911, 1814530.4425], [994692.5786, 1814517.5786], [994705.4425, 1814505.7911], [994719.2847, 1814495.1696], [994734, 1814485.7949], [994749.4763, 1814477.7384], [994765.596, 1814471.0615], [994782.2362, 1814465.8148], [994799.2704, 1814462.0384], [994816.5689, 1814459.7611], [994834, 1814459], [994851.4311, 1814459.7611], [994868.7296, 1814462.0384], [994885.7638, 1814465.8148], [994902.404, 1814471.0615], [994918.5237, 1814477.7384], [994934, 1814485.7949], [994948.7153, 1814495.1696], [994962.5575, 1814505.7911], [994975.4214, 1814517.5786], [994987.2089, 1814530.4425], [994997.8304, 1814544.2847], [995007.2051, 1814559], [995015.2616, 1814574.4763], [995021.9385, 1814590.596], [995027.1852, 1814607.2362], [995030.9616, 1814624.2704], [995033.2389, 1814641.5689], [995034, 1814659] ] ] }",2025-09-24
2017029,2016,보행노인,30110007,대전광역시 동구7,대전광역시 동구 소제동(대성여상삼거리 부근),3,3,0,2,1,0,36.335518,127.439194,"{ type: Polygon, coordinates: [ [ [994743, 1815350], [994742.2389, 1815367.4311], [994739.9616, 1815384.7296], [994736.1852, 1815401.7638], [994730.9385, 1815418.404], [994724.2616, 1815434.5237], [994716.2051, 1815450], [994706.8304, 1815464.7153], [994696.2089, 1815478.5575], [994684.4214, 1815491.4214], [994671.5575, 1815503.2089], [994657.7153, 1815513.8304], [994643, 1815523.2051], [994627.5237, 1815531.2616], [994611.404, 1815537.9385], [994594.7638, 1815543.1852], [994577.7296, 1815546.9616], [994560.4311, 1815549.2389], [994543, 1815550], [994525.5689, 1815549.2389], [994508.2704, 1815546.9616], [994491.2362, 1815543.1852], [994474.596, 1815537.9385], [994458.4763, 1815531.2616], [994443, 1815523.2051], [994428.2847, 1815513.8304], [994414.4425, 1815503.2089], [994401.5786, 1815491.4214], [994389.7911, 1815478.5575], [994379.1696, 1815464.7153], [994369.7949, 1815450], [994361.7384, 1815434.5237], [994355.0615, 1815418.404], [994349.8148, 1815401.7638], [994346.0384, 1815384.7296], [994343.7611, 1815367.4311], [994343, 1815350], [994343.7611, 1815332.5689], [994346.0384, 1815315.2704], [994349.8148, 1815298.2362], [994355.0615, 1815281.596], [994361.7384, 1815265.4763], [994369.7949, 1815250], [994379.1696, 1815235.2847], [994389.7911, 1815221.4425], [994401.5786, 1815208.5786], [994414.4425, 1815196.7911], [994428.2847, 1815186.1696], [994443, 1815176.7949], [994458.4763, 1815168.7384], [994474.596, 1815162.0615], [994491.2362, 1815156.8148], [994508.2704, 1815153.0384], [994525.5689, 1815150.7611], [994543, 1815150], [994560.4311, 1815150.7611], [994577.7296, 1815153.0384], [994594.7638, 1815156.8148], [994611.404, 1815162.0615], [994627.5237, 1815168.7384], [994643, 1815176.7949], [994657.7153, 1815186.1696], [994671.5575, 1815196.7911], [994684.4214, 1815208.5786], [994696.2089, 1815221.4425], [994706.8304, 1815235.2847], [994716.2051, 1815250], [994724.2616, 1815265.4763], [994730.9385, 1815281.596], [994736.1852, 1815298.2362], [994739.9616, 1815315.2704], [994742.2389, 1815332.5689], [994743, 1815350] ] ] }",2025-09-24
2017029,2016,보행노인,30110008,대전광역시 동구8,대전광역시 동구 정동(대전역네거리 부근),2,2,1,1,0,0,36.332709,127.432014,"{ type: Polygon, coordinates: [ [ [994098.4167, 1815038.8855], [994097.6556, 1815056.3167], [994095.3782, 1815073.6152], [994091.6019, 1815090.6493], [994086.3552, 1815107.2895], [994079.6782, 1815123.4092], [994071.6218, 1815138.8855], [994062.2471, 1815153.6008], [994051.6256, 1815167.443], [994039.838, 1815180.3069], [994026.9742, 1815192.0944], [994013.132, 1815202.7159], [993998.4167, 1815212.0906], [993982.9403, 1815220.1471], [993966.8207, 1815226.824], [993950.1805, 1815232.0707], [993933.1463, 1815235.8471], [993915.8478, 1815238.1245], [993898.4167, 1815238.8855], [993880.9855, 1815238.1245], [993863.6871, 1815235.8471], [993846.6529, 1815232.0707], [993830.0127, 1815226.824], [993813.893, 1815220.1471], [993798.4167, 1815212.0906], [993783.7014, 1815202.7159], [993769.8592, 1815192.0944], [993756.9953, 1815180.3069], [993745.2078, 1815167.443], [993734.5863, 1815153.6008], [993725.2116, 1815138.8855], [993717.1551, 1815123.4092], [993710.4782, 1815107.2895], [993705.2315, 1815090.6493], [993701.4551, 1815073.6152], [993699.1778, 1815056.3167], [993698.4167, 1815038.8855], [993699.1778, 1815021.4544], [993701.4551, 1815004.1559], [993705.2315, 1814987.1217], [993710.4782, 1814970.4815], [993717.1551, 1814954.3619], [993725.2116, 1814938.8855], [993734.5863, 1814924.1702], [993745.2078, 1814910.328], [993756.9953, 1814897.4642], [993769.8592, 1814885.6766], [993783.7014, 1814875.0551], [993798.4167, 1814865.6804], [993813.893, 1814857.624], [993830.0127, 1814850.947], [993846.6529, 1814845.7004], [993863.6871, 1814841.924], [993880.9855, 1814839.6466], [993898.4167, 1814838.8855], [993915.8478, 1814839.6466], [993933.1463, 1814841.924], [993950.1805, 1814845.7004], [993966.8207, 1814850.947], [993982.9403, 1814857.624], [993998.4167, 1814865.6804], [994013.132, 1814875.0551], [994026.9742, 1814885.6766], [994039.838, 1814897.4642], [994051.6256, 1814910.328], [994062.2471, 1814924.1702], [994071.6218, 1814938.8855], [994079.6782, 1814954.3619], [994086.3552, 1814970.4815], [994091.6019, 1814987.1217], [994095.3782, 1815004.1559], [994097.6556, 1815021.4544], [994098.4167, 1815038.8855] ] ] }",2025-09-24
2017029,2016,보행노인,30140001,대전광역시 중구1,대전광역시 중구 중촌동(눈이넷 부근),5,5,1,4,0,0,36.335528,127.411916,"{ type: Polygon, coordinates: [ [ [992295, 1815353], [992294.2389, 1815370.4311], [992291.9616, 1815387.7296], [992288.1852, 1815404.7638], [992282.9385, 1815421.404], [992276.2616, 1815437.5237], [992268.2051, 1815453], [992258.8304, 1815467.7153], [992248.2089, 1815481.5575], [992236.4214, 1815494.4214], [992223.5575, 1815506.2089], [992209.7153, 1815516.8304], [992195, 1815526.2051], [992179.5237, 1815534.2616], [992163.404, 1815540.9385], [992146.7638, 1815546.1852], [992129.7296, 1815549.9616], [992112.4311, 1815552.2389], [992095, 1815553], [992077.5689, 1815552.2389], [992060.2704, 1815549.9616], [992043.2362, 1815546.1852], [992026.596, 1815540.9385], [992010.4763, 1815534.2616], [991995, 1815526.2051], [991980.2847, 1815516.8304], [991966.4425, 1815506.2089], [991953.5786, 1815494.4214], [991941.7911, 1815481.5575], [991931.1696, 1815467.7153], [991921.7949, 1815453], [991913.7384, 1815437.5237], [991907.0615, 1815421.404], [991901.8148, 1815404.7638], [991898.0384, 1815387.7296], [991895.7611, 1815370.4311], [991895, 1815353], [991895.7611, 1815335.5689], [991898.0384, 1815318.2704], [991901.8148, 1815301.2362], [991907.0615, 1815284.596], [991913.7384, 1815268.4763], [991921.7949, 1815253], [991931.1696, 1815238.2847], [991941.7911, 1815224.4425], [991953.5786, 1815211.5786], [991966.4425, 1815199.7911], [991980.2847, 1815189.1696], [991995, 1815179.7949], [992010.4763, 1815171.7384], [992026.596, 1815165.0615], [992043.2362, 1815159.8148], [992060.2704, 1815156.0384], [992077.5689, 1815153.7611], [992095, 1815153], [992112.4311, 1815153.7611], [992129.7296, 1815156.0384], [992146.7638, 1815159.8148], [992163.404, 1815165.0615], [992179.5237, 1815171.7384], [992195, 1815179.7949], [992209.7153, 1815189.1696], [992223.5575, 1815199.7911], [992236.4214, 1815211.5786], [992248.2089, 1815224.4425], [992258.8304, 1815238.2847], [992268.2051, 1815253], [992276.2616, 1815268.4763], [992282.9385, 1815284.596], [992288.1852, 1815301.2362], [992291.9616, 1815318.2704], [992294.2389, 1815335.5689], [992295, 1815353] ] ] }",2025-09-24
2017029,2016,보행노인,30140002,대전광역시 중구2,대전광역시 중구 문화동(대전일보네거리 부근),4,4,0,3,1,0,36.320879,127.414473,"{ type: Polygon, coordinates: [ [ [992523, 1813728], [992522.2389, 1813745.4311], [992519.9616, 1813762.7296], [992516.1852, 1813779.7638], [992510.9385, 1813796.404], [992504.2616, 1813812.5237], [992496.2051, 1813828], [992486.8304, 1813842.7153], [992476.2089, 1813856.5575], [992464.4214, 1813869.4214], [992451.5575, 1813881.2089], [992437.7153, 1813891.8304], [992423, 1813901.2051], [992407.5237, 1813909.2616], [992391.404, 1813915.9385], [992374.7638, 1813921.1852], [992357.7296, 1813924.9616], [992340.4311, 1813927.2389], [992323, 1813928], [992305.5689, 1813927.2389], [992288.2704, 1813924.9616], [992271.2362, 1813921.1852], [992254.596, 1813915.9385], [992238.4763, 1813909.2616], [992223, 1813901.2051], [992208.2847, 1813891.8304], [992194.4425, 1813881.2089], [992181.5786, 1813869.4214], [992169.7911, 1813856.5575], [992159.1696, 1813842.7153], [992149.7949, 1813828], [992141.7384, 1813812.5237], [992135.0615, 1813796.404], [992129.8148, 1813779.7638], [992126.0384, 1813762.7296], [992123.7611, 1813745.4311], [992123, 1813728], [992123.7611, 1813710.5689], [992126.0384, 1813693.2704], [992129.8148, 1813676.2362], [992135.0615, 1813659.596], [992141.7384, 1813643.4763], [992149.7949, 1813628], [992159.1696, 1813613.2847], [992169.7911, 1813599.4425], [992181.5786, 1813586.5786], [992194.4425, 1813574.7911], [992208.2847, 1813564.1696], [992223, 1813554.7949], [992238.4763, 1813546.7384], [992254.596, 1813540.0615], [992271.2362, 1813534.8148], [992288.2704, 1813531.0384], [992305.5689, 1813528.7611], [992323, 1813528], [992340.4311, 1813528.7611], [992357.7296, 1813531.0384], [992374.7638, 1813534.8148], [992391.404, 1813540.0615], [992407.5237, 1813546.7384], [992423, 1813554.7949], [992437.7153, 1813564.1696], [992451.5575, 1813574.7911], [992464.4214, 1813586.5786], [992476.2089, 1813599.4425], [992486.8304, 1813613.2847], [992496.2051, 1813628], [992504.2616, 1813643.4763], [992510.9385, 1813659.596], [992516.1852, 1813676.2362], [992519.9616, 1813693.2704], [992522.2389, 1813710.5689], [992523, 1813728] ] ] }",2025-09-24
2017029,2016,보행노인,30170001,대전광역시 서구1,대전광역시 서구 도마동(도마네거리 부근),4,4,1,2,1,0,36.313187,127.380283,"{ type: Polygon, coordinates: [ [ [989453, 1812878], [989452.2389, 1812895.4311], [989449.9616, 1812912.7296], [989446.1852, 1812929.7638], [989440.9385, 1812946.404], [989434.2616, 1812962.5237], [989426.2051, 1812978], [989416.8304, 1812992.7153], [989406.2089, 1813006.5575], [989394.4214, 1813019.4214], [989381.5575, 1813031.2089], [989367.7153, 1813041.8304], [989353, 1813051.2051], [989337.5237, 1813059.2616], [989321.404, 1813065.9385], [989304.7638, 1813071.1852], [989287.7296, 1813074.9616], [989270.4311, 1813077.2389], [989253, 1813078], [989235.5689, 1813077.2389], [989218.2704, 1813074.9616], [989201.2362, 1813071.1852], [989184.596, 1813065.9385], [989168.4763, 1813059.2616], [989153, 1813051.2051], [989138.2847, 1813041.8304], [989124.4425, 1813031.2089], [989111.5786, 1813019.4214], [989099.7911, 1813006.5575], [989089.1696, 1812992.7153], [989079.7949, 1812978], [989071.7384, 1812962.5237], [989065.0615, 1812946.404], [989059.8148, 1812929.7638], [989056.0384, 1812912.7296], [989053.7611, 1812895.4311], [989053, 1812878], [989053.7611, 1812860.5689], [989056.0384, 1812843.2704], [989059.8148, 1812826.2362], [989065.0615, 1812809.596], [989071.7384, 1812793.4763], [989079.7949, 1812778], [989089.1696, 1812763.2847], [989099.7911, 1812749.4425], [989111.5786, 1812736.5786], [989124.4425, 1812724.7911], [989138.2847, 1812714.1696], [989153, 1812704.7949], [989168.4763, 1812696.7384], [989184.596, 1812690.0615], [989201.2362, 1812684.8148], [989218.2704, 1812681.0384], [989235.5689, 1812678.7611], [989253, 1812678], [989270.4311, 1812678.7611], [989287.7296, 1812681.0384], [989304.7638, 1812684.8148], [989321.404, 1812690.0615], [989337.5237, 1812696.7384], [989353, 1812704.7949], [989367.7153, 1812714.1696], [989381.5575, 1812724.7911], [989394.4214, 1812736.5786], [989406.2089, 1812749.4425], [989416.8304, 1812763.2847], [989426.2051, 1812778], [989434.2616, 1812793.4763], [989440.9385, 1812809.596], [989446.1852, 1812826.2362], [989449.9616, 1812843.2704], [989452.2389, 1812860.5689], [989453, 1812878] ] ] }",2025-09-24
2017029,2016,보행노인,30170002,대전광역시 서구2,대전광역시 서구 갈마동(삼화페인트 부근),4,4,0,2,2,0,36.34745,127.375895,"{ type: Polygon, coordinates: [ [ [989064.0207, 1816678.9375], [989063.2597, 1816696.3687], [989060.9823, 1816713.6672], [989057.2059, 1816730.7013], [989051.9593, 1816747.3415], [989045.2823, 1816763.4612], [989037.2258, 1816778.9375], [989027.8512, 1816793.6528], [989017.2296, 1816807.495], [989005.4421, 1816820.3589], [988992.5783, 1816832.1464], [988978.736, 1816842.7679], [988964.0207, 1816852.1426], [988948.5444, 1816860.1991], [988932.4248, 1816866.876], [988915.7846, 1816872.1227], [988898.7504, 1816875.8991], [988881.4519, 1816878.1765], [988864.0207, 1816878.9375], [988846.5896, 1816878.1765], [988829.2911, 1816875.8991], [988812.2569, 1816872.1227], [988795.6167, 1816866.876], [988779.4971, 1816860.1991], [988764.0207, 1816852.1426], [988749.3055, 1816842.7679], [988735.4632, 1816832.1464], [988722.5994, 1816820.3589], [988710.8119, 1816807.495], [988700.1903, 1816793.6528], [988690.8157, 1816778.9375], [988682.7592, 1816763.4612], [988676.0822, 1816747.3415], [988670.8356, 1816730.7013], [988667.0592, 1816713.6672], [988664.7818, 1816696.3687], [988664.0207, 1816678.9375], [988664.7818, 1816661.5064], [988667.0592, 1816644.2079], [988670.8356, 1816627.1737], [988676.0822, 1816610.5335], [988682.7592, 1816594.4139], [988690.8157, 1816578.9375], [988700.1903, 1816564.2222], [988710.8119, 1816550.38], [988722.5994, 1816537.5162], [988735.4632, 1816525.7286], [988749.3055, 1816515.1071], [988764.0207, 1816505.7324], [988779.4971, 1816497.676], [988795.6167, 1816490.999], [988812.2569, 1816485.7524], [988829.2911, 1816481.976], [988846.5896, 1816479.6986], [988864.0207, 1816478.9375], [988881.4519, 1816479.6986], [988898.7504, 1816481.976], [988915.7846, 1816485.7524], [988932.4248, 1816490.999], [988948.5444, 1816497.676], [988964.0207, 1816505.7324], [988978.736, 1816515.1071], [988992.5783, 1816525.7286], [989005.4421, 1816537.5162], [989017.2296, 1816550.38], [989027.8512, 1816564.2222], [989037.2258, 1816578.9375], [989045.2823, 1816594.4139], [989051.9593, 1816610.5335], [989057.2059, 1816627.1737], [989060.9823, 1816644.2079], [989063.2597, 1816661.5064], [989064.0207, 1816678.9375] ] ] }",2025-09-24
2017029,2016,보행노인,30170003,대전광역시 서구3,대전광역시 서구 도마동(양지아파트 부근),3,4,0,4,0,0,36.314238,127.373723,"{ type: Polygon, coordinates: [ [ [988864.2917, 1812995.3124], [988863.5306, 1813012.7436], [988861.2532, 1813030.0421], [988857.4768, 1813047.0762], [988852.2302, 1813063.7164], [988845.5532, 1813079.8361], [988837.4968, 1813095.3124], [988828.1221, 1813110.0277], [988817.5006, 1813123.8699], [988805.713, 1813136.7338], [988792.8492, 1813148.5213], [988779.007, 1813159.1428], [988764.2917, 1813168.5175], [988748.8153, 1813176.574], [988732.6957, 1813183.2509], [988716.0555, 1813188.4976], [988699.0213, 1813192.274], [988681.7228, 1813194.5514], [988664.2917, 1813195.3124], [988646.8605, 1813194.5514], [988629.562, 1813192.274], [988612.5279, 1813188.4976], [988595.8876, 1813183.2509], [988579.768, 1813176.574], [988564.2917, 1813168.5175], [988549.5764, 1813159.1428], [988535.7342, 1813148.5213], [988522.8703, 1813136.7338], [988511.0828, 1813123.8699], [988500.4613, 1813110.0277], [988491.0866, 1813095.3124], [988483.0301, 1813079.8361], [988476.3532, 1813063.7164], [988471.1065, 1813047.0762], [988467.3301, 1813030.0421], [988465.0527, 1813012.7436], [988464.2917, 1812995.3124], [988465.0527, 1812977.8813], [988467.3301, 1812960.5828], [988471.1065, 1812943.5486], [988476.3532, 1812926.9084], [988483.0301, 1812910.7888], [988491.0866, 1812895.3124], [988500.4613, 1812880.5971], [988511.0828, 1812866.7549], [988522.8703, 1812853.8911], [988535.7342, 1812842.1035], [988549.5764, 1812831.482], [988564.2917, 1812822.1073], [988579.768, 1812814.0509], [988595.8876, 1812807.3739], [988612.5279, 1812802.1273], [988629.562, 1812798.3509], [988646.8605, 1812796.0735], [988664.2917, 1812795.3124], [988681.7228, 1812796.0735], [988699.0213, 1812798.3509], [988716.0555, 1812802.1273], [988732.6957, 1812807.3739], [988748.8153, 1812814.0509], [988764.2917, 1812822.1073], [988779.007, 1812831.482], [988792.8492, 1812842.1035], [988805.713, 1812853.8911], [988817.5006, 1812866.7549], [988828.1221, 1812880.5971], [988837.4968, 1812895.3124], [988845.5532, 1812910.7888], [988852.2302, 1812926.9084], [988857.4768, 1812943.5486], [988861.2532, 1812960.5828], [988863.5306, 1812977.8813], [988864.2917, 1812995.3124] ] ] }",2025-09-24
2017029,2016,보행노인,30170004,대전광역시 서구4,대전광역시 서구 내동(네동사거리 부근),3,3,0,3,0,0,36.332392,127.377959,"{ type: Polygon, coordinates: [ [ [989247.104, 1815008.5206], [989246.3429, 1815025.9518], [989244.0655, 1815043.2503], [989240.2891, 1815060.2844], [989235.0425, 1815076.9246], [989228.3655, 1815093.0443], [989220.3091, 1815108.5206], [989210.9344, 1815123.2359], [989200.3129, 1815137.0781], [989188.5253, 1815149.942], [989175.6615, 1815161.7295], [989161.8193, 1815172.351], [989147.104, 1815181.7257], [989131.6276, 1815189.7822], [989115.508, 1815196.4591], [989098.8678, 1815201.7058], [989081.8336, 1815205.4822], [989064.5351, 1815207.7596], [989047.104, 1815208.5206], [989029.6728, 1815207.7596], [989012.3743, 1815205.4822], [988995.3402, 1815201.7058], [988978.6999, 1815196.4591], [988962.5803, 1815189.7822], [988947.104, 1815181.7257], [988932.3887, 1815172.351], [988918.5464, 1815161.7295], [988905.6826, 1815149.942], [988893.8951, 1815137.0781], [988883.2736, 1815123.2359], [988873.8989, 1815108.5206], [988865.8424, 1815093.0443], [988859.1654, 1815076.9246], [988853.9188, 1815060.2844], [988850.1424, 1815043.2503], [988847.865, 1815025.9518], [988847.104, 1815008.5206], [988847.865, 1814991.0895], [988850.1424, 1814973.791], [988853.9188, 1814956.7568], [988859.1654, 1814940.1166], [988865.8424, 1814923.997], [988873.8989, 1814908.5206], [988883.2736, 1814893.8053], [988893.8951, 1814879.9631], [988905.6826, 1814867.0993], [988918.5464, 1814855.3117], [988932.3887, 1814844.6902], [988947.104, 1814835.3155], [988962.5803, 1814827.2591], [988978.6999, 1814820.5821], [988995.3402, 1814815.3355], [989012.3743, 1814811.5591], [989029.6728, 1814809.2817], [989047.104, 1814808.5206], [989064.5351, 1814809.2817], [989081.8336, 1814811.5591], [989098.8678, 1814815.3355], [989115.508, 1814820.5821], [989131.6276, 1814827.2591], [989147.104, 1814835.3155], [989161.8193, 1814844.6902], [989175.6615, 1814855.3117], [989188.5253, 1814867.0993], [989200.3129, 1814879.9631], [989210.9344, 1814893.8053], [989220.3091, 1814908.5206], [989228.3655, 1814923.997], [989235.0425, 1814940.1166], [989240.2891, 1814956.7568], [989244.0655, 1814973.791], [989246.3429, 1814991.0895], [989247.104, 1815008.5206] ] ] }",2025-09-24
2017029,2016,보행노인,30170005,대전광역시 서구5,대전광역시 서구 괴정동(탄방지하차도 부근),3,3,0,2,1,0,36.341988,127.387659,"{ type: Polygon, coordinates: [ [ [990118.822, 1816071.8755], [990118.061, 1816089.3067], [990115.7836, 1816106.6052], [990112.0072, 1816123.6393], [990106.7606, 1816140.2796], [990100.0836, 1816156.3992], [990092.0271, 1816171.8755], [990082.6525, 1816186.5908], [990072.0309, 1816200.4331], [990060.2434, 1816213.2969], [990047.3796, 1816225.0844], [990033.5373, 1816235.7059], [990018.822, 1816245.0806], [990003.3457, 1816253.1371], [989987.2261, 1816259.8141], [989970.5859, 1816265.0607], [989953.5517, 1816268.8371], [989936.2532, 1816271.1145], [989918.822, 1816271.8755], [989901.3909, 1816271.1145], [989884.0924, 1816268.8371], [989867.0582, 1816265.0607], [989850.418, 1816259.8141], [989834.2984, 1816253.1371], [989818.822, 1816245.0806], [989804.1068, 1816235.7059], [989790.2645, 1816225.0844], [989777.4007, 1816213.2969], [989765.6132, 1816200.4331], [989754.9916, 1816186.5908], [989745.617, 1816171.8755], [989737.5605, 1816156.3992], [989730.8835, 1816140.2796], [989725.6369, 1816123.6393], [989721.8605, 1816106.6052], [989719.5831, 1816089.3067], [989718.822, 1816071.8755], [989719.5831, 1816054.4444], [989721.8605, 1816037.1459], [989725.6369, 1816020.1117], [989730.8835, 1816003.4715], [989737.5605, 1815987.3519], [989745.617, 1815971.8755], [989754.9916, 1815957.1603], [989765.6132, 1815943.318], [989777.4007, 1815930.4542], [989790.2645, 1815918.6666], [989804.1068, 1815908.0451], [989818.822, 1815898.6705], [989834.2984, 1815890.614], [989850.418, 1815883.937], [989867.0582, 1815878.6904], [989884.0924, 1815874.914], [989901.3909, 1815872.6366], [989918.822, 1815871.8755], [989936.2532, 1815872.6366], [989953.5517, 1815874.914], [989970.5859, 1815878.6904], [989987.2261, 1815883.937], [990003.3457, 1815890.614], [990018.822, 1815898.6705], [990033.5373, 1815908.0451], [990047.3796, 1815918.6666], [990060.2434, 1815930.4542], [990072.0309, 1815943.318], [990082.6525, 1815957.1603], [990092.0271, 1815971.8755], [990100.0836, 1815987.3519], [990106.7606, 1816003.4715], [990112.0072, 1816020.1117], [990115.7836, 1816037.1459], [990118.061, 1816054.4444], [990118.822, 1816071.8755] ] ] }",2025-09-24
2017029,2016,보행노인,30170006,대전광역시 서구6,대전광역시 서구 탄방동(대전 I.C 부근),3,3,0,1,2,0,36.345965,127.387443,"{ type: Polygon, coordinates: [ [ [990100, 1816513], [990099.2389, 1816530.4311], [990096.9616, 1816547.7296], [990093.1852, 1816564.7638], [990087.9385, 1816581.404], [990081.2616, 1816597.5237], [990073.2051, 1816613], [990063.8304, 1816627.7153], [990053.2089, 1816641.5575], [990041.4214, 1816654.4214], [990028.5575, 1816666.2089], [990014.7153, 1816676.8304], [990000, 1816686.2051], [989984.5237, 1816694.2616], [989968.404, 1816700.9385], [989951.7638, 1816706.1852], [989934.7296, 1816709.9616], [989917.4311, 1816712.2389], [989900, 1816713], [989882.5689, 1816712.2389], [989865.2704, 1816709.9616], [989848.2362, 1816706.1852], [989831.596, 1816700.9385], [989815.4763, 1816694.2616], [989800, 1816686.2051], [989785.2847, 1816676.8304], [989771.4425, 1816666.2089], [989758.5786, 1816654.4214], [989746.7911, 1816641.5575], [989736.1696, 1816627.7153], [989726.7949, 1816613], [989718.7384, 1816597.5237], [989712.0615, 1816581.404], [989706.8148, 1816564.7638], [989703.0384, 1816547.7296], [989700.7611, 1816530.4311], [989700, 1816513], [989700.7611, 1816495.5689], [989703.0384, 1816478.2704], [989706.8148, 1816461.2362], [989712.0615, 1816444.596], [989718.7384, 1816428.4763], [989726.7949, 1816413], [989736.1696, 1816398.2847], [989746.7911, 1816384.4425], [989758.5786, 1816371.5786], [989771.4425, 1816359.7911], [989785.2847, 1816349.1696], [989800, 1816339.7949], [989815.4763, 1816331.7384], [989831.596, 1816325.0615], [989848.2362, 1816319.8148], [989865.2704, 1816316.0384], [989882.5689, 1816313.7611], [989900, 1816313], [989917.4311, 1816313.7611], [989934.7296, 1816316.0384], [989951.7638, 1816319.8148], [989968.404, 1816325.0615], [989984.5237, 1816331.7384], [990000, 1816339.7949], [990014.7153, 1816349.1696], [990028.5575, 1816359.7911], [990041.4214, 1816371.5786], [990053.2089, 1816384.4425], [990063.8304, 1816398.2847], [990073.2051, 1816413], [990081.2616, 1816428.4763], [990087.9385, 1816444.596], [990093.1852, 1816461.2362], [990096.9616, 1816478.2704], [990099.2389, 1816495.5689], [990100, 1816513] ] ] }",2025-09-24
2017029,2016,보행노인,30200001,대전광역시 유성구1,대전광역시 유성구 봉명동(신뜸부대찌게 부근),3,3,1,2,0,0,36.35648,127.342555,"{ type: Polygon, coordinates: [ [ [986074, 1817685], [986073.2389, 1817702.4311], [986070.9616, 1817719.7296], [986067.1852, 1817736.7638], [986061.9385, 1817753.404], [986055.2616, 1817769.5237], [986047.2051, 1817785], [986037.8304, 1817799.7153], [986027.2089, 1817813.5575], [986015.4214, 1817826.4214], [986002.5575, 1817838.2089], [985988.7153, 1817848.8304], [985974, 1817858.2051], [985958.5237, 1817866.2616], [985942.404, 1817872.9385], [985925.7638, 1817878.1852], [985908.7296, 1817881.9616], [985891.4311, 1817884.2389], [985874, 1817885], [985856.5689, 1817884.2389], [985839.2704, 1817881.9616], [985822.2362, 1817878.1852], [985805.596, 1817872.9385], [985789.4763, 1817866.2616], [985774, 1817858.2051], [985759.2847, 1817848.8304], [985745.4425, 1817838.2089], [985732.5786, 1817826.4214], [985720.7911, 1817813.5575], [985710.1696, 1817799.7153], [985700.7949, 1817785], [985692.7384, 1817769.5237], [985686.0615, 1817753.404], [985680.8148, 1817736.7638], [985677.0384, 1817719.7296], [985674.7611, 1817702.4311], [985674, 1817685], [985674.7611, 1817667.5689], [985677.0384, 1817650.2704], [985680.8148, 1817633.2362], [985686.0615, 1817616.596], [985692.7384, 1817600.4763], [985700.7949, 1817585], [985710.1696, 1817570.2847], [985720.7911, 1817556.4425], [985732.5786, 1817543.5786], [985745.4425, 1817531.7911], [985759.2847, 1817521.1696], [985774, 1817511.7949], [985789.4763, 1817503.7384], [985805.596, 1817497.0615], [985822.2362, 1817491.8148], [985839.2704, 1817488.0384], [985856.5689, 1817485.7611], [985874, 1817485], [985891.4311, 1817485.7611], [985908.7296, 1817488.0384], [985925.7638, 1817491.8148], [985942.404, 1817497.0615], [985958.5237, 1817503.7384], [985974, 1817511.7949], [985988.7153, 1817521.1696], [986002.5575, 1817531.7911], [986015.4214, 1817543.5786], [986027.2089, 1817556.4425], [986037.8304, 1817570.2847], [986047.2051, 1817585], [986055.2616, 1817600.4763], [986061.9385, 1817616.596], [986067.1852, 1817633.2362], [986070.9616, 1817650.2704], [986073.2389, 1817667.5689], [986074, 1817685] ] ] }",2025-09-24
2017029,2016,보행노인,30200002,대전광역시 유성구2,대전광역시 유성구 봉명동(고려타일 부근),3,3,0,2,1,0,36.356193,127.332549,"{ type: Polygon, coordinates: [ [ [985176.1977, 1817654.6876], [985175.4366, 1817672.1187], [985173.1592, 1817689.4172], [985169.3829, 1817706.4514], [985164.1362, 1817723.0916], [985157.4593, 1817739.2112], [985149.4028, 1817754.6876], [985140.0281, 1817769.4029], [985129.4066, 1817783.2451], [985117.6191, 1817796.1089], [985104.7552, 1817807.8965], [985090.913, 1817818.518], [985076.1977, 1817827.8927], [985060.7213, 1817835.9491], [985044.6017, 1817842.6261], [985027.9615, 1817847.8727], [985010.9273, 1817851.6491], [984993.6288, 1817853.9265], [984976.1977, 1817854.6876], [984958.7665, 1817853.9265], [984941.4681, 1817851.6491], [984924.4339, 1817847.8727], [984907.7937, 1817842.6261], [984891.674, 1817835.9491], [984876.1977, 1817827.8927], [984861.4824, 1817818.518], [984847.6402, 1817807.8965], [984834.7763, 1817796.1089], [984822.9888, 1817783.2451], [984812.3673, 1817769.4029], [984802.9926, 1817754.6876], [984794.9361, 1817739.2112], [984788.2592, 1817723.0916], [984783.0125, 1817706.4514], [984779.2361, 1817689.4172], [984776.9588, 1817672.1187], [984776.1977, 1817654.6876], [984776.9588, 1817637.2564], [984779.2361, 1817619.9579], [984783.0125, 1817602.9238], [984788.2592, 1817586.2836], [984794.9361, 1817570.1639], [984802.9926, 1817554.6876], [984812.3673, 1817539.9723], [984822.9888, 1817526.1301], [984834.7763, 1817513.2662], [984847.6402, 1817501.4787], [984861.4824, 1817490.8572], [984876.1977, 1817481.4825], [984891.674, 1817473.426], [984907.7937, 1817466.7491], [984924.4339, 1817461.5024], [984941.4681, 1817457.726], [984958.7665, 1817455.4486], [984976.1977, 1817454.6876], [984993.6288, 1817455.4486], [985010.9273, 1817457.726], [985027.9615, 1817461.5024], [985044.6017, 1817466.7491], [985060.7213, 1817473.426], [985076.1977, 1817481.4825], [985090.913, 1817490.8572], [985104.7552, 1817501.4787], [985117.6191, 1817513.2662], [985129.4066, 1817526.1301], [985140.0281, 1817539.9723], [985149.4028, 1817554.6876], [985157.4593, 1817570.1639], [985164.1362, 1817586.2836], [985169.3829, 1817602.9238], [985173.1592, 1817619.9579], [985175.4366, 1817637.2564], [985176.1977, 1817654.6876] ] ] }",2025-09-24
2017029,2016,보행노인,30230001,대전광역시 대덕구1,대전광역시 대덕구 석봉동(상아치과 부근),3,4,1,3,0,0,36.443883,127.425586,"{ type: Polygon, coordinates: [ [ [993531, 1827371], [993530.2389, 1827388.4311], [993527.9616, 1827405.7296], [993524.1852, 1827422.7638], [993518.9385, 1827439.404], [993512.2616, 1827455.5237], [993504.2051, 1827471], [993494.8304, 1827485.7153], [993484.2089, 1827499.5575], [993472.4214, 1827512.4214], [993459.5575, 1827524.2089], [993445.7153, 1827534.8304], [993431, 1827544.2051], [993415.5237, 1827552.2616], [993399.404, 1827558.9385], [993382.7638, 1827564.1852], [993365.7296, 1827567.9616], [993348.4311, 1827570.2389], [993331, 1827571], [993313.5689, 1827570.2389], [993296.2704, 1827567.9616], [993279.2362, 1827564.1852], [993262.596, 1827558.9385], [993246.4763, 1827552.2616], [993231, 1827544.2051], [993216.2847, 1827534.8304], [993202.4425, 1827524.2089], [993189.5786, 1827512.4214], [993177.7911, 1827499.5575], [993167.1696, 1827485.7153], [993157.7949, 1827471], [993149.7384, 1827455.5237], [993143.0615, 1827439.404], [993137.8148, 1827422.7638], [993134.0384, 1827405.7296], [993131.7611, 1827388.4311], [993131, 1827371], [993131.7611, 1827353.5689], [993134.0384, 1827336.2704], [993137.8148, 1827319.2362], [993143.0615, 1827302.596], [993149.7384, 1827286.4763], [993157.7949, 1827271], [993167.1696, 1827256.2847], [993177.7911, 1827242.4425], [993189.5786, 1827229.5786], [993202.4425, 1827217.7911], [993216.2847, 1827207.1696], [993231, 1827197.7949], [993246.4763, 1827189.7384], [993262.596, 1827183.0615], [993279.2362, 1827177.8148], [993296.2704, 1827174.0384], [993313.5689, 1827171.7611], [993331, 1827171], [993348.4311, 1827171.7611], [993365.7296, 1827174.0384], [993382.7638, 1827177.8148], [993399.404, 1827183.0615], [993415.5237, 1827189.7384], [993431, 1827197.7949], [993445.7153, 1827207.1696], [993459.5575, 1827217.7911], [993472.4214, 1827229.5786], [993484.2089, 1827242.4425], [993494.8304, 1827256.2847], [993504.2051, 1827271], [993512.2616, 1827286.4763], [993518.9385, 1827302.596], [993524.1852, 1827319.2362], [993527.9616, 1827336.2704], [993530.2389, 1827353.5689], [993531, 1827371] ] ] }",2025-09-24
2017029,2016,보행노인,30230002,대전광역시 대덕구2,대전광역시 대덕구 오정동((주)대전개인택시제3충전소 부근),3,3,1,1,1,0,36.353363,127.415307,"{ type: Polygon, coordinates: [ [ [992601, 1817331], [992600.2389, 1817348.4311], [992597.9616, 1817365.7296], [992594.1852, 1817382.7638], [992588.9385, 1817399.404], [992582.2616, 1817415.5237], [992574.2051, 1817431], [992564.8304, 1817445.7153], [992554.2089, 1817459.5575], [992542.4214, 1817472.4214], [992529.5575, 1817484.2089], [992515.7153, 1817494.8304], [992501, 1817504.2051], [992485.5237, 1817512.2616], [992469.404, 1817518.9385], [992452.7638, 1817524.1852], [992435.7296, 1817527.9616], [992418.4311, 1817530.2389], [992401, 1817531], [992383.5689, 1817530.2389], [992366.2704, 1817527.9616], [992349.2362, 1817524.1852], [992332.596, 1817518.9385], [992316.4763, 1817512.2616], [992301, 1817504.2051], [992286.2847, 1817494.8304], [992272.4425, 1817484.2089], [992259.5786, 1817472.4214], [992247.7911, 1817459.5575], [992237.1696, 1817445.7153], [992227.7949, 1817431], [992219.7384, 1817415.5237], [992213.0615, 1817399.404], [992207.8148, 1817382.7638], [992204.0384, 1817365.7296], [992201.7611, 1817348.4311], [992201, 1817331], [992201.7611, 1817313.5689], [992204.0384, 1817296.2704], [992207.8148, 1817279.2362], [992213.0615, 1817262.596], [992219.7384, 1817246.4763], [992227.7949, 1817231], [992237.1696, 1817216.2847], [992247.7911, 1817202.4425], [992259.5786, 1817189.5786], [992272.4425, 1817177.7911], [992286.2847, 1817167.1696], [992301, 1817157.7949], [992316.4763, 1817149.7384], [992332.596, 1817143.0615], [992349.2362, 1817137.8148], [992366.2704, 1817134.0384], [992383.5689, 1817131.7611], [992401, 1817131], [992418.4311, 1817131.7611], [992435.7296, 1817134.0384], [992452.7638, 1817137.8148], [992469.404, 1817143.0615], [992485.5237, 1817149.7384], [992501, 1817157.7949], [992515.7153, 1817167.1696], [992529.5575, 1817177.7911], [992542.4214, 1817189.5786], [992554.2089, 1817202.4425], [992564.8304, 1817216.2847], [992574.2051, 1817231], [992582.2616, 1817246.4763], [992588.9385, 1817262.596], [992594.1852, 1817279.2362], [992597.9616, 1817296.2704], [992600.2389, 1817313.5689], [992601, 1817331] ] ] }",2025-09-24
2017050,2016,자전거,30110001,대전광역시 동구1,대전광역시 동구 가양동(대전현대칼라 부근),6,6,0,1,5,0,36.351479,127.441834,"{ type: Polygon, coordinates: [ [ [994981.021, 1817120.3439], [994980.2599, 1817137.7751], [994977.9825, 1817155.0736], [994974.2062, 1817172.1077], [994968.9595, 1817188.7479], [994962.2826, 1817204.8676], [994954.2261, 1817220.3439], [994944.8514, 1817235.0592], [994934.2299, 1817248.9014], [994922.4424, 1817261.7653], [994909.5785, 1817273.5528], [994895.7363, 1817284.1743], [994881.021, 1817293.549], [994865.5446, 1817301.6055], [994849.425, 1817308.2824], [994832.7848, 1817313.5291], [994815.7506, 1817317.3055], [994798.4521, 1817319.5829], [994781.021, 1817320.3439], [994763.5898, 1817319.5829], [994746.2914, 1817317.3055], [994729.2572, 1817313.5291], [994712.617, 1817308.2824], [994696.4973, 1817301.6055], [994681.021, 1817293.549], [994666.3057, 1817284.1743], [994652.4635, 1817273.5528], [994639.5996, 1817261.7653], [994627.8121, 1817248.9014], [994617.1906, 1817235.0592], [994607.8159, 1817220.3439], [994599.7594, 1817204.8676], [994593.0825, 1817188.7479], [994587.8358, 1817172.1077], [994584.0594, 1817155.0736], [994581.7821, 1817137.7751], [994581.021, 1817120.3439], [994581.7821, 1817102.9128], [994584.0594, 1817085.6143], [994587.8358, 1817068.5801], [994593.0825, 1817051.9399], [994599.7594, 1817035.8203], [994607.8159, 1817020.3439], [994617.1906, 1817005.6286], [994627.8121, 1816991.7864], [994639.5996, 1816978.9226], [994652.4635, 1816967.135], [994666.3057, 1816956.5135], [994681.021, 1816947.1388], [994696.4973, 1816939.0824], [994712.617, 1816932.4054], [994729.2572, 1816927.1588], [994746.2914, 1816923.3824], [994763.5898, 1816921.105], [994781.021, 1816920.3439], [994798.4521, 1816921.105], [994815.7506, 1816923.3824], [994832.7848, 1816927.1588], [994849.425, 1816932.4054], [994865.5446, 1816939.0824], [994881.021, 1816947.1388], [994895.7363, 1816956.5135], [994909.5785, 1816967.135], [994922.4424, 1816978.9226], [994934.2299, 1816991.7864], [994944.8514, 1817005.6286], [994954.2261, 1817020.3439], [994962.2826, 1817035.8203], [994968.9595, 1817051.9399], [994974.2062, 1817068.5801], [994977.9825, 1817085.6143], [994980.2599, 1817102.9128], [994981.021, 1817120.3439] ] ] }",2025-09-24
2017050,2016,자전거,30110002,대전광역시 동구2,대전광역시 동구 성남동(용전네거리 부근),5,5,0,4,1,0,36.347432,127.432275,"{ type: Polygon, coordinates: [ [ [994123, 1816672], [994122.2389, 1816689.4311], [994119.9616, 1816706.7296], [994116.1852, 1816723.7638], [994110.9385, 1816740.404], [994104.2616, 1816756.5237], [994096.2051, 1816772], [994086.8304, 1816786.7153], [994076.2089, 1816800.5575], [994064.4214, 1816813.4214], [994051.5575, 1816825.2089], [994037.7153, 1816835.8304], [994023, 1816845.2051], [994007.5237, 1816853.2616], [993991.404, 1816859.9385], [993974.7638, 1816865.1852], [993957.7296, 1816868.9616], [993940.4311, 1816871.2389], [993923, 1816872], [993905.5689, 1816871.2389], [993888.2704, 1816868.9616], [993871.2362, 1816865.1852], [993854.596, 1816859.9385], [993838.4763, 1816853.2616], [993823, 1816845.2051], [993808.2847, 1816835.8304], [993794.4425, 1816825.2089], [993781.5786, 1816813.4214], [993769.7911, 1816800.5575], [993759.1696, 1816786.7153], [993749.7949, 1816772], [993741.7384, 1816756.5237], [993735.0615, 1816740.404], [993729.8148, 1816723.7638], [993726.0384, 1816706.7296], [993723.7611, 1816689.4311], [993723, 1816672], [993723.7611, 1816654.5689], [993726.0384, 1816637.2704], [993729.8148, 1816620.2362], [993735.0615, 1816603.596], [993741.7384, 1816587.4763], [993749.7949, 1816572], [993759.1696, 1816557.2847], [993769.7911, 1816543.4425], [993781.5786, 1816530.5786], [993794.4425, 1816518.7911], [993808.2847, 1816508.1696], [993823, 1816498.7949], [993838.4763, 1816490.7384], [993854.596, 1816484.0615], [993871.2362, 1816478.8148], [993888.2704, 1816475.0384], [993905.5689, 1816472.7611], [993923, 1816472], [993940.4311, 1816472.7611], [993957.7296, 1816475.0384], [993974.7638, 1816478.8148], [993991.404, 1816484.0615], [994007.5237, 1816490.7384], [994023, 1816498.7949], [994037.7153, 1816508.1696], [994051.5575, 1816518.7911], [994064.4214, 1816530.5786], [994076.2089, 1816543.4425], [994086.8304, 1816557.2847], [994096.2051, 1816572], [994104.2616, 1816587.4763], [994110.9385, 1816603.596], [994116.1852, 1816620.2362], [994119.9616, 1816637.2704], [994122.2389, 1816654.5689], [994123, 1816672] ] ] }",2025-09-24
2017050,2016,자전거,30110003,대전광역시 동구3,대전광역시 동구 용전동(중리네거리 부근),5,5,0,1,4,0,36.358982,127.432394,"{ type: Polygon, coordinates: [ [ [994134.5834, 1817953.1457], [994133.8223, 1817970.5769], [994131.5449, 1817987.8753], [994127.7685, 1818004.9095], [994122.5219, 1818021.5497], [994115.8449, 1818037.6694], [994107.7884, 1818053.1457], [994098.4138, 1818067.861], [994087.7922, 1818081.7032], [994076.0047, 1818094.5671], [994063.1409, 1818106.3546], [994049.2986, 1818116.9761], [994034.5834, 1818126.3508], [994019.107, 1818134.4073], [994002.9874, 1818141.0842], [993986.3472, 1818146.3309], [993969.313, 1818150.1073], [993952.0145, 1818152.3847], [993934.5834, 1818153.1457], [993917.1522, 1818152.3847], [993899.8537, 1818150.1073], [993882.8195, 1818146.3309], [993866.1793, 1818141.0842], [993850.0597, 1818134.4073], [993834.5834, 1818126.3508], [993819.8681, 1818116.9761], [993806.0258, 1818106.3546], [993793.162, 1818094.5671], [993781.3745, 1818081.7032], [993770.7529, 1818067.861], [993761.3783, 1818053.1457], [993753.3218, 1818037.6694], [993746.6448, 1818021.5497], [993741.3982, 1818004.9095], [993737.6218, 1817987.8753], [993735.3444, 1817970.5769], [993734.5834, 1817953.1457], [993735.3444, 1817935.7146], [993737.6218, 1817918.4161], [993741.3982, 1817901.3819], [993746.6448, 1817884.7417], [993753.3218, 1817868.6221], [993761.3783, 1817853.1457], [993770.7529, 1817838.4304], [993781.3745, 1817824.5882], [993793.162, 1817811.7244], [993806.0258, 1817799.9368], [993819.8681, 1817789.3153], [993834.5834, 1817779.9406], [993850.0597, 1817771.8842], [993866.1793, 1817765.2072], [993882.8195, 1817759.9605], [993899.8537, 1817756.1842], [993917.1522, 1817753.9068], [993934.5834, 1817753.1457], [993952.0145, 1817753.9068], [993969.313, 1817756.1842], [993986.3472, 1817759.9605], [994002.9874, 1817765.2072], [994019.107, 1817771.8842], [994034.5834, 1817779.9406], [994049.2986, 1817789.3153], [994063.1409, 1817799.9368], [994076.0047, 1817811.7244], [994087.7922, 1817824.5882], [994098.4138, 1817838.4304], [994107.7884, 1817853.1457], [994115.8449, 1817868.6221], [994122.5219, 1817884.7417], [994127.7685, 1817901.3819], [994131.5449, 1817918.4161], [994133.8223, 1817935.7146], [994134.5834, 1817953.1457] ] ] }",2025-09-24
2017050,2016,자전거,30110004,대전광역시 동구4,대전광역시 동구 성남동(성남네거리 부근),5,5,0,1,3,1,36.341299,127.436585,"{ type: Polygon, coordinates: [ [ [994509.3124, 1815991.3854], [994508.5514, 1816008.8166], [994506.274, 1816026.115], [994502.4976, 1816043.1492], [994497.2509, 1816059.7894], [994490.574, 1816075.9091], [994482.5175, 1816091.3854], [994473.1428, 1816106.1007], [994462.5213, 1816119.9429], [994450.7338, 1816132.8068], [994437.8699, 1816144.5943], [994424.0277, 1816155.2158], [994409.3124, 1816164.5905], [994393.8361, 1816172.647], [994377.7164, 1816179.3239], [994361.0762, 1816184.5706], [994344.0421, 1816188.347], [994326.7436, 1816190.6243], [994309.3124, 1816191.3854], [994291.8813, 1816190.6243], [994274.5828, 1816188.347], [994257.5486, 1816184.5706], [994240.9084, 1816179.3239], [994224.7888, 1816172.647], [994209.3124, 1816164.5905], [994194.5971, 1816155.2158], [994180.7549, 1816144.5943], [994167.8911, 1816132.8068], [994156.1035, 1816119.9429], [994145.482, 1816106.1007], [994136.1073, 1816091.3854], [994128.0509, 1816075.9091], [994121.3739, 1816059.7894], [994116.1273, 1816043.1492], [994112.3509, 1816026.115], [994110.0735, 1816008.8166], [994109.3124, 1815991.3854], [994110.0735, 1815973.9543], [994112.3509, 1815956.6558], [994116.1273, 1815939.6216], [994121.3739, 1815922.9814], [994128.0509, 1815906.8618], [994136.1073, 1815891.3854], [994145.482, 1815876.6701], [994156.1035, 1815862.8279], [994167.8911, 1815849.964], [994180.7549, 1815838.1765], [994194.5971, 1815827.555], [994209.3124, 1815818.1803], [994224.7888, 1815810.1238], [994240.9084, 1815803.4469], [994257.5486, 1815798.2002], [994274.5828, 1815794.4239], [994291.8813, 1815792.1465], [994309.3124, 1815791.3854], [994326.7436, 1815792.1465], [994344.0421, 1815794.4239], [994361.0762, 1815798.2002], [994377.7164, 1815803.4469], [994393.8361, 1815810.1238], [994409.3124, 1815818.1803], [994424.0277, 1815827.555], [994437.8699, 1815838.1765], [994450.7338, 1815849.964], [994462.5213, 1815862.8279], [994473.1428, 1815876.6701], [994482.5175, 1815891.3854], [994490.574, 1815906.8618], [994497.2509, 1815922.9814], [994502.4976, 1815939.6216], [994506.274, 1815956.6558], [994508.5514, 1815973.9543], [994509.3124, 1815991.3854] ] ] }",2025-09-24
2017050,2016,자전거,30110005,대전광역시 동구5,대전광역시 동구 용전동(대전어항 부근),4,4,0,1,3,0,36.352975,127.432683,"{ type: Polygon, coordinates: [ [ [994160, 1817286.802], [994159.2389, 1817304.2332], [994156.9616, 1817321.5317], [994153.1852, 1817338.5659], [994147.9385, 1817355.2061], [994141.2616, 1817371.3257], [994133.2051, 1817386.802], [994123.8304, 1817401.5173], [994113.2089, 1817415.3596], [994101.4214, 1817428.2234], [994088.5575, 1817440.0109], [994074.7153, 1817450.6325], [994060, 1817460.0071], [994044.5237, 1817468.0636], [994028.404, 1817474.7406], [994011.7638, 1817479.9872], [993994.7296, 1817483.7636], [993977.4311, 1817486.041], [993960, 1817486.802], [993942.5689, 1817486.041], [993925.2704, 1817483.7636], [993908.2362, 1817479.9872], [993891.596, 1817474.7406], [993875.4763, 1817468.0636], [993860, 1817460.0071], [993845.2847, 1817450.6325], [993831.4425, 1817440.0109], [993818.5786, 1817428.2234], [993806.7911, 1817415.3596], [993796.1696, 1817401.5173], [993786.7949, 1817386.802], [993778.7384, 1817371.3257], [993772.0615, 1817355.2061], [993766.8148, 1817338.5659], [993763.0384, 1817321.5317], [993760.7611, 1817304.2332], [993760, 1817286.802], [993760.7611, 1817269.3709], [993763.0384, 1817252.0724], [993766.8148, 1817235.0382], [993772.0615, 1817218.398], [993778.7384, 1817202.2784], [993786.7949, 1817186.802], [993796.1696, 1817172.0868], [993806.7911, 1817158.2445], [993818.5786, 1817145.3807], [993831.4425, 1817133.5932], [993845.2847, 1817122.9716], [993860, 1817113.597], [993875.4763, 1817105.5405], [993891.596, 1817098.8635], [993908.2362, 1817093.6169], [993925.2704, 1817089.8405], [993942.5689, 1817087.5631], [993960, 1817086.802], [993977.4311, 1817087.5631], [993994.7296, 1817089.8405], [994011.7638, 1817093.6169], [994028.404, 1817098.8635], [994044.5237, 1817105.5405], [994060, 1817113.597], [994074.7153, 1817122.9716], [994088.5575, 1817133.5932], [994101.4214, 1817145.3807], [994113.2089, 1817158.2445], [994123.8304, 1817172.0868], [994133.2051, 1817186.802], [994141.2616, 1817202.2784], [994147.9385, 1817218.398], [994153.1852, 1817235.0382], [994156.9616, 1817252.0724], [994159.2389, 1817269.3709], [994160, 1817286.802] ] ] }",2025-09-24
2017050,2016,자전거,30140001,대전광역시 중구1,대전광역시 중구 오류동(중도일보 부근),6,8,0,3,5,0,36.327363,127.406507,"{ type: Polygon, coordinates: [ [ [991808.6768, 1814447.7711], [991807.9158, 1814465.2022], [991805.6384, 1814482.5007], [991801.862, 1814499.5349], [991796.6154, 1814516.1751], [991789.9384, 1814532.2947], [991781.8819, 1814547.7711], [991772.5072, 1814562.4863], [991761.8857, 1814576.3286], [991750.0982, 1814589.1924], [991737.2343, 1814600.9799], [991723.3921, 1814611.6015], [991708.6768, 1814620.9761], [991693.2005, 1814629.0326], [991677.0809, 1814635.7096], [991660.4406, 1814640.9562], [991643.4065, 1814644.7326], [991626.108, 1814647.01], [991608.6768, 1814647.7711], [991591.2457, 1814647.01], [991573.9472, 1814644.7326], [991556.913, 1814640.9562], [991540.2728, 1814635.7096], [991524.1532, 1814629.0326], [991508.6768, 1814620.9761], [991493.9615, 1814611.6015], [991480.1193, 1814600.9799], [991467.2555, 1814589.1924], [991455.4679, 1814576.3286], [991444.8464, 1814562.4863], [991435.4717, 1814547.7711], [991427.4153, 1814532.2947], [991420.7383, 1814516.1751], [991415.4917, 1814499.5349], [991411.7153, 1814482.5007], [991409.4379, 1814465.2022], [991408.6768, 1814447.7711], [991409.4379, 1814430.3399], [991411.7153, 1814413.0414], [991415.4917, 1814396.0073], [991420.7383, 1814379.367], [991427.4153, 1814363.2474], [991435.4717, 1814347.7711], [991444.8464, 1814333.0558], [991455.4679, 1814319.2135], [991467.2555, 1814306.3497], [991480.1193, 1814294.5622], [991493.9615, 1814283.9407], [991508.6768, 1814274.566], [991524.1532, 1814266.5095], [991540.2728, 1814259.8325], [991556.913, 1814254.5859], [991573.9472, 1814250.8095], [991591.2457, 1814248.5321], [991608.6768, 1814247.7711], [991626.108, 1814248.5321], [991643.4065, 1814250.8095], [991660.4406, 1814254.5859], [991677.0809, 1814259.8325], [991693.2005, 1814266.5095], [991708.6768, 1814274.566], [991723.3921, 1814283.9407], [991737.2343, 1814294.5622], [991750.0982, 1814306.3497], [991761.8857, 1814319.2135], [991772.5072, 1814333.0558], [991781.8819, 1814347.7711], [991789.9384, 1814363.2474], [991796.6154, 1814379.367], [991801.862, 1814396.0073], [991805.6384, 1814413.0414], [991807.9158, 1814430.3399], [991808.6768, 1814447.7711] ] ] }",2025-09-24
2017050,2016,자전거,30140002,대전광역시 중구2,대전광역시 중구 오류동(오류사거리 부근),5,5,0,2,3,0,36.327252,127.402696,"{ type: Polygon, coordinates: [ [ [991466.6246, 1814435.8748], [991465.8635, 1814453.3059], [991463.5861, 1814470.6044], [991459.8097, 1814487.6386], [991454.5631, 1814504.2788], [991447.8861, 1814520.3984], [991439.8296, 1814535.8748], [991430.455, 1814550.59], [991419.8334, 1814564.4323], [991408.0459, 1814577.2961], [991395.1821, 1814589.0836], [991381.3398, 1814599.7052], [991366.6246, 1814609.0798], [991351.1482, 1814617.1363], [991335.0286, 1814623.8133], [991318.3884, 1814629.0599], [991301.3542, 1814632.8363], [991284.0557, 1814635.1137], [991266.6246, 1814635.8748], [991249.1934, 1814635.1137], [991231.8949, 1814632.8363], [991214.8607, 1814629.0599], [991198.2205, 1814623.8133], [991182.1009, 1814617.1363], [991166.6246, 1814609.0798], [991151.9093, 1814599.7052], [991138.067, 1814589.0836], [991125.2032, 1814577.2961], [991113.4157, 1814564.4323], [991102.7941, 1814550.59], [991093.4195, 1814535.8748], [991085.363, 1814520.3984], [991078.686, 1814504.2788], [991073.4394, 1814487.6386], [991069.663, 1814470.6044], [991067.3856, 1814453.3059], [991066.6246, 1814435.8748], [991067.3856, 1814418.4436], [991069.663, 1814401.1451], [991073.4394, 1814384.1109], [991078.686, 1814367.4707], [991085.363, 1814351.3511], [991093.4195, 1814335.8748], [991102.7941, 1814321.1595], [991113.4157, 1814307.3172], [991125.2032, 1814294.4534], [991138.067, 1814282.6659], [991151.9093, 1814272.0443], [991166.6246, 1814262.6697], [991182.1009, 1814254.6132], [991198.2205, 1814247.9362], [991214.8607, 1814242.6896], [991231.8949, 1814238.9132], [991249.1934, 1814236.6358], [991266.6246, 1814235.8748], [991284.0557, 1814236.6358], [991301.3542, 1814238.9132], [991318.3884, 1814242.6896], [991335.0286, 1814247.9362], [991351.1482, 1814254.6132], [991366.6246, 1814262.6697], [991381.3398, 1814272.0443], [991395.1821, 1814282.6659], [991408.0459, 1814294.4534], [991419.8334, 1814307.3172], [991430.455, 1814321.1595], [991439.8296, 1814335.8748], [991447.8861, 1814351.3511], [991454.5631, 1814367.4707], [991459.8097, 1814384.1109], [991463.5861, 1814401.1451], [991465.8635, 1814418.4436], [991466.6246, 1814435.8748] ] ] }",2025-09-24
2017050,2016,자전거,30140003,대전광역시 중구3,대전광역시 중구 유천동(PC방놀러와 부근),5,5,0,1,4,0,36.315687,127.392867,"{ type: Polygon, coordinates: [ [ [990583, 1813154], [990582.2389, 1813171.4311], [990579.9616, 1813188.7296], [990576.1852, 1813205.7638], [990570.9385, 1813222.404], [990564.2616, 1813238.5237], [990556.2051, 1813254], [990546.8304, 1813268.7153], [990536.2089, 1813282.5575], [990524.4214, 1813295.4214], [990511.5575, 1813307.2089], [990497.7153, 1813317.8304], [990483, 1813327.2051], [990467.5237, 1813335.2616], [990451.404, 1813341.9385], [990434.7638, 1813347.1852], [990417.7296, 1813350.9616], [990400.4311, 1813353.2389], [990383, 1813354], [990365.5689, 1813353.2389], [990348.2704, 1813350.9616], [990331.2362, 1813347.1852], [990314.596, 1813341.9385], [990298.4763, 1813335.2616], [990283, 1813327.2051], [990268.2847, 1813317.8304], [990254.4425, 1813307.2089], [990241.5786, 1813295.4214], [990229.7911, 1813282.5575], [990219.1696, 1813268.7153], [990209.7949, 1813254], [990201.7384, 1813238.5237], [990195.0615, 1813222.404], [990189.8148, 1813205.7638], [990186.0384, 1813188.7296], [990183.7611, 1813171.4311], [990183, 1813154], [990183.7611, 1813136.5689], [990186.0384, 1813119.2704], [990189.8148, 1813102.2362], [990195.0615, 1813085.596], [990201.7384, 1813069.4763], [990209.7949, 1813054], [990219.1696, 1813039.2847], [990229.7911, 1813025.4425], [990241.5786, 1813012.5786], [990254.4425, 1813000.7911], [990268.2847, 1812990.1696], [990283, 1812980.7949], [990298.4763, 1812972.7384], [990314.596, 1812966.0615], [990331.2362, 1812960.8148], [990348.2704, 1812957.0384], [990365.5689, 1812954.7611], [990383, 1812954], [990400.4311, 1812954.7611], [990417.7296, 1812957.0384], [990434.7638, 1812960.8148], [990451.404, 1812966.0615], [990467.5237, 1812972.7384], [990483, 1812980.7949], [990497.7153, 1812990.1696], [990511.5575, 1813000.7911], [990524.4214, 1813012.5786], [990536.2089, 1813025.4425], [990546.8304, 1813039.2847], [990556.2051, 1813054], [990564.2616, 1813069.4763], [990570.9385, 1813085.596], [990576.1852, 1813102.2362], [990579.9616, 1813119.2704], [990582.2389, 1813136.5689], [990583, 1813154] ] ] }",2025-09-24
2017050,2016,자전거,30140004,대전광역시 중구4,대전광역시 중구 중촌동(증촌사거리 부근),4,4,0,4,0,0,36.337468,127.415146,"{ type: Polygon, coordinates: [ [ [992585, 1815568], [992584.2389, 1815585.4311], [992581.9616, 1815602.7296], [992578.1852, 1815619.7638], [992572.9385, 1815636.404], [992566.2616, 1815652.5237], [992558.2051, 1815668], [992548.8304, 1815682.7153], [992538.2089, 1815696.5575], [992526.4214, 1815709.4214], [992513.5575, 1815721.2089], [992499.7153, 1815731.8304], [992485, 1815741.2051], [992469.5237, 1815749.2616], [992453.404, 1815755.9385], [992436.7638, 1815761.1852], [992419.7296, 1815764.9616], [992402.4311, 1815767.2389], [992385, 1815768], [992367.5689, 1815767.2389], [992350.2704, 1815764.9616], [992333.2362, 1815761.1852], [992316.596, 1815755.9385], [992300.4763, 1815749.2616], [992285, 1815741.2051], [992270.2847, 1815731.8304], [992256.4425, 1815721.2089], [992243.5786, 1815709.4214], [992231.7911, 1815696.5575], [992221.1696, 1815682.7153], [992211.7949, 1815668], [992203.7384, 1815652.5237], [992197.0615, 1815636.404], [992191.8148, 1815619.7638], [992188.0384, 1815602.7296], [992185.7611, 1815585.4311], [992185, 1815568], [992185.7611, 1815550.5689], [992188.0384, 1815533.2704], [992191.8148, 1815516.2362], [992197.0615, 1815499.596], [992203.7384, 1815483.4763], [992211.7949, 1815468], [992221.1696, 1815453.2847], [992231.7911, 1815439.4425], [992243.5786, 1815426.5786], [992256.4425, 1815414.7911], [992270.2847, 1815404.1696], [992285, 1815394.7949], [992300.4763, 1815386.7384], [992316.596, 1815380.0615], [992333.2362, 1815374.8148], [992350.2704, 1815371.0384], [992367.5689, 1815368.7611], [992385, 1815368], [992402.4311, 1815368.7611], [992419.7296, 1815371.0384], [992436.7638, 1815374.8148], [992453.404, 1815380.0615], [992469.5237, 1815386.7384], [992485, 1815394.7949], [992499.7153, 1815404.1696], [992513.5575, 1815414.7911], [992526.4214, 1815426.5786], [992538.2089, 1815439.4425], [992548.8304, 1815453.2847], [992558.2051, 1815468], [992566.2616, 1815483.4763], [992572.9385, 1815499.596], [992578.1852, 1815516.2362], [992581.9616, 1815533.2704], [992584.2389, 1815550.5689], [992585, 1815568] ] ] }",2025-09-24
2017050,2016,자전거,30140005,대전광역시 중구5,대전광역시 중구 선화동(대명카센타 부근),4,4,0,3,1,0,36.332846,127.419251,"{ type: Polygon, coordinates: [ [ [992953, 1815055], [992952.2389, 1815072.4311], [992949.9616, 1815089.7296], [992946.1852, 1815106.7638], [992940.9385, 1815123.404], [992934.2616, 1815139.5237], [992926.2051, 1815155], [992916.8304, 1815169.7153], [992906.2089, 1815183.5575], [992894.4214, 1815196.4214], [992881.5575, 1815208.2089], [992867.7153, 1815218.8304], [992853, 1815228.2051], [992837.5237, 1815236.2616], [992821.404, 1815242.9385], [992804.7638, 1815248.1852], [992787.7296, 1815251.9616], [992770.4311, 1815254.2389], [992753, 1815255], [992735.5689, 1815254.2389], [992718.2704, 1815251.9616], [992701.2362, 1815248.1852], [992684.596, 1815242.9385], [992668.4763, 1815236.2616], [992653, 1815228.2051], [992638.2847, 1815218.8304], [992624.4425, 1815208.2089], [992611.5786, 1815196.4214], [992599.7911, 1815183.5575], [992589.1696, 1815169.7153], [992579.7949, 1815155], [992571.7384, 1815139.5237], [992565.0615, 1815123.404], [992559.8148, 1815106.7638], [992556.0384, 1815089.7296], [992553.7611, 1815072.4311], [992553, 1815055], [992553.7611, 1815037.5689], [992556.0384, 1815020.2704], [992559.8148, 1815003.2362], [992565.0615, 1814986.596], [992571.7384, 1814970.4763], [992579.7949, 1814955], [992589.1696, 1814940.2847], [992599.7911, 1814926.4425], [992611.5786, 1814913.5786], [992624.4425, 1814901.7911], [992638.2847, 1814891.1696], [992653, 1814881.7949], [992668.4763, 1814873.7384], [992684.596, 1814867.0615], [992701.2362, 1814861.8148], [992718.2704, 1814858.0384], [992735.5689, 1814855.7611], [992753, 1814855], [992770.4311, 1814855.7611], [992787.7296, 1814858.0384], [992804.7638, 1814861.8148], [992821.404, 1814867.0615], [992837.5237, 1814873.7384], [992853, 1814881.7949], [992867.7153, 1814891.1696], [992881.5575, 1814901.7911], [992894.4214, 1814913.5786], [992906.2089, 1814926.4425], [992916.8304, 1814940.2847], [992926.2051, 1814955], [992934.2616, 1814970.4763], [992940.9385, 1814986.596], [992946.1852, 1815003.2362], [992949.9616, 1815020.2704], [992952.2389, 1815037.5689], [992953, 1815055] ] ] }",2025-09-24
2017050,2016,자전거,30140006,대전광역시 중구6,대전광역시 중구 문창동(보문교 부근),4,4,0,3,1,0,36.321598,127.436936,"{ type: Polygon, coordinates: [ [ [994539.3752, 1813806.146], [994538.6141, 1813823.5771], [994536.3367, 1813840.8756], [994532.5603, 1813857.9098], [994527.3137, 1813874.55], [994520.6367, 1813890.6696], [994512.5802, 1813906.146], [994503.2056, 1813920.8613], [994492.584, 1813934.7035], [994480.7965, 1813947.5673], [994467.9327, 1813959.3549], [994454.0904, 1813969.9764], [994439.3752, 1813979.351], [994423.8988, 1813987.4075], [994407.7792, 1813994.0845], [994391.139, 1813999.3311], [994374.1048, 1814003.1075], [994356.8063, 1814005.3849], [994339.3752, 1814006.146], [994321.944, 1814005.3849], [994304.6455, 1814003.1075], [994287.6113, 1813999.3311], [994270.9711, 1813994.0845], [994254.8515, 1813987.4075], [994239.3752, 1813979.351], [994224.6599, 1813969.9764], [994210.8176, 1813959.3549], [994197.9538, 1813947.5673], [994186.1663, 1813934.7035], [994175.5447, 1813920.8613], [994166.1701, 1813906.146], [994158.1136, 1813890.6696], [994151.4366, 1813874.55], [994146.19, 1813857.9098], [994142.4136, 1813840.8756], [994140.1362, 1813823.5771], [994139.3752, 1813806.146], [994140.1362, 1813788.7148], [994142.4136, 1813771.4163], [994146.19, 1813754.3822], [994151.4366, 1813737.7419], [994158.1136, 1813721.6223], [994166.1701, 1813706.146], [994175.5447, 1813691.4307], [994186.1663, 1813677.5884], [994197.9538, 1813664.7246], [994210.8176, 1813652.9371], [994224.6599, 1813642.3156], [994239.3752, 1813632.9409], [994254.8515, 1813624.8844], [994270.9711, 1813618.2074], [994287.6113, 1813612.9608], [994304.6455, 1813609.1844], [994321.944, 1813606.907], [994339.3752, 1813606.146], [994356.8063, 1813606.907], [994374.1048, 1813609.1844], [994391.139, 1813612.9608], [994407.7792, 1813618.2074], [994423.8988, 1813624.8844], [994439.3752, 1813632.9409], [994454.0904, 1813642.3156], [994467.9327, 1813652.9371], [994480.7965, 1813664.7246], [994492.584, 1813677.5884], [994503.2056, 1813691.4307], [994512.5802, 1813706.146], [994520.6367, 1813721.6223], [994527.3137, 1813737.7419], [994532.5603, 1813754.3822], [994536.3367, 1813771.4163], [994538.6141, 1813788.7148], [994539.3752, 1813806.146] ] ] }",2025-09-24
2017050,2016,자전거,30140007,대전광역시 중구7,대전광역시 중구 태평동(태평오거리 부근),4,4,0,2,2,0,36.326143,127.3935,"{ type: Polygon, coordinates: [ [ [990641.0522, 1814313.7603], [990640.2912, 1814331.1915], [990638.0138, 1814348.4899], [990634.2374, 1814365.5241], [990628.9908, 1814382.1643], [990622.3138, 1814398.284], [990614.2573, 1814413.7603], [990604.8826, 1814428.4756], [990594.2611, 1814442.3178], [990582.4736, 1814455.1817], [990569.6098, 1814466.9692], [990555.7675, 1814477.5907], [990541.0522, 1814486.9654], [990525.5759, 1814495.0219], [990509.4563, 1814501.6988], [990492.816, 1814506.9455], [990475.7819, 1814510.7219], [990458.4834, 1814512.9992], [990441.0522, 1814513.7603], [990423.6211, 1814512.9992], [990406.3226, 1814510.7219], [990389.2884, 1814506.9455], [990372.6482, 1814501.6988], [990356.5286, 1814495.0219], [990341.0522, 1814486.9654], [990326.337, 1814477.5907], [990312.4947, 1814466.9692], [990299.6309, 1814455.1817], [990287.8434, 1814442.3178], [990277.2218, 1814428.4756], [990267.8472, 1814413.7603], [990259.7907, 1814398.284], [990253.1137, 1814382.1643], [990247.8671, 1814365.5241], [990244.0907, 1814348.4899], [990241.8133, 1814331.1915], [990241.0522, 1814313.7603], [990241.8133, 1814296.3292], [990244.0907, 1814279.0307], [990247.8671, 1814261.9965], [990253.1137, 1814245.3563], [990259.7907, 1814229.2367], [990267.8472, 1814213.7603], [990277.2218, 1814199.045], [990287.8434, 1814185.2028], [990299.6309, 1814172.339], [990312.4947, 1814160.5514], [990326.337, 1814149.9299], [990341.0522, 1814140.5552], [990356.5286, 1814132.4988], [990372.6482, 1814125.8218], [990389.2884, 1814120.5751], [990406.3226, 1814116.7988], [990423.6211, 1814114.5214], [990441.0522, 1814113.7603], [990458.4834, 1814114.5214], [990475.7819, 1814116.7988], [990492.816, 1814120.5751], [990509.4563, 1814125.8218], [990525.5759, 1814132.4988], [990541.0522, 1814140.5552], [990555.7675, 1814149.9299], [990569.6098, 1814160.5514], [990582.4736, 1814172.339], [990594.2611, 1814185.2028], [990604.8826, 1814199.045], [990614.2573, 1814213.7603], [990622.3138, 1814229.2367], [990628.9908, 1814245.3563], [990634.2374, 1814261.9965], [990638.0138, 1814279.0307], [990640.2912, 1814296.3292], [990641.0522, 1814313.7603] ] ] }",2025-09-24
2017050,2016,자전거,30140008,대전광역시 중구8,대전광역시 중구 유천동(유천네거리 부근),4,4,0,0,3,1,36.318557,127.397696,"{ type: Polygon, coordinates: [ [ [991016.8338, 1813471.885], [991016.0727, 1813489.3162], [991013.7953, 1813506.6147], [991010.019, 1813523.6488], [991004.7723, 1813540.2891], [990998.0954, 1813556.4087], [990990.0389, 1813571.885], [990980.6642, 1813586.6003], [990970.0427, 1813600.4425], [990958.2552, 1813613.3064], [990945.3913, 1813625.0939], [990931.5491, 1813635.7154], [990916.8338, 1813645.0901], [990901.3575, 1813653.1466], [990885.2378, 1813659.8235], [990868.5976, 1813665.0702], [990851.5634, 1813668.8466], [990834.2649, 1813671.124], [990816.8338, 1813671.885], [990799.4027, 1813671.124], [990782.1042, 1813668.8466], [990765.07, 1813665.0702], [990748.4298, 1813659.8235], [990732.3101, 1813653.1466], [990716.8338, 1813645.0901], [990702.1185, 1813635.7154], [990688.2763, 1813625.0939], [990675.4124, 1813613.3064], [990663.6249, 1813600.4425], [990653.0034, 1813586.6003], [990643.6287, 1813571.885], [990635.5722, 1813556.4087], [990628.8953, 1813540.2891], [990623.6486, 1813523.6488], [990619.8722, 1813506.6147], [990617.5949, 1813489.3162], [990616.8338, 1813471.885], [990617.5949, 1813454.4539], [990619.8722, 1813437.1554], [990623.6486, 1813420.1212], [990628.8953, 1813403.481], [990635.5722, 1813387.3614], [990643.6287, 1813371.885], [990653.0034, 1813357.1697], [990663.6249, 1813343.3275], [990675.4124, 1813330.4637], [990688.2763, 1813318.6761], [990702.1185, 1813308.0546], [990716.8338, 1813298.6799], [990732.3101, 1813290.6235], [990748.4298, 1813283.9465], [990765.07, 1813278.6999], [990782.1042, 1813274.9235], [990799.4027, 1813272.6461], [990816.8338, 1813271.885], [990834.2649, 1813272.6461], [990851.5634, 1813274.9235], [990868.5976, 1813278.6999], [990885.2378, 1813283.9465], [990901.3575, 1813290.6235], [990916.8338, 1813298.6799], [990931.5491, 1813308.0546], [990945.3913, 1813318.6761], [990958.2552, 1813330.4637], [990970.0427, 1813343.3275], [990980.6642, 1813357.1697], [990990.0389, 1813371.885], [990998.0954, 1813387.3614], [991004.7723, 1813403.481], [991010.019, 1813420.1212], [991013.7953, 1813437.1554], [991016.0727, 1813454.4539], [991016.8338, 1813471.885] ] ] }",2025-09-24
2017050,2016,자전거,30170001,대전광역시 서구1,대전광역시 서구 둔산동(둔산네거리 부근),6,6,0,4,2,0,36.35781,127.379336,"{ type: Polygon, coordinates: [ [ [989374.1565, 1817827.7396], [989373.3954, 1817845.1707], [989371.118, 1817862.4692], [989367.3416, 1817879.5034], [989362.095, 1817896.1436], [989355.418, 1817912.2632], [989347.3615, 1817927.7396], [989337.9869, 1817942.4549], [989327.3654, 1817956.2971], [989315.5778, 1817969.1609], [989302.714, 1817980.9485], [989288.8718, 1817991.57], [989274.1565, 1818000.9446], [989258.6801, 1818009.0011], [989242.5605, 1818015.6781], [989225.9203, 1818020.9247], [989208.8861, 1818024.7011], [989191.5876, 1818026.9785], [989174.1565, 1818027.7396], [989156.7253, 1818026.9785], [989139.4268, 1818024.7011], [989122.3927, 1818020.9247], [989105.7524, 1818015.6781], [989089.6328, 1818009.0011], [989074.1565, 1818000.9446], [989059.4412, 1817991.57], [989045.5989, 1817980.9485], [989032.7351, 1817969.1609], [989020.9476, 1817956.2971], [989010.3261, 1817942.4549], [989000.9514, 1817927.7396], [988992.8949, 1817912.2632], [988986.2179, 1817896.1436], [988980.9713, 1817879.5034], [988977.1949, 1817862.4692], [988974.9175, 1817845.1707], [988974.1565, 1817827.7396], [988974.9175, 1817810.3084], [988977.1949, 1817793.0099], [988980.9713, 1817775.9758], [988986.2179, 1817759.3355], [988992.8949, 1817743.2159], [989000.9514, 1817727.7396], [989010.3261, 1817713.0243], [989020.9476, 1817699.182], [989032.7351, 1817686.3182], [989045.5989, 1817674.5307], [989059.4412, 1817663.9092], [989074.1565, 1817654.5345], [989089.6328, 1817646.478], [989105.7524, 1817639.801], [989122.3927, 1817634.5544], [989139.4268, 1817630.778], [989156.7253, 1817628.5006], [989174.1565, 1817627.7396], [989191.5876, 1817628.5006], [989208.8861, 1817630.778], [989225.9203, 1817634.5544], [989242.5605, 1817639.801], [989258.6801, 1817646.478], [989274.1565, 1817654.5345], [989288.8718, 1817663.9092], [989302.714, 1817674.5307], [989315.5778, 1817686.3182], [989327.3654, 1817699.182], [989337.9869, 1817713.0243], [989347.3615, 1817727.7396], [989355.418, 1817743.2159], [989362.095, 1817759.3355], [989367.3416, 1817775.9758], [989371.118, 1817793.0099], [989373.3954, 1817810.3084], [989374.1565, 1817827.7396] ] ] }",2025-09-24
2017050,2016,자전거,30170002,대전광역시 서구2,대전광역시 서구 용문동(용문네거리 부근),6,6,0,2,4,0,36.338305,127.393246,"{ type: Polygon, coordinates: [ [ [990619.8125, 1815662.7291], [990619.0515, 1815680.1602], [990616.7741, 1815697.4587], [990612.9977, 1815714.4929], [990607.7511, 1815731.1331], [990601.0741, 1815747.2527], [990593.0176, 1815762.7291], [990583.643, 1815777.4444], [990573.0214, 1815791.2866], [990561.2339, 1815804.1504], [990548.3701, 1815815.938], [990534.5278, 1815826.5595], [990519.8125, 1815835.9341], [990504.3362, 1815843.9906], [990488.2166, 1815850.6676], [990471.5764, 1815855.9142], [990454.5422, 1815859.6906], [990437.2437, 1815861.968], [990419.8125, 1815862.7291], [990402.3814, 1815861.968], [990385.0829, 1815859.6906], [990368.0487, 1815855.9142], [990351.4085, 1815850.6676], [990335.2889, 1815843.9906], [990319.8125, 1815835.9341], [990305.0973, 1815826.5595], [990291.255, 1815815.938], [990278.3912, 1815804.1504], [990266.6037, 1815791.2866], [990255.9821, 1815777.4444], [990246.6075, 1815762.7291], [990238.551, 1815747.2527], [990231.874, 1815731.1331], [990226.6274, 1815714.4929], [990222.851, 1815697.4587], [990220.5736, 1815680.1602], [990219.8125, 1815662.7291], [990220.5736, 1815645.2979], [990222.851, 1815627.9994], [990226.6274, 1815610.9653], [990231.874, 1815594.325], [990238.551, 1815578.2054], [990246.6075, 1815562.7291], [990255.9821, 1815548.0138], [990266.6037, 1815534.1715], [990278.3912, 1815521.3077], [990291.255, 1815509.5202], [990305.0973, 1815498.8987], [990319.8125, 1815489.524], [990335.2889, 1815481.4675], [990351.4085, 1815474.7905], [990368.0487, 1815469.5439], [990385.0829, 1815465.7675], [990402.3814, 1815463.4901], [990419.8125, 1815462.7291], [990437.2437, 1815463.4901], [990454.5422, 1815465.7675], [990471.5764, 1815469.5439], [990488.2166, 1815474.7905], [990504.3362, 1815481.4675], [990519.8125, 1815489.524], [990534.5278, 1815498.8987], [990548.3701, 1815509.5202], [990561.2339, 1815521.3077], [990573.0214, 1815534.1715], [990583.643, 1815548.0138], [990593.0176, 1815562.7291], [990601.0741, 1815578.2054], [990607.7511, 1815594.325], [990612.9977, 1815610.9653], [990616.7741, 1815627.9994], [990619.0515, 1815645.2979], [990619.8125, 1815662.7291] ] ] }",2025-09-24
2017050,2016,자전거,30170003,대전광역시 서구3,대전광역시 서구 탄방동(한준빌딩 부근),4,4,0,2,2,0,36.343769,127.390957,"{ type: Polygon, coordinates: [ [ [990415, 1816269], [990414.2389, 1816286.4311], [990411.9616, 1816303.7296], [990408.1852, 1816320.7638], [990402.9385, 1816337.404], [990396.2616, 1816353.5237], [990388.2051, 1816369], [990378.8304, 1816383.7153], [990368.2089, 1816397.5575], [990356.4214, 1816410.4214], [990343.5575, 1816422.2089], [990329.7153, 1816432.8304], [990315, 1816442.2051], [990299.5237, 1816450.2616], [990283.404, 1816456.9385], [990266.7638, 1816462.1852], [990249.7296, 1816465.9616], [990232.4311, 1816468.2389], [990215, 1816469], [990197.5689, 1816468.2389], [990180.2704, 1816465.9616], [990163.2362, 1816462.1852], [990146.596, 1816456.9385], [990130.4763, 1816450.2616], [990115, 1816442.2051], [990100.2847, 1816432.8304], [990086.4425, 1816422.2089], [990073.5786, 1816410.4214], [990061.7911, 1816397.5575], [990051.1696, 1816383.7153], [990041.7949, 1816369], [990033.7384, 1816353.5237], [990027.0615, 1816337.404], [990021.8148, 1816320.7638], [990018.0384, 1816303.7296], [990015.7611, 1816286.4311], [990015, 1816269], [990015.7611, 1816251.5689], [990018.0384, 1816234.2704], [990021.8148, 1816217.2362], [990027.0615, 1816200.596], [990033.7384, 1816184.4763], [990041.7949, 1816169], [990051.1696, 1816154.2847], [990061.7911, 1816140.4425], [990073.5786, 1816127.5786], [990086.4425, 1816115.7911], [990100.2847, 1816105.1696], [990115, 1816095.7949], [990130.4763, 1816087.7384], [990146.596, 1816081.0615], [990163.2362, 1816075.8148], [990180.2704, 1816072.0384], [990197.5689, 1816069.7611], [990215, 1816069], [990232.4311, 1816069.7611], [990249.7296, 1816072.0384], [990266.7638, 1816075.8148], [990283.404, 1816081.0615], [990299.5237, 1816087.7384], [990315, 1816095.7949], [990329.7153, 1816105.1696], [990343.5575, 1816115.7911], [990356.4214, 1816127.5786], [990368.2089, 1816140.4425], [990378.8304, 1816154.2847], [990388.2051, 1816169], [990396.2616, 1816184.4763], [990402.9385, 1816200.596], [990408.1852, 1816217.2362], [990411.9616, 1816234.2704], [990414.2389, 1816251.5689], [990415, 1816269] ] ] }",2025-09-24
2017050,2016,자전거,30170004,대전광역시 서구4,대전광역시 서구 가장동(코펠네비테크 부근),4,4,0,2,2,0,36.328203,127.385641,"{ type: Polygon, coordinates: [ [ [989936, 1814543], [989935.2389, 1814560.4311], [989932.9616, 1814577.7296], [989929.1852, 1814594.7638], [989923.9385, 1814611.404], [989917.2616, 1814627.5237], [989909.2051, 1814643], [989899.8304, 1814657.7153], [989889.2089, 1814671.5575], [989877.4214, 1814684.4214], [989864.5575, 1814696.2089], [989850.7153, 1814706.8304], [989836, 1814716.2051], [989820.5237, 1814724.2616], [989804.404, 1814730.9385], [989787.7638, 1814736.1852], [989770.7296, 1814739.9616], [989753.4311, 1814742.2389], [989736, 1814743], [989718.5689, 1814742.2389], [989701.2704, 1814739.9616], [989684.2362, 1814736.1852], [989667.596, 1814730.9385], [989651.4763, 1814724.2616], [989636, 1814716.2051], [989621.2847, 1814706.8304], [989607.4425, 1814696.2089], [989594.5786, 1814684.4214], [989582.7911, 1814671.5575], [989572.1696, 1814657.7153], [989562.7949, 1814643], [989554.7384, 1814627.5237], [989548.0615, 1814611.404], [989542.8148, 1814594.7638], [989539.0384, 1814577.7296], [989536.7611, 1814560.4311], [989536, 1814543], [989536.7611, 1814525.5689], [989539.0384, 1814508.2704], [989542.8148, 1814491.2362], [989548.0615, 1814474.596], [989554.7384, 1814458.4763], [989562.7949, 1814443], [989572.1696, 1814428.2847], [989582.7911, 1814414.4425], [989594.5786, 1814401.5786], [989607.4425, 1814389.7911], [989621.2847, 1814379.1696], [989636, 1814369.7949], [989651.4763, 1814361.7384], [989667.596, 1814355.0615], [989684.2362, 1814349.8148], [989701.2704, 1814346.0384], [989718.5689, 1814343.7611], [989736, 1814343], [989753.4311, 1814343.7611], [989770.7296, 1814346.0384], [989787.7638, 1814349.8148], [989804.404, 1814355.0615], [989820.5237, 1814361.7384], [989836, 1814369.7949], [989850.7153, 1814379.1696], [989864.5575, 1814389.7911], [989877.4214, 1814401.5786], [989889.2089, 1814414.4425], [989899.8304, 1814428.2847], [989909.2051, 1814443], [989917.2616, 1814458.4763], [989923.9385, 1814474.596], [989929.1852, 1814491.2362], [989932.9616, 1814508.2704], [989935.2389, 1814525.5689], [989936, 1814543] ] ] }",2025-09-24
2017050,2016,자전거,30170005,대전광역시 서구5,대전광역시 서구 만년동(무궁화아파트 부근),4,4,0,1,3,0,36.36458,127.376726,"{ type: Polygon, coordinates: [ [ [989141, 1818579], [989140.2389, 1818596.4311], [989137.9616, 1818613.7296], [989134.1852, 1818630.7638], [989128.9385, 1818647.404], [989122.2616, 1818663.5237], [989114.2051, 1818679], [989104.8304, 1818693.7153], [989094.2089, 1818707.5575], [989082.4214, 1818720.4214], [989069.5575, 1818732.2089], [989055.7153, 1818742.8304], [989041, 1818752.2051], [989025.5237, 1818760.2616], [989009.404, 1818766.9385], [988992.7638, 1818772.1852], [988975.7296, 1818775.9616], [988958.4311, 1818778.2389], [988941, 1818779], [988923.5689, 1818778.2389], [988906.2704, 1818775.9616], [988889.2362, 1818772.1852], [988872.596, 1818766.9385], [988856.4763, 1818760.2616], [988841, 1818752.2051], [988826.2847, 1818742.8304], [988812.4425, 1818732.2089], [988799.5786, 1818720.4214], [988787.7911, 1818707.5575], [988777.1696, 1818693.7153], [988767.7949, 1818679], [988759.7384, 1818663.5237], [988753.0615, 1818647.404], [988747.8148, 1818630.7638], [988744.0384, 1818613.7296], [988741.7611, 1818596.4311], [988741, 1818579], [988741.7611, 1818561.5689], [988744.0384, 1818544.2704], [988747.8148, 1818527.2362], [988753.0615, 1818510.596], [988759.7384, 1818494.4763], [988767.7949, 1818479], [988777.1696, 1818464.2847], [988787.7911, 1818450.4425], [988799.5786, 1818437.5786], [988812.4425, 1818425.7911], [988826.2847, 1818415.1696], [988841, 1818405.7949], [988856.4763, 1818397.7384], [988872.596, 1818391.0615], [988889.2362, 1818385.8148], [988906.2704, 1818382.0384], [988923.5689, 1818379.7611], [988941, 1818379], [988958.4311, 1818379.7611], [988975.7296, 1818382.0384], [988992.7638, 1818385.8148], [989009.404, 1818391.0615], [989025.5237, 1818397.7384], [989041, 1818405.7949], [989055.7153, 1818415.1696], [989069.5575, 1818425.7911], [989082.4214, 1818437.5786], [989094.2089, 1818450.4425], [989104.8304, 1818464.2847], [989114.2051, 1818479], [989122.2616, 1818494.4763], [989128.9385, 1818510.596], [989134.1852, 1818527.2362], [989137.9616, 1818544.2704], [989140.2389, 1818561.5689], [989141, 1818579] ] ] }",2025-09-24
2017050,2016,자전거,30170006,대전광역시 서구6,대전광역시 서구 내동(번동오거리 부근),4,4,0,0,3,1,36.329145,127.380726,"{ type: Polygon, coordinates: [ [ [989495, 1814648], [989494.2389, 1814665.4311], [989491.9616, 1814682.7296], [989488.1852, 1814699.7638], [989482.9385, 1814716.404], [989476.2616, 1814732.5237], [989468.2051, 1814748], [989458.8304, 1814762.7153], [989448.2089, 1814776.5575], [989436.4214, 1814789.4214], [989423.5575, 1814801.2089], [989409.7153, 1814811.8304], [989395, 1814821.2051], [989379.5237, 1814829.2616], [989363.404, 1814835.9385], [989346.7638, 1814841.1852], [989329.7296, 1814844.9616], [989312.4311, 1814847.2389], [989295, 1814848], [989277.5689, 1814847.2389], [989260.2704, 1814844.9616], [989243.2362, 1814841.1852], [989226.596, 1814835.9385], [989210.4763, 1814829.2616], [989195, 1814821.2051], [989180.2847, 1814811.8304], [989166.4425, 1814801.2089], [989153.5786, 1814789.4214], [989141.7911, 1814776.5575], [989131.1696, 1814762.7153], [989121.7949, 1814748], [989113.7384, 1814732.5237], [989107.0615, 1814716.404], [989101.8148, 1814699.7638], [989098.0384, 1814682.7296], [989095.7611, 1814665.4311], [989095, 1814648], [989095.7611, 1814630.5689], [989098.0384, 1814613.2704], [989101.8148, 1814596.2362], [989107.0615, 1814579.596], [989113.7384, 1814563.4763], [989121.7949, 1814548], [989131.1696, 1814533.2847], [989141.7911, 1814519.4425], [989153.5786, 1814506.5786], [989166.4425, 1814494.7911], [989180.2847, 1814484.1696], [989195, 1814474.7949], [989210.4763, 1814466.7384], [989226.596, 1814460.0615], [989243.2362, 1814454.8148], [989260.2704, 1814451.0384], [989277.5689, 1814448.7611], [989295, 1814448], [989312.4311, 1814448.7611], [989329.7296, 1814451.0384], [989346.7638, 1814454.8148], [989363.404, 1814460.0615], [989379.5237, 1814466.7384], [989395, 1814474.7949], [989409.7153, 1814484.1696], [989423.5575, 1814494.7911], [989436.4214, 1814506.5786], [989448.2089, 1814519.4425], [989458.8304, 1814533.2847], [989468.2051, 1814548], [989476.2616, 1814563.4763], [989482.9385, 1814579.596], [989488.1852, 1814596.2362], [989491.9616, 1814613.2704], [989494.2389, 1814630.5689], [989495, 1814648] ] ] }",2025-09-24
2017050,2016,자전거,30200001,대전광역시 유성구1,대전광역시 유성구 봉명동(유성구복지센터 부근),5,5,1,2,2,0,36.353047,127.340039,"{ type: Polygon, coordinates: [ [ [985847.6041, 1817304.4894], [985846.843, 1817321.9205], [985844.5656, 1817339.219], [985840.7893, 1817356.2532], [985835.5426, 1817372.8934], [985828.8657, 1817389.013], [985820.8092, 1817404.4894], [985811.4345, 1817419.2047], [985800.813, 1817433.0469], [985789.0255, 1817445.9107], [985776.1616, 1817457.6983], [985762.3194, 1817468.3198], [985747.6041, 1817477.6945], [985732.1278, 1817485.7509], [985716.0081, 1817492.4279], [985699.3679, 1817497.6745], [985682.3337, 1817501.4509], [985665.0352, 1817503.7283], [985647.6041, 1817504.4894], [985630.1729, 1817503.7283], [985612.8745, 1817501.4509], [985595.8403, 1817497.6745], [985579.2001, 1817492.4279], [985563.0804, 1817485.7509], [985547.6041, 1817477.6945], [985532.8888, 1817468.3198], [985519.0466, 1817457.6983], [985506.1827, 1817445.9107], [985494.3952, 1817433.0469], [985483.7737, 1817419.2047], [985474.399, 1817404.4894], [985466.3425, 1817389.013], [985459.6656, 1817372.8934], [985454.4189, 1817356.2532], [985450.6425, 1817339.219], [985448.3652, 1817321.9205], [985447.6041, 1817304.4894], [985448.3652, 1817287.0582], [985450.6425, 1817269.7597], [985454.4189, 1817252.7256], [985459.6656, 1817236.0853], [985466.3425, 1817219.9657], [985474.399, 1817204.4894], [985483.7737, 1817189.7741], [985494.3952, 1817175.9319], [985506.1827, 1817163.068], [985519.0466, 1817151.2805], [985532.8888, 1817140.659], [985547.6041, 1817131.2843], [985563.0804, 1817123.2278], [985579.2001, 1817116.5509], [985595.8403, 1817111.3042], [985612.8745, 1817107.5278], [985630.1729, 1817105.2504], [985647.6041, 1817104.4894], [985665.0352, 1817105.2504], [985682.3337, 1817107.5278], [985699.3679, 1817111.3042], [985716.0081, 1817116.5509], [985732.1278, 1817123.2278], [985747.6041, 1817131.2843], [985762.3194, 1817140.659], [985776.1616, 1817151.2805], [985789.0255, 1817163.068], [985800.813, 1817175.9319], [985811.4345, 1817189.7741], [985820.8092, 1817204.4894], [985828.8657, 1817219.9657], [985835.5426, 1817236.0853], [985840.7893, 1817252.7256], [985844.5656, 1817269.7597], [985846.843, 1817287.0582], [985847.6041, 1817304.4894] ] ] }",2025-09-24
2017050,2016,자전거,30200002,대전광역시 유성구2,대전광역시 유성구 궁동(충남대다리C 부근),5,5,0,1,4,0,36.359385,127.343564,"{ type: Polygon, coordinates: [ [ [986165, 1818007], [986164.2389, 1818024.4311], [986161.9616, 1818041.7296], [986158.1852, 1818058.7638], [986152.9385, 1818075.404], [986146.2616, 1818091.5237], [986138.2051, 1818107], [986128.8304, 1818121.7153], [986118.2089, 1818135.5575], [986106.4214, 1818148.4214], [986093.5575, 1818160.2089], [986079.7153, 1818170.8304], [986065, 1818180.2051], [986049.5237, 1818188.2616], [986033.404, 1818194.9385], [986016.7638, 1818200.1852], [985999.7296, 1818203.9616], [985982.4311, 1818206.2389], [985965, 1818207], [985947.5689, 1818206.2389], [985930.2704, 1818203.9616], [985913.2362, 1818200.1852], [985896.596, 1818194.9385], [985880.4763, 1818188.2616], [985865, 1818180.2051], [985850.2847, 1818170.8304], [985836.4425, 1818160.2089], [985823.5786, 1818148.4214], [985811.7911, 1818135.5575], [985801.1696, 1818121.7153], [985791.7949, 1818107], [985783.7384, 1818091.5237], [985777.0615, 1818075.404], [985771.8148, 1818058.7638], [985768.0384, 1818041.7296], [985765.7611, 1818024.4311], [985765, 1818007], [985765.7611, 1817989.5689], [985768.0384, 1817972.2704], [985771.8148, 1817955.2362], [985777.0615, 1817938.596], [985783.7384, 1817922.4763], [985791.7949, 1817907], [985801.1696, 1817892.2847], [985811.7911, 1817878.4425], [985823.5786, 1817865.5786], [985836.4425, 1817853.7911], [985850.2847, 1817843.1696], [985865, 1817833.7949], [985880.4763, 1817825.7384], [985896.596, 1817819.0615], [985913.2362, 1817813.8148], [985930.2704, 1817810.0384], [985947.5689, 1817807.7611], [985965, 1817807], [985982.4311, 1817807.7611], [985999.7296, 1817810.0384], [986016.7638, 1817813.8148], [986033.404, 1817819.0615], [986049.5237, 1817825.7384], [986065, 1817833.7949], [986079.7153, 1817843.1696], [986093.5575, 1817853.7911], [986106.4214, 1817865.5786], [986118.2089, 1817878.4425], [986128.8304, 1817892.2847], [986138.2051, 1817907], [986146.2616, 1817922.4763], [986152.9385, 1817938.596], [986158.1852, 1817955.2362], [986161.9616, 1817972.2704], [986164.2389, 1817989.5689], [986165, 1818007] ] ] }",2025-09-24
2018027,2017,스쿨존어린이,30110001,대전광역시 동구1,대전광역시 동구 용운동(푸른숲어린이집 부근),1,1,1,0,0,0,36.327518,127.452366,"{ type: Polygon, coordinates: [ [ [996023.7846, 1814462], [996022.6463, 1814488.0703], [996019.2403, 1814513.9422], [996013.5922, 1814539.4188], [996005.7453, 1814564.3061], [995995.7591, 1814588.4149], [995983.7097, 1814611.5616], [995969.6888, 1814633.57], [995953.8031, 1814654.2727], [995936.1735, 1814673.512], [995916.9341, 1814691.1416], [995896.2314, 1814707.0273], [995874.223, 1814721.0482], [995851.0764, 1814733.0976], [995826.9676, 1814743.0838], [995802.0802, 1814750.9308], [995776.6036, 1814756.5788], [995750.7318, 1814759.9849], [995724.6615, 1814761.1231], [995698.5912, 1814759.9849], [995672.7193, 1814756.5788], [995647.2427, 1814750.9308], [995622.3553, 1814743.0838], [995598.2466, 1814733.0976], [995575.0999, 1814721.0482], [995553.0915, 1814707.0273], [995532.3888, 1814691.1416], [995513.1495, 1814673.512], [995495.5198, 1814654.2727], [995479.6341, 1814633.57], [995465.6132, 1814611.5616], [995453.5638, 1814588.4149], [995443.5776, 1814564.3061], [995435.7307, 1814539.4188], [995430.0827, 1814513.9422], [995426.6766, 1814488.0703], [995425.5383, 1814462], [995426.6766, 1814435.9297], [995430.0827, 1814410.0578], [995435.7307, 1814384.5812], [995443.5776, 1814359.6939], [995453.5638, 1814335.5851], [995465.6132, 1814312.4384], [995479.6341, 1814290.43], [995495.5198, 1814269.7273], [995513.1495, 1814250.488], [995532.3888, 1814232.8584], [995553.0915, 1814216.9727], [995575.0999, 1814202.9518], [995598.2466, 1814190.9024], [995622.3553, 1814180.9162], [995647.2427, 1814173.0692], [995672.7193, 1814167.4212], [995698.5912, 1814164.0151], [995724.6615, 1814162.8769], [995750.7318, 1814164.0151], [995776.6036, 1814167.4212], [995802.0802, 1814173.0692], [995826.9676, 1814180.9162], [995851.0764, 1814190.9024], [995874.223, 1814202.9518], [995896.2314, 1814216.9727], [995916.9341, 1814232.8584], [995936.1735, 1814250.488], [995953.8031, 1814269.7273], [995969.6888, 1814290.43], [995983.7097, 1814312.4384], [995995.7591, 1814335.5851], [996005.7453, 1814359.6939], [996013.5922, 1814384.5812], [996019.2403, 1814410.0578], [996022.6463, 1814435.9297], [996023.7846, 1814462] ] ] }",2025-09-24
2018027,2017,스쿨존어린이,30110002,대전광역시 동구2,대전광역시 동구 가양동(동대전초교 부근),1,1,1,0,0,0,36.352098,127.448041,"{ type: Polygon, coordinates: [ [ [995638.1238, 1817188.6771], [995636.9817, 1817214.836], [995633.564, 1817240.7958], [995627.8968, 1817266.3589], [995620.0232, 1817291.3308], [995610.0031, 1817315.5215], [995597.9128, 1817338.7468], [995583.8442, 1817360.83], [995567.9045, 1817381.603], [995550.215, 1817400.9077], [995530.9103, 1817418.5972], [995510.1373, 1817434.5369], [995488.0541, 1817448.6055], [995464.8288, 1817460.6958], [995440.6381, 1817470.7159], [995415.6662, 1817478.5895], [995390.103, 1817484.2567], [995364.1433, 1817487.6744], [995337.9844, 1817488.8165], [995311.8255, 1817487.6744], [995285.8657, 1817484.2567], [995260.3026, 1817478.5895], [995235.3306, 1817470.7159], [995211.14, 1817460.6958], [995187.9146, 1817448.6055], [995165.8315, 1817434.5369], [995145.0585, 1817418.5972], [995125.7537, 1817400.9077], [995108.0642, 1817381.603], [995092.1245, 1817360.83], [995078.056, 1817338.7468], [995065.9656, 1817315.5215], [995055.9455, 1817291.3308], [995048.0719, 1817266.3589], [995042.4047, 1817240.7958], [995038.987, 1817214.836], [995037.8449, 1817188.6771], [995038.987, 1817162.5182], [995042.4047, 1817136.5584], [995048.0719, 1817110.9953], [995055.9455, 1817086.0233], [995065.9656, 1817061.8327], [995078.056, 1817038.6074], [995092.1245, 1817016.5242], [995108.0642, 1816995.7512], [995125.7537, 1816976.4464], [995145.0585, 1816958.7569], [995165.8315, 1816942.8172], [995187.9146, 1816928.7487], [995211.14, 1816916.6584], [995235.3306, 1816906.6382], [995260.3026, 1816898.7646], [995285.8657, 1816893.0974], [995311.8255, 1816889.6797], [995337.9844, 1816888.5376], [995364.1433, 1816889.6797], [995390.103, 1816893.0974], [995415.6662, 1816898.7646], [995440.6381, 1816906.6382], [995464.8288, 1816916.6584], [995488.0541, 1816928.7487], [995510.1373, 1816942.8172], [995530.9103, 1816958.7569], [995550.215, 1816976.4464], [995567.9045, 1816995.7512], [995583.8442, 1817016.5242], [995597.9128, 1817038.6074], [995610.0031, 1817061.8327], [995620.0232, 1817086.0233], [995627.8968, 1817110.9953], [995633.564, 1817136.5584], [995636.9817, 1817162.5182], [995638.1238, 1817188.6771] ] ] }",2025-09-24
2018027,2017,스쿨존어린이,30170001,대전광역시 서구1,대전광역시 서구 갈마동(깨비나라어린이집 부근),2,2,0,0,2,0,36.352066,127.366268,"{ type: Polygon, coordinates: [ [ [988300.8333, 1817192.177], [988299.6917, 1817218.3237], [988296.2756, 1817244.2714], [988290.611, 1817269.8227], [988282.7411, 1817294.783], [988272.7256, 1817318.9624], [988260.6409, 1817342.177], [988246.5789, 1817364.2499], [988230.6466, 1817385.0132], [988212.9653, 1817404.309], [988193.6696, 1817421.9903], [988172.9062, 1817437.9226], [988150.8333, 1817451.9846], [988127.6188, 1817464.0693], [988103.4393, 1817474.0847], [988078.479, 1817481.9547], [988052.9277, 1817487.6193], [988026.98, 1817491.0354], [988000.8333, 1817492.177], [987974.6866, 1817491.0354], [987948.7388, 1817487.6193], [987923.1876, 1817481.9547], [987898.2272, 1817474.0847], [987874.0478, 1817464.0693], [987850.8333, 1817451.9846], [987828.7604, 1817437.9226], [987807.997, 1817421.9903], [987788.7013, 1817404.309], [987771.02, 1817385.0132], [987755.0877, 1817364.2499], [987741.0257, 1817342.177], [987728.941, 1817318.9624], [987718.9255, 1817294.783], [987711.0555, 1817269.8227], [987705.391, 1817244.2714], [987701.9749, 1817218.3237], [987700.8333, 1817192.177], [987701.9749, 1817166.0302], [987705.391, 1817140.0825], [987711.0555, 1817114.5312], [987718.9255, 1817089.5709], [987728.941, 1817065.3915], [987741.0257, 1817042.177], [987755.0877, 1817020.104], [987771.02, 1816999.3407], [987788.7013, 1816980.0449], [987807.997, 1816962.3636], [987828.7604, 1816946.4313], [987850.8333, 1816932.3693], [987874.0478, 1816920.2846], [987898.2272, 1816910.2692], [987923.1876, 1816902.3992], [987948.7388, 1816896.7346], [987974.6866, 1816893.3185], [988000.8333, 1816892.177], [988026.98, 1816893.3185], [988052.9277, 1816896.7346], [988078.479, 1816902.3992], [988103.4393, 1816910.2692], [988127.6188, 1816920.2846], [988150.8333, 1816932.3693], [988172.9062, 1816946.4313], [988193.6696, 1816962.3636], [988212.9653, 1816980.0449], [988230.6466, 1816999.3407], [988246.5789, 1817020.104], [988260.6409, 1817042.177], [988272.7256, 1817065.3915], [988282.7411, 1817089.5709], [988290.611, 1817114.5312], [988296.2756, 1817140.0825], [988299.6917, 1817166.0302], [988300.8333, 1817192.177] ] ] }",2025-09-24
2018028,2017,보행어린이,30110001,대전광역시 동구1,대전광역시 동구 가양동(흥룡어린이공원 부근),3,3,1,0,2,0,36.352019,127.447738,"{ type: Polygon, coordinates: [ [ [995510.75, 1817179.9061], [995509.989, 1817197.3372], [995507.7116, 1817214.6357], [995503.9352, 1817231.6699], [995498.6886, 1817248.3101], [995492.0116, 1817264.4297], [995483.9551, 1817279.9061], [995474.5805, 1817294.6213], [995463.9589, 1817308.4636], [995452.1714, 1817321.3274], [995439.3076, 1817333.1149], [995425.4653, 1817343.7365], [995410.75, 1817353.1111], [995395.2737, 1817361.1676], [995379.1541, 1817367.8446], [995362.5139, 1817373.0912], [995345.4797, 1817376.8676], [995328.1812, 1817379.145], [995310.75, 1817379.9061], [995293.3189, 1817379.145], [995276.0204, 1817376.8676], [995258.9862, 1817373.0912], [995242.346, 1817367.8446], [995226.2264, 1817361.1676], [995210.75, 1817353.1111], [995196.0348, 1817343.7365], [995182.1925, 1817333.1149], [995169.3287, 1817321.3274], [995157.5412, 1817308.4636], [995146.9196, 1817294.6213], [995137.545, 1817279.9061], [995129.4885, 1817264.4297], [995122.8115, 1817248.3101], [995117.5649, 1817231.6699], [995113.7885, 1817214.6357], [995111.5111, 1817197.3372], [995110.75, 1817179.9061], [995111.5111, 1817162.4749], [995113.7885, 1817145.1764], [995117.5649, 1817128.1422], [995122.8115, 1817111.502], [995129.4885, 1817095.3824], [995137.545, 1817079.9061], [995146.9196, 1817065.1908], [995157.5412, 1817051.3485], [995169.3287, 1817038.4847], [995182.1925, 1817026.6972], [995196.0348, 1817016.0756], [995210.75, 1817006.701], [995226.2264, 1816998.6445], [995242.346, 1816991.9675], [995258.9862, 1816986.7209], [995276.0204, 1816982.9445], [995293.3189, 1816980.6671], [995310.75, 1816979.9061], [995328.1812, 1816980.6671], [995345.4797, 1816982.9445], [995362.5139, 1816986.7209], [995379.1541, 1816991.9675], [995395.2737, 1816998.6445], [995410.75, 1817006.701], [995425.4653, 1817016.0756], [995439.3076, 1817026.6972], [995452.1714, 1817038.4847], [995463.9589, 1817051.3485], [995474.5805, 1817065.1908], [995483.9551, 1817079.9061], [995492.0116, 1817095.3824], [995498.6886, 1817111.502], [995503.9352, 1817128.1422], [995507.7116, 1817145.1764], [995509.989, 1817162.4749], [995510.75, 1817179.9061] ] ] }",2025-09-24
2018028,2017,보행어린이,30170001,대전광역시 서구1,대전광역시 서구 내동(벽산블루밍맑은아침아파트 112동 부근),3,6,1,2,3,0,36.331904,127.381273,"{ type: Polygon, coordinates: [ [ [989544.4689, 1814954.0417], [989543.7078, 1814971.4729], [989541.4304, 1814988.7714], [989537.6541, 1815005.8055], [989532.4074, 1815022.4458], [989525.7304, 1815038.5654], [989517.674, 1815054.0417], [989508.2993, 1815068.757], [989497.6778, 1815082.5993], [989485.8902, 1815095.4631], [989473.0264, 1815107.2506], [989459.1842, 1815117.8721], [989444.4689, 1815127.2468], [989428.9925, 1815135.3033], [989412.8729, 1815141.9803], [989396.2327, 1815147.2269], [989379.1985, 1815151.0033], [989361.9, 1815153.2807], [989344.4689, 1815154.0417], [989327.0377, 1815153.2807], [989309.7392, 1815151.0033], [989292.7051, 1815147.2269], [989276.0649, 1815141.9803], [989259.9452, 1815135.3033], [989244.4689, 1815127.2468], [989229.7536, 1815117.8721], [989215.9114, 1815107.2506], [989203.0475, 1815095.4631], [989191.26, 1815082.5993], [989180.6385, 1815068.757], [989171.2638, 1815054.0417], [989163.2073, 1815038.5654], [989156.5304, 1815022.4458], [989151.2837, 1815005.8055], [989147.5073, 1814988.7714], [989145.2299, 1814971.4729], [989144.4689, 1814954.0417], [989145.2299, 1814936.6106], [989147.5073, 1814919.3121], [989151.2837, 1814902.2779], [989156.5304, 1814885.6377], [989163.2073, 1814869.5181], [989171.2638, 1814854.0417], [989180.6385, 1814839.3265], [989191.26, 1814825.4842], [989203.0475, 1814812.6204], [989215.9114, 1814800.8329], [989229.7536, 1814790.2113], [989244.4689, 1814780.8367], [989259.9452, 1814772.7802], [989276.0649, 1814766.1032], [989292.7051, 1814760.8566], [989309.7392, 1814757.0802], [989327.0377, 1814754.8028], [989344.4689, 1814754.0417], [989361.9, 1814754.8028], [989379.1985, 1814757.0802], [989396.2327, 1814760.8566], [989412.8729, 1814766.1032], [989428.9925, 1814772.7802], [989444.4689, 1814780.8367], [989459.1842, 1814790.2113], [989473.0264, 1814800.8329], [989485.8902, 1814812.6204], [989497.6778, 1814825.4842], [989508.2993, 1814839.3265], [989517.674, 1814854.0417], [989525.7304, 1814869.5181], [989532.4074, 1814885.6377], [989537.6541, 1814902.2779], [989541.4304, 1814919.3121], [989543.7078, 1814936.6106], [989544.4689, 1814954.0417] ] ] }",2025-09-24
2018028,2017,보행어린이,30170002,대전광역시 서구2,대전광역시 서구 갈마동(갈마초교삼거리 부근),3,3,0,1,2,0,36.355314,127.36934,"{ type: Polygon, coordinates: [ [ [988477, 1817552], [988476.2389, 1817569.4311], [988473.9616, 1817586.7296], [988470.1852, 1817603.7638], [988464.9385, 1817620.404], [988458.2616, 1817636.5237], [988450.2051, 1817652], [988440.8304, 1817666.7153], [988430.2089, 1817680.5575], [988418.4214, 1817693.4214], [988405.5575, 1817705.2089], [988391.7153, 1817715.8304], [988377, 1817725.2051], [988361.5237, 1817733.2616], [988345.404, 1817739.9385], [988328.7638, 1817745.1852], [988311.7296, 1817748.9616], [988294.4311, 1817751.2389], [988277, 1817752], [988259.5689, 1817751.2389], [988242.2704, 1817748.9616], [988225.2362, 1817745.1852], [988208.596, 1817739.9385], [988192.4763, 1817733.2616], [988177, 1817725.2051], [988162.2847, 1817715.8304], [988148.4425, 1817705.2089], [988135.5786, 1817693.4214], [988123.7911, 1817680.5575], [988113.1696, 1817666.7153], [988103.7949, 1817652], [988095.7384, 1817636.5237], [988089.0615, 1817620.404], [988083.8148, 1817603.7638], [988080.0384, 1817586.7296], [988077.7611, 1817569.4311], [988077, 1817552], [988077.7611, 1817534.5689], [988080.0384, 1817517.2704], [988083.8148, 1817500.2362], [988089.0615, 1817483.596], [988095.7384, 1817467.4763], [988103.7949, 1817452], [988113.1696, 1817437.2847], [988123.7911, 1817423.4425], [988135.5786, 1817410.5786], [988148.4425, 1817398.7911], [988162.2847, 1817388.1696], [988177, 1817378.7949], [988192.4763, 1817370.7384], [988208.596, 1817364.0615], [988225.2362, 1817358.8148], [988242.2704, 1817355.0384], [988259.5689, 1817352.7611], [988277, 1817352], [988294.4311, 1817352.7611], [988311.7296, 1817355.0384], [988328.7638, 1817358.8148], [988345.404, 1817364.0615], [988361.5237, 1817370.7384], [988377, 1817378.7949], [988391.7153, 1817388.1696], [988405.5575, 1817398.7911], [988418.4214, 1817410.5786], [988430.2089, 1817423.4425], [988440.8304, 1817437.2847], [988450.2051, 1817452], [988458.2616, 1817467.4763], [988464.9385, 1817483.596], [988470.1852, 1817500.2362], [988473.9616, 1817517.2704], [988476.2389, 1817534.5689], [988477, 1817552] ] ] }",2025-09-24
2018028,2017,보행어린이,30170003,대전광역시 서구3,대전광역시 서구 탄방동(탄방초교 부근),3,3,0,0,3,0,36.345832,127.390055,"{ type: Polygon, coordinates: [ [ [990334.3229, 1816497.9478], [990333.5619, 1816515.3789], [990331.2845, 1816532.6774], [990327.5081, 1816549.7116], [990322.2614, 1816566.3518], [990315.5845, 1816582.4714], [990307.528, 1816597.9478], [990298.1533, 1816612.663], [990287.5318, 1816626.5053], [990275.7443, 1816639.3691], [990262.8804, 1816651.1566], [990249.0382, 1816661.7782], [990234.3229, 1816671.1528], [990218.8466, 1816679.2093], [990202.7269, 1816685.8863], [990186.0867, 1816691.1329], [990169.0526, 1816694.9093], [990151.7541, 1816697.1867], [990134.3229, 1816697.9478], [990116.8918, 1816697.1867], [990099.5933, 1816694.9093], [990082.5591, 1816691.1329], [990065.9189, 1816685.8863], [990049.7993, 1816679.2093], [990034.3229, 1816671.1528], [990019.6076, 1816661.7782], [990005.7654, 1816651.1566], [989992.9016, 1816639.3691], [989981.114, 1816626.5053], [989970.4925, 1816612.663], [989961.1178, 1816597.9478], [989953.0614, 1816582.4714], [989946.3844, 1816566.3518], [989941.1378, 1816549.7116], [989937.3614, 1816532.6774], [989935.084, 1816515.3789], [989934.3229, 1816497.9478], [989935.084, 1816480.5166], [989937.3614, 1816463.2181], [989941.1378, 1816446.184], [989946.3844, 1816429.5437], [989953.0614, 1816413.4241], [989961.1178, 1816397.9478], [989970.4925, 1816383.2325], [989981.114, 1816369.3902], [989992.9016, 1816356.5264], [990005.7654, 1816344.7389], [990019.6076, 1816334.1174], [990034.3229, 1816324.7427], [990049.7993, 1816316.6862], [990065.9189, 1816310.0092], [990082.5591, 1816304.7626], [990099.5933, 1816300.9862], [990116.8918, 1816298.7088], [990134.3229, 1816297.9478], [990151.7541, 1816298.7088], [990169.0526, 1816300.9862], [990186.0867, 1816304.7626], [990202.7269, 1816310.0092], [990218.8466, 1816316.6862], [990234.3229, 1816324.7427], [990249.0382, 1816334.1174], [990262.8804, 1816344.7389], [990275.7443, 1816356.5264], [990287.5318, 1816369.3902], [990298.1533, 1816383.2325], [990307.528, 1816397.9478], [990315.5845, 1816413.4241], [990322.2614, 1816429.5437], [990327.5081, 1816446.184], [990331.2845, 1816463.2181], [990333.5619, 1816480.5166], [990334.3229, 1816497.9478] ] ] }",2025-09-24
2018028,2017,보행어린이,30170004,대전광역시 서구4,대전광역시 서구 갈마동(대명빌라 부근),3,3,0,0,3,0,36.351883,127.365423,"{ type: Polygon, coordinates: [ [ [988125, 1817172], [988124.2389, 1817189.4311], [988121.9616, 1817206.7296], [988118.1852, 1817223.7638], [988112.9385, 1817240.404], [988106.2616, 1817256.5237], [988098.2051, 1817272], [988088.8304, 1817286.7153], [988078.2089, 1817300.5575], [988066.4214, 1817313.4214], [988053.5575, 1817325.2089], [988039.7153, 1817335.8304], [988025, 1817345.2051], [988009.5237, 1817353.2616], [987993.404, 1817359.9385], [987976.7638, 1817365.1852], [987959.7296, 1817368.9616], [987942.4311, 1817371.2389], [987925, 1817372], [987907.5689, 1817371.2389], [987890.2704, 1817368.9616], [987873.2362, 1817365.1852], [987856.596, 1817359.9385], [987840.4763, 1817353.2616], [987825, 1817345.2051], [987810.2847, 1817335.8304], [987796.4425, 1817325.2089], [987783.5786, 1817313.4214], [987771.7911, 1817300.5575], [987761.1696, 1817286.7153], [987751.7949, 1817272], [987743.7384, 1817256.5237], [987737.0615, 1817240.404], [987731.8148, 1817223.7638], [987728.0384, 1817206.7296], [987725.7611, 1817189.4311], [987725, 1817172], [987725.7611, 1817154.5689], [987728.0384, 1817137.2704], [987731.8148, 1817120.2362], [987737.0615, 1817103.596], [987743.7384, 1817087.4763], [987751.7949, 1817072], [987761.1696, 1817057.2847], [987771.7911, 1817043.4425], [987783.5786, 1817030.5786], [987796.4425, 1817018.7911], [987810.2847, 1817008.1696], [987825, 1816998.7949], [987840.4763, 1816990.7384], [987856.596, 1816984.0615], [987873.2362, 1816978.8148], [987890.2704, 1816975.0384], [987907.5689, 1816972.7611], [987925, 1816972], [987942.4311, 1816972.7611], [987959.7296, 1816975.0384], [987976.7638, 1816978.8148], [987993.404, 1816984.0615], [988009.5237, 1816990.7384], [988025, 1816998.7949], [988039.7153, 1817008.1696], [988053.5575, 1817018.7911], [988066.4214, 1817030.5786], [988078.2089, 1817043.4425], [988088.8304, 1817057.2847], [988098.2051, 1817072], [988106.2616, 1817087.4763], [988112.9385, 1817103.596], [988118.1852, 1817120.2362], [988121.9616, 1817137.2704], [988124.2389, 1817154.5689], [988125, 1817172] ] ] }",2025-09-24
2018028,2017,보행어린이,30200001,대전광역시 유성구1,대전광역시 유성구 노은동(노은중학교 부근),3,3,0,1,1,1,36.368786,127.323434,"{ type: Polygon, coordinates: [ [ [984360.9688, 1819052.9165], [984360.2077, 1819070.3477], [984357.9303, 1819087.6462], [984354.1539, 1819104.6803], [984348.9073, 1819121.3205], [984342.2303, 1819137.4402], [984334.1738, 1819152.9165], [984324.7992, 1819167.6318], [984314.1776, 1819181.474], [984302.3901, 1819194.3379], [984289.5263, 1819206.1254], [984275.684, 1819216.7469], [984260.9688, 1819226.1216], [984245.4924, 1819234.1781], [984229.3728, 1819240.855], [984212.7326, 1819246.1017], [984195.6984, 1819249.8781], [984178.3999, 1819252.1555], [984160.9688, 1819252.9165], [984143.5376, 1819252.1555], [984126.2391, 1819249.8781], [984109.2049, 1819246.1017], [984092.5647, 1819240.855], [984076.4451, 1819234.1781], [984060.9688, 1819226.1216], [984046.2535, 1819216.7469], [984032.4112, 1819206.1254], [984019.5474, 1819194.3379], [984007.7599, 1819181.474], [983997.1383, 1819167.6318], [983987.7637, 1819152.9165], [983979.7072, 1819137.4402], [983973.0302, 1819121.3205], [983967.7836, 1819104.6803], [983964.0072, 1819087.6462], [983961.7298, 1819070.3477], [983960.9688, 1819052.9165], [983961.7298, 1819035.4854], [983964.0072, 1819018.1869], [983967.7836, 1819001.1527], [983973.0302, 1818984.5125], [983979.7072, 1818968.3929], [983987.7637, 1818952.9165], [983997.1383, 1818938.2012], [984007.7599, 1818924.359], [984019.5474, 1818911.4952], [984032.4112, 1818899.7076], [984046.2535, 1818889.0861], [984060.9688, 1818879.7114], [984076.4451, 1818871.655], [984092.5647, 1818864.978], [984109.2049, 1818859.7314], [984126.2391, 1818855.955], [984143.5376, 1818853.6776], [984160.9688, 1818852.9165], [984178.3999, 1818853.6776], [984195.6984, 1818855.955], [984212.7326, 1818859.7314], [984229.3728, 1818864.978], [984245.4924, 1818871.655], [984260.9688, 1818879.7114], [984275.684, 1818889.0861], [984289.5263, 1818899.7076], [984302.3901, 1818911.4952], [984314.1776, 1818924.359], [984324.7992, 1818938.2012], [984334.1738, 1818952.9165], [984342.2303, 1818968.3929], [984348.9073, 1818984.5125], [984354.1539, 1819001.1527], [984357.9303, 1819018.1869], [984360.2077, 1819035.4854], [984360.9688, 1819052.9165] ] ] }",2025-09-24
2018029,2017,보행노인,30110001,대전광역시 동구1,대전광역시 동구 삼성동(삼성지하차도 부근),4,5,0,1,3,1,36.338651,127.431171,"{ type: Polygon, coordinates: [ [ [994023.2294, 1815697.9898], [994022.4684, 1815715.4209], [994020.191, 1815732.7194], [994016.4146, 1815749.7536], [994011.168, 1815766.3938], [994004.491, 1815782.5134], [993996.4345, 1815797.9898], [993987.0599, 1815812.705], [993976.4383, 1815826.5473], [993964.6508, 1815839.4111], [993951.787, 1815851.1986], [993937.9447, 1815861.8202], [993923.2294, 1815871.1948], [993907.7531, 1815879.2513], [993891.6335, 1815885.9283], [993874.9933, 1815891.1749], [993857.9591, 1815894.9513], [993840.6606, 1815897.2287], [993823.2294, 1815897.9898], [993805.7983, 1815897.2287], [993788.4998, 1815894.9513], [993771.4656, 1815891.1749], [993754.8254, 1815885.9283], [993738.7058, 1815879.2513], [993723.2294, 1815871.1948], [993708.5142, 1815861.8202], [993694.6719, 1815851.1986], [993681.8081, 1815839.4111], [993670.0206, 1815826.5473], [993659.399, 1815812.705], [993650.0244, 1815797.9898], [993641.9679, 1815782.5134], [993635.2909, 1815766.3938], [993630.0443, 1815749.7536], [993626.2679, 1815732.7194], [993623.9905, 1815715.4209], [993623.2294, 1815697.9898], [993623.9905, 1815680.5586], [993626.2679, 1815663.2601], [993630.0443, 1815646.2259], [993635.2909, 1815629.5857], [993641.9679, 1815613.4661], [993650.0244, 1815597.9898], [993659.399, 1815583.2745], [993670.0206, 1815569.4322], [993681.8081, 1815556.5684], [993694.6719, 1815544.7809], [993708.5142, 1815534.1593], [993723.2294, 1815524.7847], [993738.7058, 1815516.7282], [993754.8254, 1815510.0512], [993771.4656, 1815504.8046], [993788.4998, 1815501.0282], [993805.7983, 1815498.7508], [993823.2294, 1815497.9898], [993840.6606, 1815498.7508], [993857.9591, 1815501.0282], [993874.9933, 1815504.8046], [993891.6335, 1815510.0512], [993907.7531, 1815516.7282], [993923.2294, 1815524.7847], [993937.9447, 1815534.1593], [993951.787, 1815544.7809], [993964.6508, 1815556.5684], [993976.4383, 1815569.4322], [993987.0599, 1815583.2745], [993996.4345, 1815597.9898], [994004.491, 1815613.4661], [994011.168, 1815629.5857], [994016.4146, 1815646.2259], [994020.191, 1815663.2601], [994022.4684, 1815680.5586], [994023.2294, 1815697.9898] ] ] }",2025-09-24
2018029,2017,보행노인,30110002,대전광역시 동구2,대전광역시 동구 대성동(대성동삼거리 부근),3,3,1,0,2,0,36.296244,127.460383,"{ type: Polygon, coordinates: [ [ [996642.8125, 1810992.7291], [996642.0515, 1811010.1602], [996639.7741, 1811027.4587], [996635.9977, 1811044.4929], [996630.7511, 1811061.1331], [996624.0741, 1811077.2527], [996616.0176, 1811092.7291], [996606.643, 1811107.4444], [996596.0214, 1811121.2866], [996584.2339, 1811134.1504], [996571.3701, 1811145.938], [996557.5278, 1811156.5595], [996542.8125, 1811165.9341], [996527.3362, 1811173.9906], [996511.2166, 1811180.6676], [996494.5764, 1811185.9142], [996477.5422, 1811189.6906], [996460.2437, 1811191.968], [996442.8125, 1811192.7291], [996425.3814, 1811191.968], [996408.0829, 1811189.6906], [996391.0487, 1811185.9142], [996374.4085, 1811180.6676], [996358.2889, 1811173.9906], [996342.8125, 1811165.9341], [996328.0973, 1811156.5595], [996314.255, 1811145.938], [996301.3912, 1811134.1504], [996289.6037, 1811121.2866], [996278.9821, 1811107.4444], [996269.6075, 1811092.7291], [996261.551, 1811077.2527], [996254.874, 1811061.1331], [996249.6274, 1811044.4929], [996245.851, 1811027.4587], [996243.5736, 1811010.1602], [996242.8125, 1810992.7291], [996243.5736, 1810975.2979], [996245.851, 1810957.9994], [996249.6274, 1810940.9653], [996254.874, 1810924.325], [996261.551, 1810908.2054], [996269.6075, 1810892.7291], [996278.9821, 1810878.0138], [996289.6037, 1810864.1715], [996301.3912, 1810851.3077], [996314.255, 1810839.5202], [996328.0973, 1810828.8987], [996342.8125, 1810819.524], [996358.2889, 1810811.4675], [996374.4085, 1810804.7905], [996391.0487, 1810799.5439], [996408.0829, 1810795.7675], [996425.3814, 1810793.4901], [996442.8125, 1810792.7291], [996460.2437, 1810793.4901], [996477.5422, 1810795.7675], [996494.5764, 1810799.5439], [996511.2166, 1810804.7905], [996527.3362, 1810811.4675], [996542.8125, 1810819.524], [996557.5278, 1810828.8987], [996571.3701, 1810839.5202], [996584.2339, 1810851.3077], [996596.0214, 1810864.1715], [996606.643, 1810878.0138], [996616.0176, 1810892.7291], [996624.0741, 1810908.2054], [996630.7511, 1810924.325], [996635.9977, 1810940.9653], [996639.7741, 1810957.9994], [996642.0515, 1810975.2979], [996642.8125, 1810992.7291] ] ] }",2025-09-24
2018029,2017,보행노인,30110003,대전광역시 동구3,대전광역시 동구 인동(한울아파트 부근),3,3,0,1,2,0,36.32403,127.434824,"{ type: Polygon, coordinates: [ [ [994350, 1814076], [994349.2389, 1814093.4311], [994346.9616, 1814110.7296], [994343.1852, 1814127.7638], [994337.9385, 1814144.404], [994331.2616, 1814160.5237], [994323.2051, 1814176], [994313.8304, 1814190.7153], [994303.2089, 1814204.5575], [994291.4214, 1814217.4214], [994278.5575, 1814229.2089], [994264.7153, 1814239.8304], [994250, 1814249.2051], [994234.5237, 1814257.2616], [994218.404, 1814263.9385], [994201.7638, 1814269.1852], [994184.7296, 1814272.9616], [994167.4311, 1814275.2389], [994150, 1814276], [994132.5689, 1814275.2389], [994115.2704, 1814272.9616], [994098.2362, 1814269.1852], [994081.596, 1814263.9385], [994065.4763, 1814257.2616], [994050, 1814249.2051], [994035.2847, 1814239.8304], [994021.4425, 1814229.2089], [994008.5786, 1814217.4214], [993996.7911, 1814204.5575], [993986.1696, 1814190.7153], [993976.7949, 1814176], [993968.7384, 1814160.5237], [993962.0615, 1814144.404], [993956.8148, 1814127.7638], [993953.0384, 1814110.7296], [993950.7611, 1814093.4311], [993950, 1814076], [993950.7611, 1814058.5689], [993953.0384, 1814041.2704], [993956.8148, 1814024.2362], [993962.0615, 1814007.596], [993968.7384, 1813991.4763], [993976.7949, 1813976], [993986.1696, 1813961.2847], [993996.7911, 1813947.4425], [994008.5786, 1813934.5786], [994021.4425, 1813922.7911], [994035.2847, 1813912.1696], [994050, 1813902.7949], [994065.4763, 1813894.7384], [994081.596, 1813888.0615], [994098.2362, 1813882.8148], [994115.2704, 1813879.0384], [994132.5689, 1813876.7611], [994150, 1813876], [994167.4311, 1813876.7611], [994184.7296, 1813879.0384], [994201.7638, 1813882.8148], [994218.404, 1813888.0615], [994234.5237, 1813894.7384], [994250, 1813902.7949], [994264.7153, 1813912.1696], [994278.5575, 1813922.7911], [994291.4214, 1813934.5786], [994303.2089, 1813947.4425], [994313.8304, 1813961.2847], [994323.2051, 1813976], [994331.2616, 1813991.4763], [994337.9385, 1814007.596], [994343.1852, 1814024.2362], [994346.9616, 1814041.2704], [994349.2389, 1814058.5689], [994350, 1814076] ] ] }",2025-09-24
2018029,2017,보행노인,30140001,대전광역시 중구1,대전광역시 중구 대사동(보문산공원오거리 부근),5,5,0,3,2,0,36.317604,127.426081,"{ type: Polygon, coordinates: [ [ [993564.6876, 1813363.8853], [993563.9265, 1813381.3164], [993561.6491, 1813398.6149], [993557.8727, 1813415.6491], [993552.6261, 1813432.2893], [993545.9491, 1813448.4089], [993537.8927, 1813463.8853], [993528.518, 1813478.6006], [993517.8965, 1813492.4428], [993506.1089, 1813505.3066], [993493.2451, 1813517.0942], [993479.4029, 1813527.7157], [993464.6876, 1813537.0904], [993449.2112, 1813545.1468], [993433.0916, 1813551.8238], [993416.4514, 1813557.0704], [993399.4172, 1813560.8468], [993382.1187, 1813563.1242], [993364.6876, 1813563.8853], [993347.2564, 1813563.1242], [993329.9579, 1813560.8468], [993312.9238, 1813557.0704], [993296.2836, 1813551.8238], [993280.1639, 1813545.1468], [993264.6876, 1813537.0904], [993249.9723, 1813527.7157], [993236.1301, 1813517.0942], [993223.2662, 1813505.3066], [993211.4787, 1813492.4428], [993200.8572, 1813478.6006], [993191.4825, 1813463.8853], [993183.426, 1813448.4089], [993176.7491, 1813432.2893], [993171.5024, 1813415.6491], [993167.726, 1813398.6149], [993165.4486, 1813381.3164], [993164.6876, 1813363.8853], [993165.4486, 1813346.4541], [993167.726, 1813329.1556], [993171.5024, 1813312.1215], [993176.7491, 1813295.4812], [993183.426, 1813279.3616], [993191.4825, 1813263.8853], [993200.8572, 1813249.17], [993211.4787, 1813235.3278], [993223.2662, 1813222.4639], [993236.1301, 1813210.6764], [993249.9723, 1813200.0549], [993264.6876, 1813190.6802], [993280.1639, 1813182.6237], [993296.2836, 1813175.9468], [993312.9238, 1813170.7001], [993329.9579, 1813166.9237], [993347.2564, 1813164.6463], [993364.6876, 1813163.8853], [993382.1187, 1813164.6463], [993399.4172, 1813166.9237], [993416.4514, 1813170.7001], [993433.0916, 1813175.9468], [993449.2112, 1813182.6237], [993464.6876, 1813190.6802], [993479.4029, 1813200.0549], [993493.2451, 1813210.6764], [993506.1089, 1813222.4639], [993517.8965, 1813235.3278], [993528.518, 1813249.17], [993537.8927, 1813263.8853], [993545.9491, 1813279.3616], [993552.6261, 1813295.4812], [993557.8727, 1813312.1215], [993561.6491, 1813329.1556], [993563.9265, 1813346.4541], [993564.6876, 1813363.8853] ] ] }",2025-09-24
2018029,2017,보행노인,30140002,대전광역시 중구2,대전광역시 중구 중촌동(KEB하나은행중촌동지점 부근),3,3,0,3,0,0,36.335364,127.412411,"{ type: Polygon, coordinates: [ [ [992339.4064, 1815334.8228], [992338.6453, 1815352.2539], [992336.368, 1815369.5524], [992332.5916, 1815386.5866], [992327.3449, 1815403.2268], [992320.668, 1815419.3464], [992312.6115, 1815434.8228], [992303.2368, 1815449.5381], [992292.6153, 1815463.3803], [992280.8278, 1815476.2441], [992267.9639, 1815488.0317], [992254.1217, 1815498.6532], [992239.4064, 1815508.0279], [992223.9301, 1815516.0843], [992207.8104, 1815522.7613], [992191.1702, 1815528.008], [992174.136, 1815531.7843], [992156.8375, 1815534.0617], [992139.4064, 1815534.8228], [992121.9753, 1815534.0617], [992104.6768, 1815531.7843], [992087.6426, 1815528.008], [992071.0024, 1815522.7613], [992054.8827, 1815516.0843], [992039.4064, 1815508.0279], [992024.6911, 1815498.6532], [992010.8489, 1815488.0317], [991997.985, 1815476.2441], [991986.1975, 1815463.3803], [991975.576, 1815449.5381], [991966.2013, 1815434.8228], [991958.1448, 1815419.3464], [991951.4679, 1815403.2268], [991946.2212, 1815386.5866], [991942.4449, 1815369.5524], [991940.1675, 1815352.2539], [991939.4064, 1815334.8228], [991940.1675, 1815317.3916], [991942.4449, 1815300.0932], [991946.2212, 1815283.059], [991951.4679, 1815266.4188], [991958.1448, 1815250.2991], [991966.2013, 1815234.8228], [991975.576, 1815220.1075], [991986.1975, 1815206.2653], [991997.985, 1815193.4014], [992010.8489, 1815181.6139], [992024.6911, 1815170.9924], [992039.4064, 1815161.6177], [992054.8827, 1815153.5612], [992071.0024, 1815146.8843], [992087.6426, 1815141.6376], [992104.6768, 1815137.8612], [992121.9753, 1815135.5839], [992139.4064, 1815134.8228], [992156.8375, 1815135.5839], [992174.136, 1815137.8612], [992191.1702, 1815141.6376], [992207.8104, 1815146.8843], [992223.9301, 1815153.5612], [992239.4064, 1815161.6177], [992254.1217, 1815170.9924], [992267.9639, 1815181.6139], [992280.8278, 1815193.4014], [992292.6153, 1815206.2653], [992303.2368, 1815220.1075], [992312.6115, 1815234.8228], [992320.668, 1815250.2991], [992327.3449, 1815266.4188], [992332.5916, 1815283.059], [992336.368, 1815300.0932], [992338.6453, 1815317.3916], [992339.4064, 1815334.8228] ] ] }",2025-09-24
2018029,2017,보행노인,30140003,대전광역시 중구3,대전광역시 중구 옥계동(키스앤키스헤어중구점 부근),3,3,0,2,1,0,36.298346,127.455064,"{ type: Polygon, coordinates: [ [ [996165.3749, 1811226.1147], [996164.6138, 1811243.5459], [996162.3365, 1811260.8444], [996158.5601, 1811277.8785], [996153.3134, 1811294.5188], [996146.6365, 1811310.6384], [996138.58, 1811326.1147], [996129.2053, 1811340.83], [996118.5838, 1811354.6722], [996106.7963, 1811367.5361], [996093.9324, 1811379.3236], [996080.0902, 1811389.9451], [996065.3749, 1811399.3198], [996049.8986, 1811407.3763], [996033.7789, 1811414.0532], [996017.1387, 1811419.2999], [996000.1045, 1811423.0763], [995982.8061, 1811425.3537], [995965.3749, 1811426.1147], [995947.9438, 1811425.3537], [995930.6453, 1811423.0763], [995913.6111, 1811419.2999], [995896.9709, 1811414.0532], [995880.8513, 1811407.3763], [995865.3749, 1811399.3198], [995850.6596, 1811389.9451], [995836.8174, 1811379.3236], [995823.9535, 1811367.5361], [995812.166, 1811354.6722], [995801.5445, 1811340.83], [995792.1698, 1811326.1147], [995784.1133, 1811310.6384], [995777.4364, 1811294.5188], [995772.1897, 1811277.8785], [995768.4134, 1811260.8444], [995766.136, 1811243.5459], [995765.3749, 1811226.1147], [995766.136, 1811208.6836], [995768.4134, 1811191.3851], [995772.1897, 1811174.3509], [995777.4364, 1811157.7107], [995784.1133, 1811141.5911], [995792.1698, 1811126.1147], [995801.5445, 1811111.3994], [995812.166, 1811097.5572], [995823.9535, 1811084.6934], [995836.8174, 1811072.9058], [995850.6596, 1811062.2843], [995865.3749, 1811052.9096], [995880.8513, 1811044.8532], [995896.9709, 1811038.1762], [995913.6111, 1811032.9296], [995930.6453, 1811029.1532], [995947.9438, 1811026.8758], [995965.3749, 1811026.1147], [995982.8061, 1811026.8758], [996000.1045, 1811029.1532], [996017.1387, 1811032.9296], [996033.7789, 1811038.1762], [996049.8986, 1811044.8532], [996065.3749, 1811052.9096], [996080.0902, 1811062.2843], [996093.9324, 1811072.9058], [996106.7963, 1811084.6934], [996118.5838, 1811097.5572], [996129.2053, 1811111.3994], [996138.58, 1811126.1147], [996146.6365, 1811141.5911], [996153.3134, 1811157.7107], [996158.5601, 1811174.3509], [996162.3365, 1811191.3851], [996164.6138, 1811208.6836], [996165.3749, 1811226.1147] ] ] }",2025-09-24
2018029,2017,보행노인,30170001,대전광역시 서구1,대전광역시 서구 도마동(다이소대전도마점 부근),3,4,1,2,1,0,36.314352,127.382386,"{ type: Polygon, coordinates: [ [ [989642, 1813007], [989641.2389, 1813024.4311], [989638.9616, 1813041.7296], [989635.1852, 1813058.7638], [989629.9385, 1813075.404], [989623.2616, 1813091.5237], [989615.2051, 1813107], [989605.8304, 1813121.7153], [989595.2089, 1813135.5575], [989583.4214, 1813148.4214], [989570.5575, 1813160.2089], [989556.7153, 1813170.8304], [989542, 1813180.2051], [989526.5237, 1813188.2616], [989510.404, 1813194.9385], [989493.7638, 1813200.1852], [989476.7296, 1813203.9616], [989459.4311, 1813206.2389], [989442, 1813207], [989424.5689, 1813206.2389], [989407.2704, 1813203.9616], [989390.2362, 1813200.1852], [989373.596, 1813194.9385], [989357.4763, 1813188.2616], [989342, 1813180.2051], [989327.2847, 1813170.8304], [989313.4425, 1813160.2089], [989300.5786, 1813148.4214], [989288.7911, 1813135.5575], [989278.1696, 1813121.7153], [989268.7949, 1813107], [989260.7384, 1813091.5237], [989254.0615, 1813075.404], [989248.8148, 1813058.7638], [989245.0384, 1813041.7296], [989242.7611, 1813024.4311], [989242, 1813007], [989242.7611, 1812989.5689], [989245.0384, 1812972.2704], [989248.8148, 1812955.2362], [989254.0615, 1812938.596], [989260.7384, 1812922.4763], [989268.7949, 1812907], [989278.1696, 1812892.2847], [989288.7911, 1812878.4425], [989300.5786, 1812865.5786], [989313.4425, 1812853.7911], [989327.2847, 1812843.1696], [989342, 1812833.7949], [989357.4763, 1812825.7384], [989373.596, 1812819.0615], [989390.2362, 1812813.8148], [989407.2704, 1812810.0384], [989424.5689, 1812807.7611], [989442, 1812807], [989459.4311, 1812807.7611], [989476.7296, 1812810.0384], [989493.7638, 1812813.8148], [989510.404, 1812819.0615], [989526.5237, 1812825.7384], [989542, 1812833.7949], [989556.7153, 1812843.1696], [989570.5575, 1812853.7911], [989583.4214, 1812865.5786], [989595.2089, 1812878.4425], [989605.8304, 1812892.2847], [989615.2051, 1812907], [989623.2616, 1812922.4763], [989629.9385, 1812938.596], [989635.1852, 1812955.2362], [989638.9616, 1812972.2704], [989641.2389, 1812989.5689], [989642, 1813007] ] ] }",2025-09-24
2018029,2017,보행노인,30170002,대전광역시 서구2,대전광역시 서구 도마동(경남쇼핑센터 부근),3,3,1,1,1,0,36.322377,127.370334,"{ type: Polygon, coordinates: [ [ [988561.2292, 1813898.5731], [988560.4681, 1813916.0043], [988558.1907, 1813933.3027], [988554.4144, 1813950.3369], [988549.1677, 1813966.9771], [988542.4908, 1813983.0968], [988534.4343, 1813998.5731], [988525.0596, 1814013.2884], [988514.4381, 1814027.1306], [988502.6505, 1814039.9945], [988489.7867, 1814051.782], [988475.9445, 1814062.4035], [988461.2292, 1814071.7782], [988445.7528, 1814079.8347], [988429.6332, 1814086.5116], [988412.993, 1814091.7583], [988395.9588, 1814095.5347], [988378.6603, 1814097.812], [988361.2292, 1814098.5731], [988343.798, 1814097.812], [988326.4996, 1814095.5347], [988309.4654, 1814091.7583], [988292.8252, 1814086.5116], [988276.7055, 1814079.8347], [988261.2292, 1814071.7782], [988246.5139, 1814062.4035], [988232.6717, 1814051.782], [988219.8078, 1814039.9945], [988208.0203, 1814027.1306], [988197.3988, 1814013.2884], [988188.0241, 1813998.5731], [988179.9676, 1813983.0968], [988173.2907, 1813966.9771], [988168.044, 1813950.3369], [988164.2676, 1813933.3027], [988161.9903, 1813916.0043], [988161.2292, 1813898.5731], [988161.9903, 1813881.142], [988164.2676, 1813863.8435], [988168.044, 1813846.8093], [988173.2907, 1813830.1691], [988179.9676, 1813814.0495], [988188.0241, 1813798.5731], [988197.3988, 1813783.8578], [988208.0203, 1813770.0156], [988219.8078, 1813757.1518], [988232.6717, 1813745.3642], [988246.5139, 1813734.7427], [988261.2292, 1813725.368], [988276.7055, 1813717.3116], [988292.8252, 1813710.6346], [988309.4654, 1813705.3879], [988326.4996, 1813701.6116], [988343.798, 1813699.3342], [988361.2292, 1813698.5731], [988378.6603, 1813699.3342], [988395.9588, 1813701.6116], [988412.993, 1813705.3879], [988429.6332, 1813710.6346], [988445.7528, 1813717.3116], [988461.2292, 1813725.368], [988475.9445, 1813734.7427], [988489.7867, 1813745.3642], [988502.6505, 1813757.1518], [988514.4381, 1813770.0156], [988525.0596, 1813783.8578], [988534.4343, 1813798.5731], [988542.4908, 1813814.0495], [988549.1677, 1813830.1691], [988554.4144, 1813846.8093], [988558.1907, 1813863.8435], [988560.4681, 1813881.142], [988561.2292, 1813898.5731] ] ] }",2025-09-24
2018029,2017,보행노인,30170003,대전광역시 서구3,대전광역시 서구 둔산동(선사유적네거리 부근),3,3,0,2,1,0,36.359582,127.379529,"{ type: Polygon, coordinates: [ [ [989391.7083, 1818024.2189], [989390.9473, 1818041.6501], [989388.6699, 1818058.9486], [989384.8935, 1818075.9828], [989379.6468, 1818092.623], [989372.9699, 1818108.7426], [989364.9134, 1818124.2189], [989355.5387, 1818138.9342], [989344.9172, 1818152.7765], [989333.1297, 1818165.6403], [989320.2658, 1818177.4278], [989306.4236, 1818188.0494], [989291.7083, 1818197.424], [989276.232, 1818205.4805], [989260.1124, 1818212.1575], [989243.4721, 1818217.4041], [989226.438, 1818221.1805], [989209.1395, 1818223.4579], [989191.7083, 1818224.2189], [989174.2772, 1818223.4579], [989156.9787, 1818221.1805], [989139.9445, 1818217.4041], [989123.3043, 1818212.1575], [989107.1847, 1818205.4805], [989091.7083, 1818197.424], [989076.993, 1818188.0494], [989063.1508, 1818177.4278], [989050.287, 1818165.6403], [989038.4994, 1818152.7765], [989027.8779, 1818138.9342], [989018.5032, 1818124.2189], [989010.4468, 1818108.7426], [989003.7698, 1818092.623], [988998.5232, 1818075.9828], [988994.7468, 1818058.9486], [988992.4694, 1818041.6501], [988991.7083, 1818024.2189], [988992.4694, 1818006.7878], [988994.7468, 1817989.4893], [988998.5232, 1817972.4551], [989003.7698, 1817955.8149], [989010.4468, 1817939.6953], [989018.5032, 1817924.2189], [989027.8779, 1817909.5037], [989038.4994, 1817895.6614], [989050.287, 1817882.7976], [989063.1508, 1817871.0101], [989076.993, 1817860.3885], [989091.7083, 1817851.0139], [989107.1847, 1817842.9574], [989123.3043, 1817836.2804], [989139.9445, 1817831.0338], [989156.9787, 1817827.2574], [989174.2772, 1817824.98], [989191.7083, 1817824.2189], [989209.1395, 1817824.98], [989226.438, 1817827.2574], [989243.4721, 1817831.0338], [989260.1124, 1817836.2804], [989276.232, 1817842.9574], [989291.7083, 1817851.0139], [989306.4236, 1817860.3885], [989320.2658, 1817871.0101], [989333.1297, 1817882.7976], [989344.9172, 1817895.6614], [989355.5387, 1817909.5037], [989364.9134, 1817924.2189], [989372.9699, 1817939.6953], [989379.6468, 1817955.8149], [989384.8935, 1817972.4551], [989388.6699, 1817989.4893], [989390.9473, 1818006.7878], [989391.7083, 1818024.2189] ] ] }",2025-09-24
2018029,2017,보행노인,30200001,대전광역시 유성구1,대전광역시 유성구 구암동(선산부인과의원 부근),4,4,0,3,1,0,36.355723,127.333966,"{ type: Polygon, coordinates: [ [ [985303.2707, 1817602.2919], [985302.5096, 1817619.7231], [985300.2322, 1817637.0216], [985296.4558, 1817654.0557], [985291.2092, 1817670.696], [985284.5322, 1817686.8156], [985276.4758, 1817702.2919], [985267.1011, 1817717.0072], [985256.4796, 1817730.8495], [985244.692, 1817743.7133], [985231.8282, 1817755.5008], [985217.986, 1817766.1223], [985203.2707, 1817775.497], [985187.7943, 1817783.5535], [985171.6747, 1817790.2305], [985155.0345, 1817795.4771], [985138.0003, 1817799.2535], [985120.7018, 1817801.5309], [985103.2707, 1817802.2919], [985085.8395, 1817801.5309], [985068.541, 1817799.2535], [985051.5069, 1817795.4771], [985034.8667, 1817790.2305], [985018.747, 1817783.5535], [985003.2707, 1817775.497], [984988.5554, 1817766.1223], [984974.7132, 1817755.5008], [984961.8493, 1817743.7133], [984950.0618, 1817730.8495], [984939.4403, 1817717.0072], [984930.0656, 1817702.2919], [984922.0091, 1817686.8156], [984915.3322, 1817670.696], [984910.0855, 1817654.0557], [984906.3091, 1817637.0216], [984904.0317, 1817619.7231], [984903.2707, 1817602.2919], [984904.0317, 1817584.8608], [984906.3091, 1817567.5623], [984910.0855, 1817550.5281], [984915.3322, 1817533.8879], [984922.0091, 1817517.7683], [984930.0656, 1817502.2919], [984939.4403, 1817487.5766], [984950.0618, 1817473.7344], [984961.8493, 1817460.8706], [984974.7132, 1817449.083], [984988.5554, 1817438.4615], [985003.2707, 1817429.0869], [985018.747, 1817421.0304], [985034.8667, 1817414.3534], [985051.5069, 1817409.1068], [985068.541, 1817405.3304], [985085.8395, 1817403.053], [985103.2707, 1817402.2919], [985120.7018, 1817403.053], [985138.0003, 1817405.3304], [985155.0345, 1817409.1068], [985171.6747, 1817414.3534], [985187.7943, 1817421.0304], [985203.2707, 1817429.0869], [985217.986, 1817438.4615], [985231.8282, 1817449.083], [985244.692, 1817460.8706], [985256.4796, 1817473.7344], [985267.1011, 1817487.5766], [985276.4758, 1817502.2919], [985284.5322, 1817517.7683], [985291.2092, 1817533.8879], [985296.4558, 1817550.5281], [985300.2322, 1817567.5623], [985302.5096, 1817584.8608], [985303.2707, 1817602.2919] ] ] }",2025-09-24
2018029,2017,보행노인,30230001,대전광역시 대덕구1,대전광역시 대덕구 덕암동(백제종합장식 부근),3,3,1,2,0,0,36.443216,127.425285,"{ type: Polygon, coordinates: [ [ [993504, 1827297], [993503.2389, 1827314.4311], [993500.9616, 1827331.7296], [993497.1852, 1827348.7638], [993491.9385, 1827365.404], [993485.2616, 1827381.5237], [993477.2051, 1827397], [993467.8304, 1827411.7153], [993457.2089, 1827425.5575], [993445.4214, 1827438.4214], [993432.5575, 1827450.2089], [993418.7153, 1827460.8304], [993404, 1827470.2051], [993388.5237, 1827478.2616], [993372.404, 1827484.9385], [993355.7638, 1827490.1852], [993338.7296, 1827493.9616], [993321.4311, 1827496.2389], [993304, 1827497], [993286.5689, 1827496.2389], [993269.2704, 1827493.9616], [993252.2362, 1827490.1852], [993235.596, 1827484.9385], [993219.4763, 1827478.2616], [993204, 1827470.2051], [993189.2847, 1827460.8304], [993175.4425, 1827450.2089], [993162.5786, 1827438.4214], [993150.7911, 1827425.5575], [993140.1696, 1827411.7153], [993130.7949, 1827397], [993122.7384, 1827381.5237], [993116.0615, 1827365.404], [993110.8148, 1827348.7638], [993107.0384, 1827331.7296], [993104.7611, 1827314.4311], [993104, 1827297], [993104.7611, 1827279.5689], [993107.0384, 1827262.2704], [993110.8148, 1827245.2362], [993116.0615, 1827228.596], [993122.7384, 1827212.4763], [993130.7949, 1827197], [993140.1696, 1827182.2847], [993150.7911, 1827168.4425], [993162.5786, 1827155.5786], [993175.4425, 1827143.7911], [993189.2847, 1827133.1696], [993204, 1827123.7949], [993219.4763, 1827115.7384], [993235.596, 1827109.0615], [993252.2362, 1827103.8148], [993269.2704, 1827100.0384], [993286.5689, 1827097.7611], [993304, 1827097], [993321.4311, 1827097.7611], [993338.7296, 1827100.0384], [993355.7638, 1827103.8148], [993372.404, 1827109.0615], [993388.5237, 1827115.7384], [993404, 1827123.7949], [993418.7153, 1827133.1696], [993432.5575, 1827143.7911], [993445.4214, 1827155.5786], [993457.2089, 1827168.4425], [993467.8304, 1827182.2847], [993477.2051, 1827197], [993485.2616, 1827212.4763], [993491.9385, 1827228.596], [993497.1852, 1827245.2362], [993500.9616, 1827262.2704], [993503.2389, 1827279.5689], [993504, 1827297] ] ] }",2025-09-24
2018029,2017,보행노인,30230002,대전광역시 대덕구2,대전광역시 대덕구 법동(연합약국 부근),3,3,0,2,1,0,36.367744,127.431767,"{ type: Polygon, coordinates: [ [ [994079, 1818925], [994078.2389, 1818942.4311], [994075.9616, 1818959.7296], [994072.1852, 1818976.7638], [994066.9385, 1818993.404], [994060.2616, 1819009.5237], [994052.2051, 1819025], [994042.8304, 1819039.7153], [994032.2089, 1819053.5575], [994020.4214, 1819066.4214], [994007.5575, 1819078.2089], [993993.7153, 1819088.8304], [993979, 1819098.2051], [993963.5237, 1819106.2616], [993947.404, 1819112.9385], [993930.7638, 1819118.1852], [993913.7296, 1819121.9616], [993896.4311, 1819124.2389], [993879, 1819125], [993861.5689, 1819124.2389], [993844.2704, 1819121.9616], [993827.2362, 1819118.1852], [993810.596, 1819112.9385], [993794.4763, 1819106.2616], [993779, 1819098.2051], [993764.2847, 1819088.8304], [993750.4425, 1819078.2089], [993737.5786, 1819066.4214], [993725.7911, 1819053.5575], [993715.1696, 1819039.7153], [993705.7949, 1819025], [993697.7384, 1819009.5237], [993691.0615, 1818993.404], [993685.8148, 1818976.7638], [993682.0384, 1818959.7296], [993679.7611, 1818942.4311], [993679, 1818925], [993679.7611, 1818907.5689], [993682.0384, 1818890.2704], [993685.8148, 1818873.2362], [993691.0615, 1818856.596], [993697.7384, 1818840.4763], [993705.7949, 1818825], [993715.1696, 1818810.2847], [993725.7911, 1818796.4425], [993737.5786, 1818783.5786], [993750.4425, 1818771.7911], [993764.2847, 1818761.1696], [993779, 1818751.7949], [993794.4763, 1818743.7384], [993810.596, 1818737.0615], [993827.2362, 1818731.8148], [993844.2704, 1818728.0384], [993861.5689, 1818725.7611], [993879, 1818725], [993896.4311, 1818725.7611], [993913.7296, 1818728.0384], [993930.7638, 1818731.8148], [993947.404, 1818737.0615], [993963.5237, 1818743.7384], [993979, 1818751.7949], [993993.7153, 1818761.1696], [994007.5575, 1818771.7911], [994020.4214, 1818783.5786], [994032.2089, 1818796.4425], [994042.8304, 1818810.2847], [994052.2051, 1818825], [994060.2616, 1818840.4763], [994066.9385, 1818856.596], [994072.1852, 1818873.2362], [994075.9616, 1818890.2704], [994078.2389, 1818907.5689], [994079, 1818925] ] ] }",2025-09-24
2018029,2017,보행노인,30230003,대전광역시 대덕구3,대전광역시 대덕구 덕암동(덕암119안전센터 부근),2,2,1,1,0,0,36.438964,127.42611,"{ type: Polygon, coordinates: [ [ [993577.5825, 1826825.247], [993576.8213, 1826842.6806], [993574.5436, 1826859.9815], [993570.7667, 1826877.0181], [993565.5193, 1826893.6606], [993558.8414, 1826909.7825], [993550.7838, 1826925.2611], [993541.4078, 1826939.9784], [993530.7848, 1826953.8226], [993518.9956, 1826966.6883], [993506.13, 1826978.4775], [993492.2858, 1826989.1005], [993477.5684, 1826998.4765], [993462.0899, 1827006.5341], [993445.968, 1827013.212], [993429.3254, 1827018.4594], [993412.2888, 1827022.2363], [993394.9879, 1827024.514], [993377.5543, 1827025.2752], [993360.1207, 1827024.514], [993342.8198, 1827022.2363], [993325.7832, 1827018.4594], [993309.1406, 1827013.212], [993293.0187, 1827006.5341], [993277.5402, 1826998.4765], [993262.8229, 1826989.1005], [993248.9787, 1826978.4775], [993236.113, 1826966.6883], [993224.3238, 1826953.8226], [993213.7008, 1826939.9784], [993204.3248, 1826925.2611], [993196.2672, 1826909.7825], [993189.5893, 1826893.6606], [993184.3419, 1826877.0181], [993180.565, 1826859.9815], [993178.2873, 1826842.6806], [993177.5261, 1826825.247], [993178.2873, 1826807.8134], [993180.565, 1826790.5124], [993184.3419, 1826773.4759], [993189.5893, 1826756.8333], [993196.2672, 1826740.7114], [993204.3248, 1826725.2329], [993213.7008, 1826710.5155], [993224.3238, 1826696.6713], [993236.113, 1826683.8057], [993248.9787, 1826672.0165], [993262.8229, 1826661.3935], [993277.5402, 1826652.0175], [993293.0187, 1826643.9599], [993309.1406, 1826637.2819], [993325.7832, 1826632.0346], [993342.8198, 1826628.2577], [993360.1207, 1826625.9799], [993377.5543, 1826625.2188], [993394.9879, 1826625.9799], [993412.2888, 1826628.2577], [993429.3254, 1826632.0346], [993445.968, 1826637.2819], [993462.0899, 1826643.9599], [993477.5684, 1826652.0175], [993492.2858, 1826661.3935], [993506.13, 1826672.0165], [993518.9956, 1826683.8057], [993530.7848, 1826696.6713], [993541.4078, 1826710.5155], [993550.7838, 1826725.2329], [993558.8414, 1826740.7114], [993565.5193, 1826756.8333], [993570.7667, 1826773.4759], [993574.5436, 1826790.5124], [993576.8213, 1826807.8134], [993577.5825, 1826825.247] ] ] }",2025-09-24
2018032,2017,자전거,30110001,대전광역시 동구1,대전광역시 동구 가양동(동부네거리 부근),5,5,0,0,5,0,36.351845,127.441839,"{ type: Polygon, coordinates: [ [ [994981.5001, 1817160.8958], [994980.7391, 1817178.3269], [994978.4617, 1817195.6254], [994974.6853, 1817212.6596], [994969.4387, 1817229.2998], [994962.7617, 1817245.4194], [994954.7052, 1817260.8958], [994945.3305, 1817275.6111], [994934.709, 1817289.4533], [994922.9215, 1817302.3171], [994910.0576, 1817314.1047], [994896.2154, 1817324.7262], [994881.5001, 1817334.1009], [994866.0238, 1817342.1573], [994849.9042, 1817348.8343], [994833.2639, 1817354.0809], [994816.2298, 1817357.8573], [994798.9313, 1817360.1347], [994781.5001, 1817360.8958], [994764.069, 1817360.1347], [994746.7705, 1817357.8573], [994729.7363, 1817354.0809], [994713.0961, 1817348.8343], [994696.9765, 1817342.1573], [994681.5001, 1817334.1009], [994666.7848, 1817324.7262], [994652.9426, 1817314.1047], [994640.0788, 1817302.3171], [994628.2912, 1817289.4533], [994617.6697, 1817275.6111], [994608.295, 1817260.8958], [994600.2386, 1817245.4194], [994593.5616, 1817229.2998], [994588.315, 1817212.6596], [994584.5386, 1817195.6254], [994582.2612, 1817178.3269], [994581.5001, 1817160.8958], [994582.2612, 1817143.4646], [994584.5386, 1817126.1661], [994588.315, 1817109.132], [994593.5616, 1817092.4917], [994600.2386, 1817076.3721], [994608.295, 1817060.8958], [994617.6697, 1817046.1805], [994628.2912, 1817032.3383], [994640.0788, 1817019.4744], [994652.9426, 1817007.6869], [994666.7848, 1816997.0654], [994681.5001, 1816987.6907], [994696.9765, 1816979.6342], [994713.0961, 1816972.9573], [994729.7363, 1816967.7106], [994746.7705, 1816963.9342], [994764.069, 1816961.6568], [994781.5001, 1816960.8958], [994798.9313, 1816961.6568], [994816.2298, 1816963.9342], [994833.2639, 1816967.7106], [994849.9042, 1816972.9573], [994866.0238, 1816979.6342], [994881.5001, 1816987.6907], [994896.2154, 1816997.0654], [994910.0576, 1817007.6869], [994922.9215, 1817019.4744], [994934.709, 1817032.3383], [994945.3305, 1817046.1805], [994954.7052, 1817060.8958], [994962.7617, 1817076.3721], [994969.4387, 1817092.4917], [994974.6853, 1817109.132], [994978.4617, 1817126.1661], [994980.7391, 1817143.4646], [994981.5001, 1817160.8958] ] ] }",2025-09-24
2018032,2017,자전거,30110002,대전광역시 동구2,대전광역시 동구 원동(원동네거리 부근),4,4,0,2,2,0,36.326999,127.435552,"{ type: Polygon, coordinates: [ [ [994415.5206, 1814405.3124], [994414.7596, 1814422.7436], [994412.4822, 1814440.0421], [994408.7058, 1814457.0762], [994403.4591, 1814473.7164], [994396.7822, 1814489.8361], [994388.7257, 1814505.3124], [994379.351, 1814520.0277], [994368.7295, 1814533.8699], [994356.942, 1814546.7338], [994344.0781, 1814558.5213], [994330.2359, 1814569.1428], [994315.5206, 1814578.5175], [994300.0443, 1814586.574], [994283.9246, 1814593.2509], [994267.2844, 1814598.4976], [994250.2503, 1814602.274], [994232.9518, 1814604.5514], [994215.5206, 1814605.3124], [994198.0895, 1814604.5514], [994180.791, 1814602.274], [994163.7568, 1814598.4976], [994147.1166, 1814593.2509], [994130.997, 1814586.574], [994115.5206, 1814578.5175], [994100.8053, 1814569.1428], [994086.9631, 1814558.5213], [994074.0993, 1814546.7338], [994062.3117, 1814533.8699], [994051.6902, 1814520.0277], [994042.3155, 1814505.3124], [994034.2591, 1814489.8361], [994027.5821, 1814473.7164], [994022.3355, 1814457.0762], [994018.5591, 1814440.0421], [994016.2817, 1814422.7436], [994015.5206, 1814405.3124], [994016.2817, 1814387.8813], [994018.5591, 1814370.5828], [994022.3355, 1814353.5486], [994027.5821, 1814336.9084], [994034.2591, 1814320.7888], [994042.3155, 1814305.3124], [994051.6902, 1814290.5971], [994062.3117, 1814276.7549], [994074.0993, 1814263.8911], [994086.9631, 1814252.1035], [994100.8053, 1814241.482], [994115.5206, 1814232.1073], [994130.997, 1814224.0509], [994147.1166, 1814217.3739], [994163.7568, 1814212.1273], [994180.791, 1814208.3509], [994198.0895, 1814206.0735], [994215.5206, 1814205.3124], [994232.9518, 1814206.0735], [994250.2503, 1814208.3509], [994267.2844, 1814212.1273], [994283.9246, 1814217.3739], [994300.0443, 1814224.0509], [994315.5206, 1814232.1073], [994330.2359, 1814241.482], [994344.0781, 1814252.1035], [994356.942, 1814263.8911], [994368.7295, 1814276.7549], [994379.351, 1814290.5971], [994388.7257, 1814305.3124], [994396.7822, 1814320.7888], [994403.4591, 1814336.9084], [994408.7058, 1814353.5486], [994412.4822, 1814370.5828], [994414.7596, 1814387.8813], [994415.5206, 1814405.3124] ] ] }",2025-09-24
2018032,2017,자전거,30110003,대전광역시 동구3,대전광역시 동구 용전동(SK에너지 행복두배주유소 부근),4,4,0,2,2,0,36.350777,127.432506,"{ type: Polygon, coordinates: [ [ [994144, 1817043], [994143.2389, 1817060.4311], [994140.9616, 1817077.7296], [994137.1852, 1817094.7638], [994131.9385, 1817111.404], [994125.2616, 1817127.5237], [994117.2051, 1817143], [994107.8304, 1817157.7153], [994097.2089, 1817171.5575], [994085.4214, 1817184.4214], [994072.5575, 1817196.2089], [994058.7153, 1817206.8304], [994044, 1817216.2051], [994028.5237, 1817224.2616], [994012.404, 1817230.9385], [993995.7638, 1817236.1852], [993978.7296, 1817239.9616], [993961.4311, 1817242.2389], [993944, 1817243], [993926.5689, 1817242.2389], [993909.2704, 1817239.9616], [993892.2362, 1817236.1852], [993875.596, 1817230.9385], [993859.4763, 1817224.2616], [993844, 1817216.2051], [993829.2847, 1817206.8304], [993815.4425, 1817196.2089], [993802.5786, 1817184.4214], [993790.7911, 1817171.5575], [993780.1696, 1817157.7153], [993770.7949, 1817143], [993762.7384, 1817127.5237], [993756.0615, 1817111.404], [993750.8148, 1817094.7638], [993747.0384, 1817077.7296], [993744.7611, 1817060.4311], [993744, 1817043], [993744.7611, 1817025.5689], [993747.0384, 1817008.2704], [993750.8148, 1816991.2362], [993756.0615, 1816974.596], [993762.7384, 1816958.4763], [993770.7949, 1816943], [993780.1696, 1816928.2847], [993790.7911, 1816914.4425], [993802.5786, 1816901.5786], [993815.4425, 1816889.7911], [993829.2847, 1816879.1696], [993844, 1816869.7949], [993859.4763, 1816861.7384], [993875.596, 1816855.0615], [993892.2362, 1816849.8148], [993909.2704, 1816846.0384], [993926.5689, 1816843.7611], [993944, 1816843], [993961.4311, 1816843.7611], [993978.7296, 1816846.0384], [993995.7638, 1816849.8148], [994012.404, 1816855.0615], [994028.5237, 1816861.7384], [994044, 1816869.7949], [994058.7153, 1816879.1696], [994072.5575, 1816889.7911], [994085.4214, 1816901.5786], [994097.2089, 1816914.4425], [994107.8304, 1816928.2847], [994117.2051, 1816943], [994125.2616, 1816958.4763], [994131.9385, 1816974.596], [994137.1852, 1816991.2362], [994140.9616, 1817008.2704], [994143.2389, 1817025.5689], [994144, 1817043] ] ] }",2025-09-24
2018032,2017,자전거,30170001,대전광역시 서구1,대전광역시 서구 둔산동(목련네거리 부근),7,7,0,1,5,1,36.349229,127.389813,"{ type: Polygon, coordinates: [ [ [990312.0047, 1816874.8414], [990311.2477, 1816892.1787], [990308.9826, 1816909.3841], [990305.2265, 1816926.3266], [990300.0081, 1816942.8772], [990293.3671, 1816958.9101], [990285.354, 1816974.3031], [990276.0298, 1816988.9392], [990265.4654, 1817002.7069], [990253.7414, 1817015.5015], [990240.9468, 1817027.2256], [990227.179, 1817037.7899], [990212.543, 1817047.1141], [990197.1499, 1817055.1272], [990181.1171, 1817061.7683], [990164.5664, 1817066.9866], [990147.624, 1817070.7427], [990130.4186, 1817073.0078], [990113.0813, 1817073.7648], [990095.744, 1817073.0078], [990078.5386, 1817070.7427], [990061.5961, 1817066.9866], [990045.0455, 1817061.7683], [990029.0126, 1817055.1272], [990013.6196, 1817047.1141], [989998.9835, 1817037.7899], [989985.2158, 1817027.2256], [989972.4212, 1817015.5015], [989960.6971, 1817002.7069], [989950.1328, 1816988.9392], [989940.8086, 1816974.3031], [989932.7954, 1816958.9101], [989926.1544, 1816942.8772], [989920.936, 1816926.3266], [989917.18, 1816909.3841], [989914.9148, 1816892.1787], [989914.1579, 1816874.8414], [989914.9148, 1816857.5041], [989917.18, 1816840.2987], [989920.936, 1816823.3562], [989926.1544, 1816806.8056], [989932.7954, 1816790.7727], [989940.8086, 1816775.3797], [989950.1328, 1816760.7436], [989960.6971, 1816746.9759], [989972.4212, 1816734.1813], [989985.2158, 1816722.4572], [989998.9835, 1816711.8929], [990013.6196, 1816702.5687], [990029.0126, 1816694.5556], [990045.0455, 1816687.9145], [990061.5961, 1816682.6962], [990078.5386, 1816678.9401], [990095.744, 1816676.675], [990113.0813, 1816675.918], [990130.4186, 1816676.675], [990147.624, 1816678.9401], [990164.5664, 1816682.6962], [990181.1171, 1816687.9145], [990197.1499, 1816694.5556], [990212.543, 1816702.5687], [990227.179, 1816711.8929], [990240.9468, 1816722.4572], [990253.7414, 1816734.1813], [990265.4654, 1816746.9759], [990276.0298, 1816760.7436], [990285.354, 1816775.3797], [990293.3671, 1816790.7727], [990300.0081, 1816806.8056], [990305.2265, 1816823.3562], [990308.9826, 1816840.2987], [990311.2477, 1816857.5041], [990312.0047, 1816874.8414] ] ] }",2025-09-24
2018032,2017,자전거,30170002,대전광역시 서구2,대전광역시 서구 만년동(만년네거리 부근),6,6,0,4,2,0,36.364979,127.378271,"{ type: Polygon, coordinates: [ [ [989279.6668, 1818623.0312], [989278.9058, 1818640.4624], [989276.6284, 1818657.7609], [989272.852, 1818674.7951], [989267.6054, 1818691.4353], [989260.9284, 1818707.5549], [989252.8719, 1818723.0312], [989243.4972, 1818737.7465], [989232.8757, 1818751.5888], [989221.0882, 1818764.4526], [989208.2244, 1818776.2401], [989194.3821, 1818786.8617], [989179.6668, 1818796.2363], [989164.1905, 1818804.2928], [989148.0709, 1818810.9698], [989131.4306, 1818816.2164], [989114.3965, 1818819.9928], [989097.098, 1818822.2702], [989079.6668, 1818823.0312], [989062.2357, 1818822.2702], [989044.9372, 1818819.9928], [989027.903, 1818816.2164], [989011.2628, 1818810.9698], [988995.1432, 1818804.2928], [988979.6668, 1818796.2363], [988964.9515, 1818786.8617], [988951.1093, 1818776.2401], [988938.2455, 1818764.4526], [988926.4579, 1818751.5888], [988915.8364, 1818737.7465], [988906.4618, 1818723.0312], [988898.4053, 1818707.5549], [988891.7283, 1818691.4353], [988886.4817, 1818674.7951], [988882.7053, 1818657.7609], [988880.4279, 1818640.4624], [988879.6668, 1818623.0312], [988880.4279, 1818605.6001], [988882.7053, 1818588.3016], [988886.4817, 1818571.2674], [988891.7283, 1818554.6272], [988898.4053, 1818538.5076], [988906.4618, 1818523.0312], [988915.8364, 1818508.316], [988926.4579, 1818494.4737], [988938.2455, 1818481.6099], [988951.1093, 1818469.8224], [988964.9515, 1818459.2008], [988979.6668, 1818449.8262], [988995.1432, 1818441.7697], [989011.2628, 1818435.0927], [989027.903, 1818429.8461], [989044.9372, 1818426.0697], [989062.2357, 1818423.7923], [989079.6668, 1818423.0312], [989097.098, 1818423.7923], [989114.3965, 1818426.0697], [989131.4306, 1818429.8461], [989148.0709, 1818435.0927], [989164.1905, 1818441.7697], [989179.6668, 1818449.8262], [989194.3821, 1818459.2008], [989208.2244, 1818469.8224], [989221.0882, 1818481.6099], [989232.8757, 1818494.4737], [989243.4972, 1818508.316], [989252.8719, 1818523.0312], [989260.9284, 1818538.5076], [989267.6054, 1818554.6272], [989272.852, 1818571.2674], [989276.6284, 1818588.3016], [989278.9058, 1818605.6001], [989279.6668, 1818623.0312] ] ] }",2025-09-24
2018032,2017,자전거,30170003,대전광역시 서구3,대전광역시 서구 둔산동(삼천교네거리 부근),5,5,0,2,3,0,36.349034,127.401392,"{ type: Polygon, coordinates: [ [ [991352, 1816852], [991351.2389, 1816869.4311], [991348.9616, 1816886.7296], [991345.1852, 1816903.7638], [991339.9385, 1816920.404], [991333.2616, 1816936.5237], [991325.2051, 1816952], [991315.8304, 1816966.7153], [991305.2089, 1816980.5575], [991293.4214, 1816993.4214], [991280.5575, 1817005.2089], [991266.7153, 1817015.8304], [991252, 1817025.2051], [991236.5237, 1817033.2616], [991220.404, 1817039.9385], [991203.7638, 1817045.1852], [991186.7296, 1817048.9616], [991169.4311, 1817051.2389], [991152, 1817052], [991134.5689, 1817051.2389], [991117.2704, 1817048.9616], [991100.2362, 1817045.1852], [991083.596, 1817039.9385], [991067.4763, 1817033.2616], [991052, 1817025.2051], [991037.2847, 1817015.8304], [991023.4425, 1817005.2089], [991010.5786, 1816993.4214], [990998.7911, 1816980.5575], [990988.1696, 1816966.7153], [990978.7949, 1816952], [990970.7384, 1816936.5237], [990964.0615, 1816920.404], [990958.8148, 1816903.7638], [990955.0384, 1816886.7296], [990952.7611, 1816869.4311], [990952, 1816852], [990952.7611, 1816834.5689], [990955.0384, 1816817.2704], [990958.8148, 1816800.2362], [990964.0615, 1816783.596], [990970.7384, 1816767.4763], [990978.7949, 1816752], [990988.1696, 1816737.2847], [990998.7911, 1816723.4425], [991010.5786, 1816710.5786], [991023.4425, 1816698.7911], [991037.2847, 1816688.1696], [991052, 1816678.7949], [991067.4763, 1816670.7384], [991083.596, 1816664.0615], [991100.2362, 1816658.8148], [991117.2704, 1816655.0384], [991134.5689, 1816652.7611], [991152, 1816652], [991169.4311, 1816652.7611], [991186.7296, 1816655.0384], [991203.7638, 1816658.8148], [991220.404, 1816664.0615], [991236.5237, 1816670.7384], [991252, 1816678.7949], [991266.7153, 1816688.1696], [991280.5575, 1816698.7911], [991293.4214, 1816710.5786], [991305.2089, 1816723.4425], [991315.8304, 1816737.2847], [991325.2051, 1816752], [991333.2616, 1816767.4763], [991339.9385, 1816783.596], [991345.1852, 1816800.2362], [991348.9616, 1816817.2704], [991351.2389, 1816834.5689], [991352, 1816852] ] ] }",2025-09-24
2018032,2017,자전거,30170004,대전광역시 서구4,대전광역시 서구 둔산동(시청역네거리 부근),4,4,0,1,3,0,36.351393,127.387563,"{ type: Polygon, coordinates: [ [ [990111.4684, 1817115.0835], [990110.7073, 1817132.5146], [990108.4299, 1817149.8131], [990104.6535, 1817166.8473], [990099.4069, 1817183.4875], [990092.7299, 1817199.6071], [990084.6735, 1817215.0835], [990075.2988, 1817229.7988], [990064.6773, 1817243.641], [990052.8897, 1817256.5048], [990040.0259, 1817268.2924], [990026.1837, 1817278.9139], [990011.4684, 1817288.2886], [989995.992, 1817296.345], [989979.8724, 1817303.022], [989963.2322, 1817308.2686], [989946.198, 1817312.045], [989928.8995, 1817314.3224], [989911.4684, 1817315.0835], [989894.0372, 1817314.3224], [989876.7387, 1817312.045], [989859.7046, 1817308.2686], [989843.0643, 1817303.022], [989826.9447, 1817296.345], [989811.4684, 1817288.2886], [989796.7531, 1817278.9139], [989782.9109, 1817268.2924], [989770.047, 1817256.5048], [989758.2595, 1817243.641], [989747.638, 1817229.7988], [989738.2633, 1817215.0835], [989730.2068, 1817199.6071], [989723.5299, 1817183.4875], [989718.2832, 1817166.8473], [989714.5068, 1817149.8131], [989712.2294, 1817132.5146], [989711.4684, 1817115.0835], [989712.2294, 1817097.6523], [989714.5068, 1817080.3538], [989718.2832, 1817063.3197], [989723.5299, 1817046.6795], [989730.2068, 1817030.5598], [989738.2633, 1817015.0835], [989747.638, 1817000.3682], [989758.2595, 1816986.526], [989770.047, 1816973.6621], [989782.9109, 1816961.8746], [989796.7531, 1816951.2531], [989811.4684, 1816941.8784], [989826.9447, 1816933.8219], [989843.0643, 1816927.145], [989859.7046, 1816921.8983], [989876.7387, 1816918.1219], [989894.0372, 1816915.8445], [989911.4684, 1816915.0835], [989928.8995, 1816915.8445], [989946.198, 1816918.1219], [989963.2322, 1816921.8983], [989979.8724, 1816927.145], [989995.992, 1816933.8219], [990011.4684, 1816941.8784], [990026.1837, 1816951.2531], [990040.0259, 1816961.8746], [990052.8897, 1816973.6621], [990064.6773, 1816986.526], [990075.2988, 1817000.3682], [990084.6735, 1817015.0835], [990092.7299, 1817030.5598], [990099.4069, 1817046.6795], [990104.6535, 1817063.3197], [990108.4299, 1817080.3538], [990110.7073, 1817097.6523], [990111.4684, 1817115.0835] ] ] }",2025-09-24
2018032,2017,자전거,30200001,대전광역시 유성구1,대전광역시 유성구 봉명동(스승의공원 부근),7,7,0,2,4,1,36.356564,127.342367,"{ type: Polygon, coordinates: [ [ [986057.1252, 1817694.3127], [986056.3642, 1817711.7438], [986054.0868, 1817729.0423], [986050.3104, 1817746.0765], [986045.0637, 1817762.7167], [986038.3868, 1817778.8363], [986030.3303, 1817794.3127], [986020.9556, 1817809.028], [986010.3341, 1817822.8702], [985998.5466, 1817835.734], [985985.6827, 1817847.5216], [985971.8405, 1817858.1431], [985957.1252, 1817867.5178], [985941.6489, 1817875.5742], [985925.5293, 1817882.2512], [985908.889, 1817887.4978], [985891.8549, 1817891.2742], [985874.5564, 1817893.5516], [985857.1252, 1817894.3127], [985839.6941, 1817893.5516], [985822.3956, 1817891.2742], [985805.3614, 1817887.4978], [985788.7212, 1817882.2512], [985772.6016, 1817875.5742], [985757.1252, 1817867.5178], [985742.4099, 1817858.1431], [985728.5677, 1817847.5216], [985715.7039, 1817835.734], [985703.9163, 1817822.8702], [985693.2948, 1817809.028], [985683.9201, 1817794.3127], [985675.8637, 1817778.8363], [985669.1867, 1817762.7167], [985663.9401, 1817746.0765], [985660.1637, 1817729.0423], [985657.8863, 1817711.7438], [985657.1252, 1817694.3127], [985657.8863, 1817676.8815], [985660.1637, 1817659.583], [985663.9401, 1817642.5489], [985669.1867, 1817625.9086], [985675.8637, 1817609.789], [985683.9201, 1817594.3127], [985693.2948, 1817579.5974], [985703.9163, 1817565.7552], [985715.7039, 1817552.8913], [985728.5677, 1817541.1038], [985742.4099, 1817530.4823], [985757.1252, 1817521.1076], [985772.6016, 1817513.0511], [985788.7212, 1817506.3742], [985805.3614, 1817501.1275], [985822.3956, 1817497.3511], [985839.6941, 1817495.0737], [985857.1252, 1817494.3127], [985874.5564, 1817495.0737], [985891.8549, 1817497.3511], [985908.889, 1817501.1275], [985925.5293, 1817506.3742], [985941.6489, 1817513.0511], [985957.1252, 1817521.1076], [985971.8405, 1817530.4823], [985985.6827, 1817541.1038], [985998.5466, 1817552.8913], [986010.3341, 1817565.7552], [986020.9556, 1817579.5974], [986030.3303, 1817594.3127], [986038.3868, 1817609.789], [986045.0637, 1817625.9086], [986050.3104, 1817642.5489], [986054.0868, 1817659.583], [986056.3642, 1817676.8815], [986057.1252, 1817694.3127] ] ] }",2025-09-24
2018032,2017,자전거,30230001,대전광역시 대덕구1,대전광역시 대덕구 법동(대덕프라자 앞사거리 부근),4,4,0,2,2,0,36.371013,127.428933,"{ type: Polygon, coordinates: [ [ [993825, 1819287.8], [993824.2389, 1819305.2311], [993821.9616, 1819322.5296], [993818.1852, 1819339.5638], [993812.9385, 1819356.204], [993806.2616, 1819372.3237], [993798.2051, 1819387.8], [993788.8304, 1819402.5153], [993778.2089, 1819416.3575], [993766.4214, 1819429.2214], [993753.5575, 1819441.0089], [993739.7153, 1819451.6304], [993725, 1819461.0051], [993709.5237, 1819469.0616], [993693.404, 1819475.7385], [993676.7638, 1819480.9852], [993659.7296, 1819484.7616], [993642.4311, 1819487.0389], [993625, 1819487.8], [993607.5689, 1819487.0389], [993590.2704, 1819484.7616], [993573.2362, 1819480.9852], [993556.596, 1819475.7385], [993540.4763, 1819469.0616], [993525, 1819461.0051], [993510.2847, 1819451.6304], [993496.4425, 1819441.0089], [993483.5786, 1819429.2214], [993471.7911, 1819416.3575], [993461.1696, 1819402.5153], [993451.7949, 1819387.8], [993443.7384, 1819372.3237], [993437.0615, 1819356.204], [993431.8148, 1819339.5638], [993428.0384, 1819322.5296], [993425.7611, 1819305.2311], [993425, 1819287.8], [993425.7611, 1819270.3689], [993428.0384, 1819253.0704], [993431.8148, 1819236.0362], [993437.0615, 1819219.396], [993443.7384, 1819203.2763], [993451.7949, 1819187.8], [993461.1696, 1819173.0847], [993471.7911, 1819159.2425], [993483.5786, 1819146.3786], [993496.4425, 1819134.5911], [993510.2847, 1819123.9696], [993525, 1819114.5949], [993540.4763, 1819106.5384], [993556.596, 1819099.8615], [993573.2362, 1819094.6148], [993590.2704, 1819090.8384], [993607.5689, 1819088.5611], [993625, 1819087.8], [993642.4311, 1819088.5611], [993659.7296, 1819090.8384], [993676.7638, 1819094.6148], [993693.404, 1819099.8615], [993709.5237, 1819106.5384], [993725, 1819114.5949], [993739.7153, 1819123.9696], [993753.5575, 1819134.5911], [993766.4214, 1819146.3786], [993778.2089, 1819159.2425], [993788.8304, 1819173.0847], [993798.2051, 1819187.8], [993806.2616, 1819203.2763], [993812.9385, 1819219.396], [993818.1852, 1819236.0362], [993821.9616, 1819253.0704], [993824.2389, 1819270.3689], [993825, 1819287.8] ] ] }",2025-09-24
2018032,2017,자전거,30230002,대전광역시 대덕구2,대전광역시 대덕구 오정동(오정네거리 부근),4,4,0,1,3,0,36.358395,127.414945,"{ type: Polygon, coordinates: [ [ [992569.052, 1817889.2084], [992568.2909, 1817906.6396], [992566.0135, 1817923.9381], [992562.2372, 1817940.9723], [992556.9905, 1817957.6125], [992550.3135, 1817973.7321], [992542.2571, 1817989.2084], [992532.8824, 1818003.9237], [992522.2609, 1818017.766], [992510.4733, 1818030.6298], [992497.6095, 1818042.4173], [992483.7673, 1818053.0389], [992469.052, 1818062.4135], [992453.5756, 1818070.47], [992437.456, 1818077.147], [992420.8158, 1818082.3936], [992403.7816, 1818086.17], [992386.4831, 1818088.4474], [992369.052, 1818089.2084], [992351.6208, 1818088.4474], [992334.3223, 1818086.17], [992317.2882, 1818082.3936], [992300.648, 1818077.147], [992284.5283, 1818070.47], [992269.052, 1818062.4135], [992254.3367, 1818053.0389], [992240.4945, 1818042.4173], [992227.6306, 1818030.6298], [992215.8431, 1818017.766], [992205.2216, 1818003.9237], [992195.8469, 1817989.2084], [992187.7904, 1817973.7321], [992181.1135, 1817957.6125], [992175.8668, 1817940.9723], [992172.0904, 1817923.9381], [992169.813, 1817906.6396], [992169.052, 1817889.2084], [992169.813, 1817871.7773], [992172.0904, 1817854.4788], [992175.8668, 1817837.4446], [992181.1135, 1817820.8044], [992187.7904, 1817804.6848], [992195.8469, 1817789.2084], [992205.2216, 1817774.4932], [992215.8431, 1817760.6509], [992227.6306, 1817747.7871], [992240.4945, 1817735.9996], [992254.3367, 1817725.378], [992269.052, 1817716.0034], [992284.5283, 1817707.9469], [992300.648, 1817701.2699], [992317.2882, 1817696.0233], [992334.3223, 1817692.2469], [992351.6208, 1817689.9695], [992369.052, 1817689.2084], [992386.4831, 1817689.9695], [992403.7816, 1817692.2469], [992420.8158, 1817696.0233], [992437.456, 1817701.2699], [992453.5756, 1817707.9469], [992469.052, 1817716.0034], [992483.7673, 1817725.378], [992497.6095, 1817735.9996], [992510.4733, 1817747.7871], [992522.2609, 1817760.6509], [992532.8824, 1817774.4932], [992542.2571, 1817789.2084], [992550.3135, 1817804.6848], [992556.9905, 1817820.8044], [992562.2372, 1817837.4446], [992566.0135, 1817854.4788], [992568.2909, 1817871.7773], [992569.052, 1817889.2084] ] ] }",2025-09-24
2018032,2017,자전거,30230003,대전광역시 대덕구3,대전광역시 대덕구 읍내동(읍내네거리 부근),4,4,0,1,3,0,36.37311,127.420447,"{ type: Polygon, coordinates: [ [ [993064, 1819521], [993063.2389, 1819538.4311], [993060.9616, 1819555.7296], [993057.1852, 1819572.7638], [993051.9385, 1819589.404], [993045.2616, 1819605.5237], [993037.2051, 1819621], [993027.8304, 1819635.7153], [993017.2089, 1819649.5575], [993005.4214, 1819662.4214], [992992.5575, 1819674.2089], [992978.7153, 1819684.8304], [992964, 1819694.2051], [992948.5237, 1819702.2616], [992932.404, 1819708.9385], [992915.7638, 1819714.1852], [992898.7296, 1819717.9616], [992881.4311, 1819720.2389], [992864, 1819721], [992846.5689, 1819720.2389], [992829.2704, 1819717.9616], [992812.2362, 1819714.1852], [992795.596, 1819708.9385], [992779.4763, 1819702.2616], [992764, 1819694.2051], [992749.2847, 1819684.8304], [992735.4425, 1819674.2089], [992722.5786, 1819662.4214], [992710.7911, 1819649.5575], [992700.1696, 1819635.7153], [992690.7949, 1819621], [992682.7384, 1819605.5237], [992676.0615, 1819589.404], [992670.8148, 1819572.7638], [992667.0384, 1819555.7296], [992664.7611, 1819538.4311], [992664, 1819521], [992664.7611, 1819503.5689], [992667.0384, 1819486.2704], [992670.8148, 1819469.2362], [992676.0615, 1819452.596], [992682.7384, 1819436.4763], [992690.7949, 1819421], [992700.1696, 1819406.2847], [992710.7911, 1819392.4425], [992722.5786, 1819379.5786], [992735.4425, 1819367.7911], [992749.2847, 1819357.1696], [992764, 1819347.7949], [992779.4763, 1819339.7384], [992795.596, 1819333.0615], [992812.2362, 1819327.8148], [992829.2704, 1819324.0384], [992846.5689, 1819321.7611], [992864, 1819321], [992881.4311, 1819321.7611], [992898.7296, 1819324.0384], [992915.7638, 1819327.8148], [992932.404, 1819333.0615], [992948.5237, 1819339.7384], [992964, 1819347.7949], [992978.7153, 1819357.1696], [992992.5575, 1819367.7911], [993005.4214, 1819379.5786], [993017.2089, 1819392.4425], [993027.8304, 1819406.2847], [993037.2051, 1819421], [993045.2616, 1819436.4763], [993051.9385, 1819452.596], [993057.1852, 1819469.2362], [993060.9616, 1819486.2704], [993063.2389, 1819503.5689], [993064, 1819521] ] ] }",2025-09-24
2019036,2018,보행노인,30110001,대전광역시 동구1,대전광역시 동구 정동(동해당약국 부근),5,5,0,3,2,0,36.332072,127.431988,"{ type: Polygon, coordinates: [ [ [994096.0003, 1814968.1982], [994095.2392, 1814985.6294], [994092.9618, 1815002.9278], [994089.1854, 1815019.962], [994083.9388, 1815036.6022], [994077.2618, 1815052.7219], [994069.2053, 1815068.1982], [994059.8307, 1815082.9135], [994049.2091, 1815096.7557], [994037.4216, 1815109.6196], [994024.5578, 1815121.4071], [994010.7155, 1815132.0286], [993996.0003, 1815141.4033], [993980.5239, 1815149.4598], [993964.4043, 1815156.1367], [993947.7641, 1815161.3834], [993930.7299, 1815165.1598], [993913.4314, 1815167.4371], [993896.0003, 1815168.1982], [993878.5691, 1815167.4371], [993861.2706, 1815165.1598], [993844.2364, 1815161.3834], [993827.5962, 1815156.1367], [993811.4766, 1815149.4598], [993796.0003, 1815141.4033], [993781.285, 1815132.0286], [993767.4427, 1815121.4071], [993754.5789, 1815109.6196], [993742.7914, 1815096.7557], [993732.1698, 1815082.9135], [993722.7952, 1815068.1982], [993714.7387, 1815052.7219], [993708.0617, 1815036.6022], [993702.8151, 1815019.962], [993699.0387, 1815002.9278], [993696.7613, 1814985.6294], [993696.0003, 1814968.1982], [993696.7613, 1814950.7671], [993699.0387, 1814933.4686], [993702.8151, 1814916.4344], [993708.0617, 1814899.7942], [993714.7387, 1814883.6746], [993722.7952, 1814868.1982], [993732.1698, 1814853.4829], [993742.7914, 1814839.6407], [993754.5789, 1814826.7768], [993767.4427, 1814814.9893], [993781.285, 1814804.3678], [993796.0003, 1814794.9931], [993811.4766, 1814786.9366], [993827.5962, 1814780.2597], [993844.2364, 1814775.013], [993861.2706, 1814771.2367], [993878.5691, 1814768.9593], [993896.0003, 1814768.1982], [993913.4314, 1814768.9593], [993930.7299, 1814771.2367], [993947.7641, 1814775.013], [993964.4043, 1814780.2597], [993980.5239, 1814786.9366], [993996.0003, 1814794.9931], [994010.7155, 1814804.3678], [994024.5578, 1814814.9893], [994037.4216, 1814826.7768], [994049.2091, 1814839.6407], [994059.8307, 1814853.4829], [994069.2053, 1814868.1982], [994077.2618, 1814883.6746], [994083.9388, 1814899.7942], [994089.1854, 1814916.4344], [994092.9618, 1814933.4686], [994095.2392, 1814950.7671], [994096.0003, 1814968.1982] ] ] }",2025-09-24
2019036,2018,보행노인,30110002,대전광역시 동구2,대전광역시 동구 성남동(대덕약국 부근),4,4,0,3,1,0,36.348859,127.435718,"{ type: Polygon, coordinates: [ [ [994432, 1816830], [994431.2389, 1816847.4311], [994428.9616, 1816864.7296], [994425.1852, 1816881.7638], [994419.9385, 1816898.404], [994413.2616, 1816914.5237], [994405.2051, 1816930], [994395.8304, 1816944.7153], [994385.2089, 1816958.5575], [994373.4214, 1816971.4214], [994360.5575, 1816983.2089], [994346.7153, 1816993.8304], [994332, 1817003.2051], [994316.5237, 1817011.2616], [994300.404, 1817017.9385], [994283.7638, 1817023.1852], [994266.7296, 1817026.9616], [994249.4311, 1817029.2389], [994232, 1817030], [994214.5689, 1817029.2389], [994197.2704, 1817026.9616], [994180.2362, 1817023.1852], [994163.596, 1817017.9385], [994147.4763, 1817011.2616], [994132, 1817003.2051], [994117.2847, 1816993.8304], [994103.4425, 1816983.2089], [994090.5786, 1816971.4214], [994078.7911, 1816958.5575], [994068.1696, 1816944.7153], [994058.7949, 1816930], [994050.7384, 1816914.5237], [994044.0615, 1816898.404], [994038.8148, 1816881.7638], [994035.0384, 1816864.7296], [994032.7611, 1816847.4311], [994032, 1816830], [994032.7611, 1816812.5689], [994035.0384, 1816795.2704], [994038.8148, 1816778.2362], [994044.0615, 1816761.596], [994050.7384, 1816745.4763], [994058.7949, 1816730], [994068.1696, 1816715.2847], [994078.7911, 1816701.4425], [994090.5786, 1816688.5786], [994103.4425, 1816676.7911], [994117.2847, 1816666.1696], [994132, 1816656.7949], [994147.4763, 1816648.7384], [994163.596, 1816642.0615], [994180.2362, 1816636.8148], [994197.2704, 1816633.0384], [994214.5689, 1816630.7611], [994232, 1816630], [994249.4311, 1816630.7611], [994266.7296, 1816633.0384], [994283.7638, 1816636.8148], [994300.404, 1816642.0615], [994316.5237, 1816648.7384], [994332, 1816656.7949], [994346.7153, 1816666.1696], [994360.5575, 1816676.7911], [994373.4214, 1816688.5786], [994385.2089, 1816701.4425], [994395.8304, 1816715.2847], [994405.2051, 1816730], [994413.2616, 1816745.4763], [994419.9385, 1816761.596], [994425.1852, 1816778.2362], [994428.9616, 1816795.2704], [994431.2389, 1816812.5689], [994432, 1816830] ] ] }",2025-09-24
2019036,2018,보행노인,30110003,대전광역시 동구3,대전광역시 동구 가양동(경동사대전지점 부근),3,6,1,2,3,0,36.349181,127.443381,"{ type: Polygon, coordinates: [ [ [995119.6146, 1816865.3749], [995118.8535, 1816882.8061], [995116.5761, 1816900.1045], [995112.7998, 1816917.1387], [995107.5531, 1816933.7789], [995100.8762, 1816949.8986], [995092.8197, 1816965.3749], [995083.445, 1816980.0902], [995072.8235, 1816993.9324], [995061.036, 1817006.7963], [995048.1721, 1817018.5838], [995034.3299, 1817029.2053], [995019.6146, 1817038.58], [995004.1382, 1817046.6365], [994988.0186, 1817053.3134], [994971.3784, 1817058.5601], [994954.3442, 1817062.3365], [994937.0457, 1817064.6138], [994919.6146, 1817065.3749], [994902.1834, 1817064.6138], [994884.885, 1817062.3365], [994867.8508, 1817058.5601], [994851.2106, 1817053.3134], [994835.0909, 1817046.6365], [994819.6146, 1817038.58], [994804.8993, 1817029.2053], [994791.0571, 1817018.5838], [994778.1932, 1817006.7963], [994766.4057, 1816993.9324], [994755.7842, 1816980.0902], [994746.4095, 1816965.3749], [994738.353, 1816949.8986], [994731.6761, 1816933.7789], [994726.4294, 1816917.1387], [994722.653, 1816900.1045], [994720.3757, 1816882.8061], [994719.6146, 1816865.3749], [994720.3757, 1816847.9438], [994722.653, 1816830.6453], [994726.4294, 1816813.6111], [994731.6761, 1816796.9709], [994738.353, 1816780.8513], [994746.4095, 1816765.3749], [994755.7842, 1816750.6596], [994766.4057, 1816736.8174], [994778.1932, 1816723.9535], [994791.0571, 1816712.166], [994804.8993, 1816701.5445], [994819.6146, 1816692.1698], [994835.0909, 1816684.1133], [994851.2106, 1816677.4364], [994867.8508, 1816672.1897], [994884.885, 1816668.4134], [994902.1834, 1816666.136], [994919.6146, 1816665.3749], [994937.0457, 1816666.136], [994954.3442, 1816668.4134], [994971.3784, 1816672.1897], [994988.0186, 1816677.4364], [995004.1382, 1816684.1133], [995019.6146, 1816692.1698], [995034.3299, 1816701.5445], [995048.1721, 1816712.166], [995061.036, 1816723.9535], [995072.8235, 1816736.8174], [995083.445, 1816750.6596], [995092.8197, 1816765.3749], [995100.8762, 1816780.8513], [995107.5531, 1816796.9709], [995112.7998, 1816813.6111], [995116.5761, 1816830.6453], [995118.8535, 1816847.9438], [995119.6146, 1816865.3749] ] ] }",2025-09-24
2019036,2018,보행노인,30110004,대전광역시 동구4,대전광역시 동구 용운동(용운국제수영장입구 부근),3,3,0,3,0,0,36.324187,127.465128,"{ type: Polygon, coordinates: [ [ [997070, 1814092], [997069.2389, 1814109.4311], [997066.9616, 1814126.7296], [997063.1852, 1814143.7638], [997057.9385, 1814160.404], [997051.2616, 1814176.5237], [997043.2051, 1814192], [997033.8304, 1814206.7153], [997023.2089, 1814220.5575], [997011.4214, 1814233.4214], [996998.5575, 1814245.2089], [996984.7153, 1814255.8304], [996970, 1814265.2051], [996954.5237, 1814273.2616], [996938.404, 1814279.9385], [996921.7638, 1814285.1852], [996904.7296, 1814288.9616], [996887.4311, 1814291.2389], [996870, 1814292], [996852.5689, 1814291.2389], [996835.2704, 1814288.9616], [996818.2362, 1814285.1852], [996801.596, 1814279.9385], [996785.4763, 1814273.2616], [996770, 1814265.2051], [996755.2847, 1814255.8304], [996741.4425, 1814245.2089], [996728.5786, 1814233.4214], [996716.7911, 1814220.5575], [996706.1696, 1814206.7153], [996696.7949, 1814192], [996688.7384, 1814176.5237], [996682.0615, 1814160.404], [996676.8148, 1814143.7638], [996673.0384, 1814126.7296], [996670.7611, 1814109.4311], [996670, 1814092], [996670.7611, 1814074.5689], [996673.0384, 1814057.2704], [996676.8148, 1814040.2362], [996682.0615, 1814023.596], [996688.7384, 1814007.4763], [996696.7949, 1813992], [996706.1696, 1813977.2847], [996716.7911, 1813963.4425], [996728.5786, 1813950.5786], [996741.4425, 1813938.7911], [996755.2847, 1813928.1696], [996770, 1813918.7949], [996785.4763, 1813910.7384], [996801.596, 1813904.0615], [996818.2362, 1813898.8148], [996835.2704, 1813895.0384], [996852.5689, 1813892.7611], [996870, 1813892], [996887.4311, 1813892.7611], [996904.7296, 1813895.0384], [996921.7638, 1813898.8148], [996938.404, 1813904.0615], [996954.5237, 1813910.7384], [996970, 1813918.7949], [996984.7153, 1813928.1696], [996998.5575, 1813938.7911], [997011.4214, 1813950.5786], [997023.2089, 1813963.4425], [997033.8304, 1813977.2847], [997043.2051, 1813992], [997051.2616, 1814007.4763], [997057.9385, 1814023.596], [997063.1852, 1814040.2362], [997066.9616, 1814057.2704], [997069.2389, 1814074.5689], [997070, 1814092] ] ] }",2025-09-24
2019036,2018,보행노인,30110005,대전광역시 동구5,대전광역시 동구 가오동(가오동네거리 부근),3,3,0,1,1,1,36.304754,127.45343,"{ type: Polygon, coordinates: [ [ [996019, 1811937], [996018.2389, 1811954.4311], [996015.9616, 1811971.7296], [996012.1852, 1811988.7638], [996006.9385, 1812005.404], [996000.2616, 1812021.5237], [995992.2051, 1812037], [995982.8304, 1812051.7153], [995972.2089, 1812065.5575], [995960.4214, 1812078.4214], [995947.5575, 1812090.2089], [995933.7153, 1812100.8304], [995919, 1812110.2051], [995903.5237, 1812118.2616], [995887.404, 1812124.9385], [995870.7638, 1812130.1852], [995853.7296, 1812133.9616], [995836.4311, 1812136.2389], [995819, 1812137], [995801.5689, 1812136.2389], [995784.2704, 1812133.9616], [995767.2362, 1812130.1852], [995750.596, 1812124.9385], [995734.4763, 1812118.2616], [995719, 1812110.2051], [995704.2847, 1812100.8304], [995690.4425, 1812090.2089], [995677.5786, 1812078.4214], [995665.7911, 1812065.5575], [995655.1696, 1812051.7153], [995645.7949, 1812037], [995637.7384, 1812021.5237], [995631.0615, 1812005.404], [995625.8148, 1811988.7638], [995622.0384, 1811971.7296], [995619.7611, 1811954.4311], [995619, 1811937], [995619.7611, 1811919.5689], [995622.0384, 1811902.2704], [995625.8148, 1811885.2362], [995631.0615, 1811868.596], [995637.7384, 1811852.4763], [995645.7949, 1811837], [995655.1696, 1811822.2847], [995665.7911, 1811808.4425], [995677.5786, 1811795.5786], [995690.4425, 1811783.7911], [995704.2847, 1811773.1696], [995719, 1811763.7949], [995734.4763, 1811755.7384], [995750.596, 1811749.0615], [995767.2362, 1811743.8148], [995784.2704, 1811740.0384], [995801.5689, 1811737.7611], [995819, 1811737], [995836.4311, 1811737.7611], [995853.7296, 1811740.0384], [995870.7638, 1811743.8148], [995887.404, 1811749.0615], [995903.5237, 1811755.7384], [995919, 1811763.7949], [995933.7153, 1811773.1696], [995947.5575, 1811783.7911], [995960.4214, 1811795.5786], [995972.2089, 1811808.4425], [995982.8304, 1811822.2847], [995992.2051, 1811837], [996000.2616, 1811852.4763], [996006.9385, 1811868.596], [996012.1852, 1811885.2362], [996015.9616, 1811902.2704], [996018.2389, 1811919.5689], [996019, 1811937] ] ] }",2025-09-24
2019036,2018,보행노인,30110006,대전광역시 동구6,대전광역시 동구 삼성동(솔브릿지국제대학입구 부근),2,2,1,1,0,0,36.339302,127.43295,"{ type: Polygon, coordinates: [ [ [994182.9572, 1815770.084], [994182.1962, 1815787.5151], [994179.9188, 1815804.8136], [994176.1424, 1815821.8478], [994170.8958, 1815838.488], [994164.2188, 1815854.6076], [994156.1623, 1815870.084], [994146.7877, 1815884.7993], [994136.1661, 1815898.6415], [994124.3786, 1815911.5053], [994111.5148, 1815923.2929], [994097.6725, 1815933.9144], [994082.9572, 1815943.2891], [994067.4809, 1815951.3455], [994051.3613, 1815958.0225], [994034.7211, 1815963.2692], [994017.6869, 1815967.0455], [994000.3884, 1815969.3229], [993982.9572, 1815970.084], [993965.5261, 1815969.3229], [993948.2276, 1815967.0455], [993931.1934, 1815963.2692], [993914.5532, 1815958.0225], [993898.4336, 1815951.3455], [993882.9572, 1815943.2891], [993868.242, 1815933.9144], [993854.3997, 1815923.2929], [993841.5359, 1815911.5053], [993829.7484, 1815898.6415], [993819.1268, 1815884.7993], [993809.7522, 1815870.084], [993801.6957, 1815854.6076], [993795.0187, 1815838.488], [993789.7721, 1815821.8478], [993785.9957, 1815804.8136], [993783.7183, 1815787.5151], [993782.9572, 1815770.084], [993783.7183, 1815752.6528], [993785.9957, 1815735.3544], [993789.7721, 1815718.3202], [993795.0187, 1815701.68], [993801.6957, 1815685.5603], [993809.7522, 1815670.084], [993819.1268, 1815655.3687], [993829.7484, 1815641.5265], [993841.5359, 1815628.6626], [993854.3997, 1815616.8751], [993868.242, 1815606.2536], [993882.9572, 1815596.8789], [993898.4336, 1815588.8224], [993914.5532, 1815582.1455], [993931.1934, 1815576.8988], [993948.2276, 1815573.1224], [993965.5261, 1815570.845], [993982.9572, 1815570.084], [994000.3884, 1815570.845], [994017.6869, 1815573.1224], [994034.7211, 1815576.8988], [994051.3613, 1815582.1455], [994067.4809, 1815588.8224], [994082.9572, 1815596.8789], [994097.6725, 1815606.2536], [994111.5148, 1815616.8751], [994124.3786, 1815628.6626], [994136.1661, 1815641.5265], [994146.7877, 1815655.3687], [994156.1623, 1815670.084], [994164.2188, 1815685.5603], [994170.8958, 1815701.68], [994176.1424, 1815718.3202], [994179.9188, 1815735.3544], [994182.1962, 1815752.6528], [994182.9572, 1815770.084] ] ] }",2025-09-24
2019036,2018,보행노인,30140001,대전광역시 중구1,대전광역시 중구 용두동(서대전네거리역 부근),3,4,0,3,1,0,36.322663,127.412588,"{ type: Polygon, coordinates: [ [ [992354, 1813926], [992353.2389, 1813943.4311], [992350.9616, 1813960.7296], [992347.1852, 1813977.7638], [992341.9385, 1813994.404], [992335.2616, 1814010.5237], [992327.2051, 1814026], [992317.8304, 1814040.7153], [992307.2089, 1814054.5575], [992295.4214, 1814067.4214], [992282.5575, 1814079.2089], [992268.7153, 1814089.8304], [992254, 1814099.2051], [992238.5237, 1814107.2616], [992222.404, 1814113.9385], [992205.7638, 1814119.1852], [992188.7296, 1814122.9616], [992171.4311, 1814125.2389], [992154, 1814126], [992136.5689, 1814125.2389], [992119.2704, 1814122.9616], [992102.2362, 1814119.1852], [992085.596, 1814113.9385], [992069.4763, 1814107.2616], [992054, 1814099.2051], [992039.2847, 1814089.8304], [992025.4425, 1814079.2089], [992012.5786, 1814067.4214], [992000.7911, 1814054.5575], [991990.1696, 1814040.7153], [991980.7949, 1814026], [991972.7384, 1814010.5237], [991966.0615, 1813994.404], [991960.8148, 1813977.7638], [991957.0384, 1813960.7296], [991954.7611, 1813943.4311], [991954, 1813926], [991954.7611, 1813908.5689], [991957.0384, 1813891.2704], [991960.8148, 1813874.2362], [991966.0615, 1813857.596], [991972.7384, 1813841.4763], [991980.7949, 1813826], [991990.1696, 1813811.2847], [992000.7911, 1813797.4425], [992012.5786, 1813784.5786], [992025.4425, 1813772.7911], [992039.2847, 1813762.1696], [992054, 1813752.7949], [992069.4763, 1813744.7384], [992085.596, 1813738.0615], [992102.2362, 1813732.8148], [992119.2704, 1813729.0384], [992136.5689, 1813726.7611], [992154, 1813726], [992171.4311, 1813726.7611], [992188.7296, 1813729.0384], [992205.7638, 1813732.8148], [992222.404, 1813738.0615], [992238.5237, 1813744.7384], [992254, 1813752.7949], [992268.7153, 1813762.1696], [992282.5575, 1813772.7911], [992295.4214, 1813784.5786], [992307.2089, 1813797.4425], [992317.8304, 1813811.2847], [992327.2051, 1813826], [992335.2616, 1813841.4763], [992341.9385, 1813857.596], [992347.1852, 1813874.2362], [992350.9616, 1813891.2704], [992353.2389, 1813908.5689], [992354, 1813926] ] ] }",2025-09-24
2019036,2018,보행노인,30140002,대전광역시 중구2,대전광역시 중구 산성동(산성약국 부근),3,3,0,0,3,0,36.305415,127.388359,"{ type: Polygon, coordinates: [ [ [990177.021, 1812015.0417], [990176.2599, 1812032.4729], [990173.9825, 1812049.7714], [990170.2062, 1812066.8055], [990164.9595, 1812083.4458], [990158.2826, 1812099.5654], [990150.2261, 1812115.0417], [990140.8514, 1812129.757], [990130.2299, 1812143.5993], [990118.4424, 1812156.4631], [990105.5785, 1812168.2506], [990091.7363, 1812178.8721], [990077.021, 1812188.2468], [990061.5446, 1812196.3033], [990045.425, 1812202.9803], [990028.7848, 1812208.2269], [990011.7506, 1812212.0033], [989994.4521, 1812214.2807], [989977.021, 1812215.0417], [989959.5898, 1812214.2807], [989942.2914, 1812212.0033], [989925.2572, 1812208.2269], [989908.617, 1812202.9803], [989892.4973, 1812196.3033], [989877.021, 1812188.2468], [989862.3057, 1812178.8721], [989848.4635, 1812168.2506], [989835.5996, 1812156.4631], [989823.8121, 1812143.5993], [989813.1906, 1812129.757], [989803.8159, 1812115.0417], [989795.7594, 1812099.5654], [989789.0825, 1812083.4458], [989783.8358, 1812066.8055], [989780.0594, 1812049.7714], [989777.7821, 1812032.4729], [989777.021, 1812015.0417], [989777.7821, 1811997.6106], [989780.0594, 1811980.3121], [989783.8358, 1811963.2779], [989789.0825, 1811946.6377], [989795.7594, 1811930.5181], [989803.8159, 1811915.0417], [989813.1906, 1811900.3265], [989823.8121, 1811886.4842], [989835.5996, 1811873.6204], [989848.4635, 1811861.8329], [989862.3057, 1811851.2113], [989877.021, 1811841.8367], [989892.4973, 1811833.7802], [989908.617, 1811827.1032], [989925.2572, 1811821.8566], [989942.2914, 1811818.0802], [989959.5898, 1811815.8028], [989977.021, 1811815.0417], [989994.4521, 1811815.8028], [990011.7506, 1811818.0802], [990028.7848, 1811821.8566], [990045.425, 1811827.1032], [990061.5446, 1811833.7802], [990077.021, 1811841.8367], [990091.7363, 1811851.2113], [990105.5785, 1811861.8329], [990118.4424, 1811873.6204], [990130.2299, 1811886.4842], [990140.8514, 1811900.3265], [990150.2261, 1811915.0417], [990158.2826, 1811930.5181], [990164.9595, 1811946.6377], [990170.2062, 1811963.2779], [990173.9825, 1811980.3121], [990176.2599, 1811997.6106], [990177.021, 1812015.0417] ] ] }",2025-09-24
2019036,2018,보행노인,30170001,대전광역시 서구1,대전광역시 서구 괴정동(다정빌딩 부근),3,3,0,3,0,0,36.338074,127.384758,"{ type: Polygon, coordinates: [ [ [989858, 1815638], [989857.2389, 1815655.4311], [989854.9616, 1815672.7296], [989851.1852, 1815689.7638], [989845.9385, 1815706.404], [989839.2616, 1815722.5237], [989831.2051, 1815738], [989821.8304, 1815752.7153], [989811.2089, 1815766.5575], [989799.4214, 1815779.4214], [989786.5575, 1815791.2089], [989772.7153, 1815801.8304], [989758, 1815811.2051], [989742.5237, 1815819.2616], [989726.404, 1815825.9385], [989709.7638, 1815831.1852], [989692.7296, 1815834.9616], [989675.4311, 1815837.2389], [989658, 1815838], [989640.5689, 1815837.2389], [989623.2704, 1815834.9616], [989606.2362, 1815831.1852], [989589.596, 1815825.9385], [989573.4763, 1815819.2616], [989558, 1815811.2051], [989543.2847, 1815801.8304], [989529.4425, 1815791.2089], [989516.5786, 1815779.4214], [989504.7911, 1815766.5575], [989494.1696, 1815752.7153], [989484.7949, 1815738], [989476.7384, 1815722.5237], [989470.0615, 1815706.404], [989464.8148, 1815689.7638], [989461.0384, 1815672.7296], [989458.7611, 1815655.4311], [989458, 1815638], [989458.7611, 1815620.5689], [989461.0384, 1815603.2704], [989464.8148, 1815586.2362], [989470.0615, 1815569.596], [989476.7384, 1815553.4763], [989484.7949, 1815538], [989494.1696, 1815523.2847], [989504.7911, 1815509.4425], [989516.5786, 1815496.5786], [989529.4425, 1815484.7911], [989543.2847, 1815474.1696], [989558, 1815464.7949], [989573.4763, 1815456.7384], [989589.596, 1815450.0615], [989606.2362, 1815444.8148], [989623.2704, 1815441.0384], [989640.5689, 1815438.7611], [989658, 1815438], [989675.4311, 1815438.7611], [989692.7296, 1815441.0384], [989709.7638, 1815444.8148], [989726.404, 1815450.0615], [989742.5237, 1815456.7384], [989758, 1815464.7949], [989772.7153, 1815474.1696], [989786.5575, 1815484.7911], [989799.4214, 1815496.5786], [989811.2089, 1815509.4425], [989821.8304, 1815523.2847], [989831.2051, 1815538], [989839.2616, 1815553.4763], [989845.9385, 1815569.596], [989851.1852, 1815586.2362], [989854.9616, 1815603.2704], [989857.2389, 1815620.5689], [989858, 1815638] ] ] }",2025-09-24
2019036,2018,보행노인,30170002,대전광역시 서구2,대전광역시 서구 괴정동(현대오일뱅크 금강주유소 부근),2,2,1,0,1,0,36.339216,127.374987,"{ type: Polygon, coordinates: [ [ [988981.2899, 1815765.8031], [988980.5288, 1815783.2342], [988978.2514, 1815800.5327], [988974.4751, 1815817.5669], [988969.2284, 1815834.2071], [988962.5515, 1815850.3267], [988954.495, 1815865.8031], [988945.1203, 1815880.5184], [988934.4988, 1815894.3606], [988922.7113, 1815907.2244], [988909.8474, 1815919.012], [988896.0052, 1815929.6335], [988881.2899, 1815939.0081], [988865.8136, 1815947.0646], [988849.6939, 1815953.7416], [988833.0537, 1815958.9882], [988816.0195, 1815962.7646], [988798.721, 1815965.042], [988781.2899, 1815965.8031], [988763.8588, 1815965.042], [988746.5603, 1815962.7646], [988729.5261, 1815958.9882], [988712.8859, 1815953.7416], [988696.7662, 1815947.0646], [988681.2899, 1815939.0081], [988666.5746, 1815929.6335], [988652.7324, 1815919.012], [988639.8685, 1815907.2244], [988628.081, 1815894.3606], [988617.4595, 1815880.5184], [988608.0848, 1815865.8031], [988600.0283, 1815850.3267], [988593.3514, 1815834.2071], [988588.1047, 1815817.5669], [988584.3283, 1815800.5327], [988582.051, 1815783.2342], [988581.2899, 1815765.8031], [988582.051, 1815748.3719], [988584.3283, 1815731.0734], [988588.1047, 1815714.0393], [988593.3514, 1815697.399], [988600.0283, 1815681.2794], [988608.0848, 1815665.8031], [988617.4595, 1815651.0878], [988628.081, 1815637.2455], [988639.8685, 1815624.3817], [988652.7324, 1815612.5942], [988666.5746, 1815601.9727], [988681.2899, 1815592.598], [988696.7662, 1815584.5415], [988712.8859, 1815577.8645], [988729.5261, 1815572.6179], [988746.5603, 1815568.8415], [988763.8588, 1815566.5641], [988781.2899, 1815565.8031], [988798.721, 1815566.5641], [988816.0195, 1815568.8415], [988833.0537, 1815572.6179], [988849.6939, 1815577.8645], [988865.8136, 1815584.5415], [988881.2899, 1815592.598], [988896.0052, 1815601.9727], [988909.8474, 1815612.5942], [988922.7113, 1815624.3817], [988934.4988, 1815637.2455], [988945.1203, 1815651.0878], [988954.495, 1815665.8031], [988962.5515, 1815681.2794], [988969.2284, 1815697.399], [988974.4751, 1815714.0393], [988978.2514, 1815731.0734], [988980.5288, 1815748.3719], [988981.2899, 1815765.8031] ] ] }",2025-09-24
2019036,2018,보행노인,30200001,대전광역시 유성구1,대전광역시 유성구 구암동(구암역3번출구 부근),4,5,0,4,1,0,36.356745,127.33171,"{ type: Polygon, coordinates: [ [ [985101, 1817716], [985100.2389, 1817733.4311], [985097.9616, 1817750.7296], [985094.1852, 1817767.7638], [985088.9385, 1817784.404], [985082.2616, 1817800.5237], [985074.2051, 1817816], [985064.8304, 1817830.7153], [985054.2089, 1817844.5575], [985042.4214, 1817857.4214], [985029.5575, 1817869.2089], [985015.7153, 1817879.8304], [985001, 1817889.2051], [984985.5237, 1817897.2616], [984969.404, 1817903.9385], [984952.7638, 1817909.1852], [984935.7296, 1817912.9616], [984918.4311, 1817915.2389], [984901, 1817916], [984883.5689, 1817915.2389], [984866.2704, 1817912.9616], [984849.2362, 1817909.1852], [984832.596, 1817903.9385], [984816.4763, 1817897.2616], [984801, 1817889.2051], [984786.2847, 1817879.8304], [984772.4425, 1817869.2089], [984759.5786, 1817857.4214], [984747.7911, 1817844.5575], [984737.1696, 1817830.7153], [984727.7949, 1817816], [984719.7384, 1817800.5237], [984713.0615, 1817784.404], [984707.8148, 1817767.7638], [984704.0384, 1817750.7296], [984701.7611, 1817733.4311], [984701, 1817716], [984701.7611, 1817698.5689], [984704.0384, 1817681.2704], [984707.8148, 1817664.2362], [984713.0615, 1817647.596], [984719.7384, 1817631.4763], [984727.7949, 1817616], [984737.1696, 1817601.2847], [984747.7911, 1817587.4425], [984759.5786, 1817574.5786], [984772.4425, 1817562.7911], [984786.2847, 1817552.1696], [984801, 1817542.7949], [984816.4763, 1817534.7384], [984832.596, 1817528.0615], [984849.2362, 1817522.8148], [984866.2704, 1817519.0384], [984883.5689, 1817516.7611], [984901, 1817516], [984918.4311, 1817516.7611], [984935.7296, 1817519.0384], [984952.7638, 1817522.8148], [984969.404, 1817528.0615], [984985.5237, 1817534.7384], [985001, 1817542.7949], [985015.7153, 1817552.1696], [985029.5575, 1817562.7911], [985042.4214, 1817574.5786], [985054.2089, 1817587.4425], [985064.8304, 1817601.2847], [985074.2051, 1817616], [985082.2616, 1817631.4763], [985088.9385, 1817647.596], [985094.1852, 1817664.2362], [985097.9616, 1817681.2704], [985100.2389, 1817698.5689], [985101, 1817716] ] ] }",2025-09-24
2019036,2018,보행노인,30230001,대전광역시 대덕구1,대전광역시 대덕구 송촌동(SK엔크린 맘모스주유소 부근),4,4,2,1,1,0,36.352791,127.443081,"{ type: Polygon, coordinates: [ [ [995093, 1817265.8125], [995092.2389, 1817283.2437], [995089.9616, 1817300.5422], [995086.1852, 1817317.5764], [995080.9385, 1817334.2166], [995074.2616, 1817350.3362], [995066.2051, 1817365.8125], [995056.8304, 1817380.5278], [995046.2089, 1817394.3701], [995034.4214, 1817407.2339], [995021.5575, 1817419.0214], [995007.7153, 1817429.643], [994993, 1817439.0176], [994977.5237, 1817447.0741], [994961.404, 1817453.7511], [994944.7638, 1817458.9977], [994927.7296, 1817462.7741], [994910.4311, 1817465.0515], [994893, 1817465.8125], [994875.5689, 1817465.0515], [994858.2704, 1817462.7741], [994841.2362, 1817458.9977], [994824.596, 1817453.7511], [994808.4763, 1817447.0741], [994793, 1817439.0176], [994778.2847, 1817429.643], [994764.4425, 1817419.0214], [994751.5786, 1817407.2339], [994739.7911, 1817394.3701], [994729.1696, 1817380.5278], [994719.7949, 1817365.8125], [994711.7384, 1817350.3362], [994705.0615, 1817334.2166], [994699.8148, 1817317.5764], [994696.0384, 1817300.5422], [994693.7611, 1817283.2437], [994693, 1817265.8125], [994693.7611, 1817248.3814], [994696.0384, 1817231.0829], [994699.8148, 1817214.0487], [994705.0615, 1817197.4085], [994711.7384, 1817181.2889], [994719.7949, 1817165.8125], [994729.1696, 1817151.0973], [994739.7911, 1817137.255], [994751.5786, 1817124.3912], [994764.4425, 1817112.6037], [994778.2847, 1817101.9821], [994793, 1817092.6075], [994808.4763, 1817084.551], [994824.596, 1817077.874], [994841.2362, 1817072.6274], [994858.2704, 1817068.851], [994875.5689, 1817066.5736], [994893, 1817065.8125], [994910.4311, 1817066.5736], [994927.7296, 1817068.851], [994944.7638, 1817072.6274], [994961.404, 1817077.874], [994977.5237, 1817084.551], [994993, 1817092.6075], [995007.7153, 1817101.9821], [995021.5575, 1817112.6037], [995034.4214, 1817124.3912], [995046.2089, 1817137.255], [995056.8304, 1817151.0973], [995066.2051, 1817165.8125], [995074.2616, 1817181.2889], [995080.9385, 1817197.4085], [995086.1852, 1817214.0487], [995089.9616, 1817231.0829], [995092.2389, 1817248.3814], [995093, 1817265.8125] ] ] }",2025-09-24
2019036,2018,보행노인,30230002,대전광역시 대덕구2,대전광역시 대덕구 평촌동(대현 부근),3,3,1,2,0,0,36.43687,127.4227,"{ type: Polygon, coordinates: [ [ [993271.7708, 1826593.198], [993271.0097, 1826610.6291], [993268.7324, 1826627.9276], [993264.956, 1826644.9618], [993259.7093, 1826661.602], [993253.0324, 1826677.7216], [993244.9759, 1826693.198], [993235.6012, 1826707.9132], [993224.9797, 1826721.7555], [993213.1922, 1826734.6193], [993200.3283, 1826746.4068], [993186.4861, 1826757.0284], [993171.7708, 1826766.403], [993156.2945, 1826774.4595], [993140.1748, 1826781.1365], [993123.5346, 1826786.3831], [993106.5004, 1826790.1595], [993089.202, 1826792.4369], [993071.7708, 1826793.198], [993054.3397, 1826792.4369], [993037.0412, 1826790.1595], [993020.007, 1826786.3831], [993003.3668, 1826781.1365], [992987.2472, 1826774.4595], [992971.7708, 1826766.403], [992957.0555, 1826757.0284], [992943.2133, 1826746.4068], [992930.3495, 1826734.6193], [992918.5619, 1826721.7555], [992907.9404, 1826707.9132], [992898.5657, 1826693.198], [992890.5092, 1826677.7216], [992883.8323, 1826661.602], [992878.5856, 1826644.9618], [992874.8093, 1826627.9276], [992872.5319, 1826610.6291], [992871.7708, 1826593.198], [992872.5319, 1826575.7668], [992874.8093, 1826558.4683], [992878.5856, 1826541.4341], [992883.8323, 1826524.7939], [992890.5092, 1826508.6743], [992898.5657, 1826493.198], [992907.9404, 1826478.4827], [992918.5619, 1826464.6404], [992930.3495, 1826451.7766], [992943.2133, 1826439.9891], [992957.0555, 1826429.3675], [992971.7708, 1826419.9929], [992987.2472, 1826411.9364], [993003.3668, 1826405.2594], [993020.007, 1826400.0128], [993037.0412, 1826396.2364], [993054.3397, 1826393.959], [993071.7708, 1826393.198], [993089.202, 1826393.959], [993106.5004, 1826396.2364], [993123.5346, 1826400.0128], [993140.1748, 1826405.2594], [993156.2945, 1826411.9364], [993171.7708, 1826419.9929], [993186.4861, 1826429.3675], [993200.3283, 1826439.9891], [993213.1922, 1826451.7766], [993224.9797, 1826464.6404], [993235.6012, 1826478.4827], [993244.9759, 1826493.198], [993253.0324, 1826508.6743], [993259.7093, 1826524.7939], [993264.956, 1826541.4341], [993268.7324, 1826558.4683], [993271.0097, 1826575.7668], [993271.7708, 1826593.198] ] ] }",2025-09-24
2019038,2018,자전거,30110001,대전광역시 동구1,대전광역시 동구 정동(역전가락국수 부근),5,5,0,2,3,0,36.332439,127.431987,"{ type: Polygon, coordinates: [ [ [994096, 1815009], [994095.2389, 1815026.4311], [994092.9616, 1815043.7296], [994089.1852, 1815060.7638], [994083.9385, 1815077.404], [994077.2616, 1815093.5237], [994069.2051, 1815109], [994059.8304, 1815123.7153], [994049.2089, 1815137.5575], [994037.4214, 1815150.4214], [994024.5575, 1815162.2089], [994010.7153, 1815172.8304], [993996, 1815182.2051], [993980.5237, 1815190.2616], [993964.404, 1815196.9385], [993947.7638, 1815202.1852], [993930.7296, 1815205.9616], [993913.4311, 1815208.2389], [993896, 1815209], [993878.5689, 1815208.2389], [993861.2704, 1815205.9616], [993844.2362, 1815202.1852], [993827.596, 1815196.9385], [993811.4763, 1815190.2616], [993796, 1815182.2051], [993781.2847, 1815172.8304], [993767.4425, 1815162.2089], [993754.5786, 1815150.4214], [993742.7911, 1815137.5575], [993732.1696, 1815123.7153], [993722.7949, 1815109], [993714.7384, 1815093.5237], [993708.0615, 1815077.404], [993702.8148, 1815060.7638], [993699.0384, 1815043.7296], [993696.7611, 1815026.4311], [993696, 1815009], [993696.7611, 1814991.5689], [993699.0384, 1814974.2704], [993702.8148, 1814957.2362], [993708.0615, 1814940.596], [993714.7384, 1814924.4763], [993722.7949, 1814909], [993732.1696, 1814894.2847], [993742.7911, 1814880.4425], [993754.5786, 1814867.5786], [993767.4425, 1814855.7911], [993781.2847, 1814845.1696], [993796, 1814835.7949], [993811.4763, 1814827.7384], [993827.596, 1814821.0615], [993844.2362, 1814815.8148], [993861.2704, 1814812.0384], [993878.5689, 1814809.7611], [993896, 1814809], [993913.4311, 1814809.7611], [993930.7296, 1814812.0384], [993947.7638, 1814815.8148], [993964.404, 1814821.0615], [993980.5237, 1814827.7384], [993996, 1814835.7949], [994010.7153, 1814845.1696], [994024.5575, 1814855.7911], [994037.4214, 1814867.5786], [994049.2089, 1814880.4425], [994059.8304, 1814894.2847], [994069.2051, 1814909], [994077.2616, 1814924.4763], [994083.9385, 1814940.596], [994089.1852, 1814957.2362], [994092.9616, 1814974.2704], [994095.2389, 1814991.5689], [994096, 1815009] ] ] }",2025-09-24
2019038,2018,자전거,30110002,대전광역시 동구2,대전광역시 동구 용전동(대전지방국토관리청 부근),5,5,0,2,3,0,36.351543,127.432416,"{ type: Polygon, coordinates: [ [ [994136, 1817128], [994135.2389, 1817145.4311], [994132.9616, 1817162.7296], [994129.1852, 1817179.7638], [994123.9385, 1817196.404], [994117.2616, 1817212.5237], [994109.2051, 1817228], [994099.8304, 1817242.7153], [994089.2089, 1817256.5575], [994077.4214, 1817269.4214], [994064.5575, 1817281.2089], [994050.7153, 1817291.8304], [994036, 1817301.2051], [994020.5237, 1817309.2616], [994004.404, 1817315.9385], [993987.7638, 1817321.1852], [993970.7296, 1817324.9616], [993953.4311, 1817327.2389], [993936, 1817328], [993918.5689, 1817327.2389], [993901.2704, 1817324.9616], [993884.2362, 1817321.1852], [993867.596, 1817315.9385], [993851.4763, 1817309.2616], [993836, 1817301.2051], [993821.2847, 1817291.8304], [993807.4425, 1817281.2089], [993794.5786, 1817269.4214], [993782.7911, 1817256.5575], [993772.1696, 1817242.7153], [993762.7949, 1817228], [993754.7384, 1817212.5237], [993748.0615, 1817196.404], [993742.8148, 1817179.7638], [993739.0384, 1817162.7296], [993736.7611, 1817145.4311], [993736, 1817128], [993736.7611, 1817110.5689], [993739.0384, 1817093.2704], [993742.8148, 1817076.2362], [993748.0615, 1817059.596], [993754.7384, 1817043.4763], [993762.7949, 1817028], [993772.1696, 1817013.2847], [993782.7911, 1816999.4425], [993794.5786, 1816986.5786], [993807.4425, 1816974.7911], [993821.2847, 1816964.1696], [993836, 1816954.7949], [993851.4763, 1816946.7384], [993867.596, 1816940.0615], [993884.2362, 1816934.8148], [993901.2704, 1816931.0384], [993918.5689, 1816928.7611], [993936, 1816928], [993953.4311, 1816928.7611], [993970.7296, 1816931.0384], [993987.7638, 1816934.8148], [994004.404, 1816940.0615], [994020.5237, 1816946.7384], [994036, 1816954.7949], [994050.7153, 1816964.1696], [994064.5575, 1816974.7911], [994077.4214, 1816986.5786], [994089.2089, 1816999.4425], [994099.8304, 1817013.2847], [994109.2051, 1817028], [994117.2616, 1817043.4763], [994123.9385, 1817059.596], [994129.1852, 1817076.2362], [994132.9616, 1817093.2704], [994135.2389, 1817110.5689], [994136, 1817128] ] ] }",2025-09-24
2019038,2018,자전거,30110003,대전광역시 동구3,대전광역시 동구 용전동(영락침례교회 부근),4,4,0,2,2,0,36.350262,127.439264,"{ type: Polygon, coordinates: [ [ [994750.3022, 1816985.4896], [994749.5411, 1817002.9208], [994747.2637, 1817020.2193], [994743.4873, 1817037.2534], [994738.2407, 1817053.8937], [994731.5637, 1817070.0133], [994723.5073, 1817085.4896], [994714.1326, 1817100.2049], [994703.5111, 1817114.0472], [994691.7235, 1817126.911], [994678.8597, 1817138.6985], [994665.0175, 1817149.32], [994650.3022, 1817158.6947], [994634.8258, 1817166.7512], [994618.7062, 1817173.4282], [994602.066, 1817178.6748], [994585.0318, 1817182.4512], [994567.7333, 1817184.7286], [994550.3022, 1817185.4896], [994532.871, 1817184.7286], [994515.5725, 1817182.4512], [994498.5384, 1817178.6748], [994481.8981, 1817173.4282], [994465.7785, 1817166.7512], [994450.3022, 1817158.6947], [994435.5869, 1817149.32], [994421.7447, 1817138.6985], [994408.8808, 1817126.911], [994397.0933, 1817114.0472], [994386.4718, 1817100.2049], [994377.0971, 1817085.4896], [994369.0406, 1817070.0133], [994362.3637, 1817053.8937], [994357.117, 1817037.2534], [994353.3406, 1817020.2193], [994351.0632, 1817002.9208], [994350.3022, 1816985.4896], [994351.0632, 1816968.0585], [994353.3406, 1816950.76], [994357.117, 1816933.7258], [994362.3637, 1816917.0856], [994369.0406, 1816900.966], [994377.0971, 1816885.4896], [994386.4718, 1816870.7743], [994397.0933, 1816856.9321], [994408.8808, 1816844.0683], [994421.7447, 1816832.2807], [994435.5869, 1816821.6592], [994450.3022, 1816812.2845], [994465.7785, 1816804.2281], [994481.8981, 1816797.5511], [994498.5384, 1816792.3045], [994515.5725, 1816788.5281], [994532.871, 1816786.2507], [994550.3022, 1816785.4896], [994567.7333, 1816786.2507], [994585.0318, 1816788.5281], [994602.066, 1816792.3045], [994618.7062, 1816797.5511], [994634.8258, 1816804.2281], [994650.3022, 1816812.2845], [994665.0175, 1816821.6592], [994678.8597, 1816832.2807], [994691.7235, 1816844.0683], [994703.5111, 1816856.9321], [994714.1326, 1816870.7743], [994723.5073, 1816885.4896], [994731.5637, 1816900.966], [994738.2407, 1816917.0856], [994743.4873, 1816933.7258], [994747.2637, 1816950.76], [994749.5411, 1816968.0585], [994750.3022, 1816985.4896] ] ] }",2025-09-24
2019038,2018,자전거,30110004,대전광역시 동구4,대전광역시 동구 용전동(윤온누리약국 부근),4,4,0,1,3,0,36.356065,127.432922,"{ type: Polygon, coordinates: [ [ [994181.6771, 1817629.4689], [994180.916, 1817646.9], [994178.6386, 1817664.1985], [994174.8622, 1817681.2327], [994169.6156, 1817697.8729], [994162.9386, 1817713.9925], [994154.8822, 1817729.4689], [994145.5075, 1817744.1842], [994134.886, 1817758.0264], [994123.0984, 1817770.8902], [994110.2346, 1817782.6778], [994096.3924, 1817793.2993], [994081.6771, 1817802.674], [994066.2007, 1817810.7304], [994050.0811, 1817817.4074], [994033.4409, 1817822.6541], [994016.4067, 1817826.4304], [993999.1082, 1817828.7078], [993981.6771, 1817829.4689], [993964.2459, 1817828.7078], [993946.9474, 1817826.4304], [993929.9133, 1817822.6541], [993913.2731, 1817817.4074], [993897.1534, 1817810.7304], [993881.6771, 1817802.674], [993866.9618, 1817793.2993], [993853.1196, 1817782.6778], [993840.2557, 1817770.8902], [993828.4682, 1817758.0264], [993817.8467, 1817744.1842], [993808.472, 1817729.4689], [993800.4155, 1817713.9925], [993793.7386, 1817697.8729], [993788.4919, 1817681.2327], [993784.7155, 1817664.1985], [993782.4381, 1817646.9], [993781.6771, 1817629.4689], [993782.4381, 1817612.0377], [993784.7155, 1817594.7392], [993788.4919, 1817577.7051], [993793.7386, 1817561.0649], [993800.4155, 1817544.9452], [993808.472, 1817529.4689], [993817.8467, 1817514.7536], [993828.4682, 1817500.9114], [993840.2557, 1817488.0475], [993853.1196, 1817476.26], [993866.9618, 1817465.6385], [993881.6771, 1817456.2638], [993897.1534, 1817448.2073], [993913.2731, 1817441.5304], [993929.9133, 1817436.2837], [993946.9474, 1817432.5073], [993964.2459, 1817430.2299], [993981.6771, 1817429.4689], [993999.1082, 1817430.2299], [994016.4067, 1817432.5073], [994033.4409, 1817436.2837], [994050.0811, 1817441.5304], [994066.2007, 1817448.2073], [994081.6771, 1817456.2638], [994096.3924, 1817465.6385], [994110.2346, 1817476.26], [994123.0984, 1817488.0475], [994134.886, 1817500.9114], [994145.5075, 1817514.7536], [994154.8822, 1817529.4689], [994162.9386, 1817544.9452], [994169.6156, 1817561.0649], [994174.8622, 1817577.7051], [994178.6386, 1817594.7392], [994180.916, 1817612.0377], [994181.6771, 1817629.4689] ] ] }",2025-09-24
2019038,2018,자전거,30110005,대전광역시 동구5,대전광역시 동구 가양동(동부네거리 부근),4,4,0,1,3,0,36.350153,127.442989,"{ type: Polygon, coordinates: [ [ [995084.5626, 1816973.1352], [995083.8016, 1816990.5664], [995081.5242, 1817007.8648], [995077.7478, 1817024.899], [995072.5011, 1817041.5392], [995065.8242, 1817057.6589], [995057.7677, 1817073.1352], [995048.393, 1817087.8505], [995037.7715, 1817101.6927], [995025.984, 1817114.5566], [995013.1201, 1817126.3441], [994999.2779, 1817136.9656], [994984.5626, 1817146.3403], [994969.0863, 1817154.3968], [994952.9666, 1817161.0737], [994936.3264, 1817166.3204], [994919.2922, 1817170.0968], [994901.9938, 1817172.3742], [994884.5626, 1817173.1352], [994867.1315, 1817172.3742], [994849.833, 1817170.0968], [994832.7988, 1817166.3204], [994816.1586, 1817161.0737], [994800.039, 1817154.3968], [994784.5626, 1817146.3403], [994769.8473, 1817136.9656], [994756.0051, 1817126.3441], [994743.1413, 1817114.5566], [994731.3537, 1817101.6927], [994720.7322, 1817087.8505], [994711.3575, 1817073.1352], [994703.3011, 1817057.6589], [994696.6241, 1817041.5392], [994691.3774, 1817024.899], [994687.6011, 1817007.8648], [994685.3237, 1816990.5664], [994684.5626, 1816973.1352], [994685.3237, 1816955.7041], [994687.6011, 1816938.4056], [994691.3774, 1816921.3714], [994696.6241, 1816904.7312], [994703.3011, 1816888.6116], [994711.3575, 1816873.1352], [994720.7322, 1816858.4199], [994731.3537, 1816844.5777], [994743.1413, 1816831.7139], [994756.0051, 1816819.9263], [994769.8473, 1816809.3048], [994784.5626, 1816799.9301], [994800.039, 1816791.8737], [994816.1586, 1816785.1967], [994832.7988, 1816779.95], [994849.833, 1816776.1737], [994867.1315, 1816773.8963], [994884.5626, 1816773.1352], [994901.9938, 1816773.8963], [994919.2922, 1816776.1737], [994936.3264, 1816779.95], [994952.9666, 1816785.1967], [994969.0863, 1816791.8737], [994984.5626, 1816799.9301], [994999.2779, 1816809.3048], [995013.1201, 1816819.9263], [995025.984, 1816831.7139], [995037.7715, 1816844.5777], [995048.393, 1816858.4199], [995057.7677, 1816873.1352], [995065.8242, 1816888.6116], [995072.5011, 1816904.7312], [995077.7478, 1816921.3714], [995081.5242, 1816938.4056], [995083.8016, 1816955.7041], [995084.5626, 1816973.1352] ] ] }",2025-09-24
2019038,2018,자전거,30140001,대전광역시 중구1,대전광역시 중구 태평동(유가네순대국밥 부근),5,5,1,2,2,0,36.326315,127.393516,"{ type: Polygon, coordinates: [ [ [990642.5731, 1814332.8333], [990641.812, 1814350.2644], [990639.5347, 1814367.5629], [990635.7583, 1814384.5971], [990630.5116, 1814401.2373], [990623.8347, 1814417.3569], [990615.7782, 1814432.8333], [990606.4035, 1814447.5486], [990595.782, 1814461.3908], [990583.9945, 1814474.2546], [990571.1306, 1814486.0422], [990557.2884, 1814496.6637], [990542.5731, 1814506.0384], [990527.0968, 1814514.0948], [990510.9771, 1814520.7718], [990494.3369, 1814526.0185], [990477.3027, 1814529.7948], [990460.0043, 1814532.0722], [990442.5731, 1814532.8333], [990425.142, 1814532.0722], [990407.8435, 1814529.7948], [990390.8093, 1814526.0185], [990374.1691, 1814520.7718], [990358.0495, 1814514.0948], [990342.5731, 1814506.0384], [990327.8578, 1814496.6637], [990314.0156, 1814486.0422], [990301.1518, 1814474.2546], [990289.3642, 1814461.3908], [990278.7427, 1814447.5486], [990269.368, 1814432.8333], [990261.3116, 1814417.3569], [990254.6346, 1814401.2373], [990249.3879, 1814384.5971], [990245.6116, 1814367.5629], [990243.3342, 1814350.2644], [990242.5731, 1814332.8333], [990243.3342, 1814315.4021], [990245.6116, 1814298.1037], [990249.3879, 1814281.0695], [990254.6346, 1814264.4293], [990261.3116, 1814248.3096], [990269.368, 1814232.8333], [990278.7427, 1814218.118], [990289.3642, 1814204.2758], [990301.1518, 1814191.4119], [990314.0156, 1814179.6244], [990327.8578, 1814169.0029], [990342.5731, 1814159.6282], [990358.0495, 1814151.5717], [990374.1691, 1814144.8948], [990390.8093, 1814139.6481], [990407.8435, 1814135.8717], [990425.142, 1814133.5944], [990442.5731, 1814132.8333], [990460.0043, 1814133.5944], [990477.3027, 1814135.8717], [990494.3369, 1814139.6481], [990510.9771, 1814144.8948], [990527.0968, 1814151.5717], [990542.5731, 1814159.6282], [990557.2884, 1814169.0029], [990571.1306, 1814179.6244], [990583.9945, 1814191.4119], [990595.782, 1814204.2758], [990606.4035, 1814218.118], [990615.7782, 1814232.8333], [990623.8347, 1814248.3096], [990630.5116, 1814264.4293], [990635.7583, 1814281.0695], [990639.5347, 1814298.1037], [990641.812, 1814315.4021], [990642.5731, 1814332.8333] ] ] }",2025-09-24
2019038,2018,자전거,30170001,대전광역시 서구1,대전광역시 서구 둔산동(모정네거리 부근),7,7,0,3,2,2,36.358715,127.389944,"{ type: Polygon, coordinates: [ [ [990326, 1817927], [990325.2389, 1817944.4311], [990322.9616, 1817961.7296], [990319.1852, 1817978.7638], [990313.9385, 1817995.404], [990307.2616, 1818011.5237], [990299.2051, 1818027], [990289.8304, 1818041.7153], [990279.2089, 1818055.5575], [990267.4214, 1818068.4214], [990254.5575, 1818080.2089], [990240.7153, 1818090.8304], [990226, 1818100.2051], [990210.5237, 1818108.2616], [990194.404, 1818114.9385], [990177.7638, 1818120.1852], [990160.7296, 1818123.9616], [990143.4311, 1818126.2389], [990126, 1818127], [990108.5689, 1818126.2389], [990091.2704, 1818123.9616], [990074.2362, 1818120.1852], [990057.596, 1818114.9385], [990041.4763, 1818108.2616], [990026, 1818100.2051], [990011.2847, 1818090.8304], [989997.4425, 1818080.2089], [989984.5786, 1818068.4214], [989972.7911, 1818055.5575], [989962.1696, 1818041.7153], [989952.7949, 1818027], [989944.7384, 1818011.5237], [989938.0615, 1817995.404], [989932.8148, 1817978.7638], [989929.0384, 1817961.7296], [989926.7611, 1817944.4311], [989926, 1817927], [989926.7611, 1817909.5689], [989929.0384, 1817892.2704], [989932.8148, 1817875.2362], [989938.0615, 1817858.596], [989944.7384, 1817842.4763], [989952.7949, 1817827], [989962.1696, 1817812.2847], [989972.7911, 1817798.4425], [989984.5786, 1817785.5786], [989997.4425, 1817773.7911], [990011.2847, 1817763.1696], [990026, 1817753.7949], [990041.4763, 1817745.7384], [990057.596, 1817739.0615], [990074.2362, 1817733.8148], [990091.2704, 1817730.0384], [990108.5689, 1817727.7611], [990126, 1817727], [990143.4311, 1817727.7611], [990160.7296, 1817730.0384], [990177.7638, 1817733.8148], [990194.404, 1817739.0615], [990210.5237, 1817745.7384], [990226, 1817753.7949], [990240.7153, 1817763.1696], [990254.5575, 1817773.7911], [990267.4214, 1817785.5786], [990279.2089, 1817798.4425], [990289.8304, 1817812.2847], [990299.2051, 1817827], [990307.2616, 1817842.4763], [990313.9385, 1817858.596], [990319.1852, 1817875.2362], [990322.9616, 1817892.2704], [990325.2389, 1817909.5689], [990326, 1817927] ] ] }",2025-09-24
2019038,2018,자전거,30170002,대전광역시 서구2,대전광역시 서구 둔산동(정부청사역사거리 부근),6,6,0,2,4,0,36.357488,127.378342,"{ type: Polygon, coordinates: [ [ [989284.9478, 1817792.0832], [989284.1867, 1817809.5144], [989281.9093, 1817826.8129], [989278.1329, 1817843.847], [989272.8863, 1817860.4873], [989266.2093, 1817876.6069], [989258.1528, 1817892.0832], [989248.7782, 1817906.7985], [989238.1566, 1817920.6407], [989226.3691, 1817933.5046], [989213.5053, 1817945.2921], [989199.663, 1817955.9136], [989184.9478, 1817965.2883], [989169.4714, 1817973.3448], [989153.3518, 1817980.0218], [989136.7116, 1817985.2684], [989119.6774, 1817989.0448], [989102.3789, 1817991.3222], [989084.9478, 1817992.0832], [989067.5166, 1817991.3222], [989050.2181, 1817989.0448], [989033.184, 1817985.2684], [989016.5437, 1817980.0218], [989000.4241, 1817973.3448], [988984.9478, 1817965.2883], [988970.2325, 1817955.9136], [988956.3902, 1817945.2921], [988943.5264, 1817933.5046], [988931.7389, 1817920.6407], [988921.1174, 1817906.7985], [988911.7427, 1817892.0832], [988903.6862, 1817876.6069], [988897.0092, 1817860.4873], [988891.7626, 1817843.847], [988887.9862, 1817826.8129], [988885.7088, 1817809.5144], [988884.9478, 1817792.0832], [988885.7088, 1817774.6521], [988887.9862, 1817757.3536], [988891.7626, 1817740.3194], [988897.0092, 1817723.6792], [988903.6862, 1817707.5596], [988911.7427, 1817692.0832], [988921.1174, 1817677.3679], [988931.7389, 1817663.5257], [988943.5264, 1817650.6619], [988956.3902, 1817638.8743], [988970.2325, 1817628.2528], [988984.9478, 1817618.8781], [989000.4241, 1817610.8217], [989016.5437, 1817604.1447], [989033.184, 1817598.8981], [989050.2181, 1817595.1217], [989067.5166, 1817592.8443], [989084.9478, 1817592.0832], [989102.3789, 1817592.8443], [989119.6774, 1817595.1217], [989136.7116, 1817598.8981], [989153.3518, 1817604.1447], [989169.4714, 1817610.8217], [989184.9478, 1817618.8781], [989199.663, 1817628.2528], [989213.5053, 1817638.8743], [989226.3691, 1817650.6619], [989238.1566, 1817663.5257], [989248.7782, 1817677.3679], [989258.1528, 1817692.0832], [989266.2093, 1817707.5596], [989272.8863, 1817723.6792], [989278.1329, 1817740.3194], [989281.9093, 1817757.3536], [989284.1867, 1817774.6521], [989284.9478, 1817792.0832] ] ] }",2025-09-24
2019038,2018,자전거,30170003,대전광역시 서구3,대전광역시 서구 갈마동(갈마네거리 부근),6,6,0,2,4,0,36.352939,127.369177,"{ type: Polygon, coordinates: [ [ [988462.0108, 1817288.6668], [988461.2497, 1817306.098], [988458.9723, 1817323.3965], [988455.1959, 1817340.4306], [988449.9493, 1817357.0709], [988443.2723, 1817373.1905], [988435.2158, 1817388.6668], [988425.8412, 1817403.3821], [988415.2196, 1817417.2244], [988403.4321, 1817430.0882], [988390.5683, 1817441.8757], [988376.726, 1817452.4972], [988362.0108, 1817461.8719], [988346.5344, 1817469.9284], [988330.4148, 1817476.6054], [988313.7746, 1817481.852], [988296.7404, 1817485.6284], [988279.4419, 1817487.9058], [988262.0108, 1817488.6668], [988244.5796, 1817487.9058], [988227.2811, 1817485.6284], [988210.2469, 1817481.852], [988193.6067, 1817476.6054], [988177.4871, 1817469.9284], [988162.0108, 1817461.8719], [988147.2955, 1817452.4972], [988133.4532, 1817441.8757], [988120.5894, 1817430.0882], [988108.8019, 1817417.2244], [988098.1803, 1817403.3821], [988088.8057, 1817388.6668], [988080.7492, 1817373.1905], [988074.0722, 1817357.0709], [988068.8256, 1817340.4306], [988065.0492, 1817323.3965], [988062.7718, 1817306.098], [988062.0108, 1817288.6668], [988062.7718, 1817271.2357], [988065.0492, 1817253.9372], [988068.8256, 1817236.903], [988074.0722, 1817220.2628], [988080.7492, 1817204.1432], [988088.8057, 1817188.6668], [988098.1803, 1817173.9515], [988108.8019, 1817160.1093], [988120.5894, 1817147.2455], [988133.4532, 1817135.4579], [988147.2955, 1817124.8364], [988162.0108, 1817115.4618], [988177.4871, 1817107.4053], [988193.6067, 1817100.7283], [988210.2469, 1817095.4817], [988227.2811, 1817091.7053], [988244.5796, 1817089.4279], [988262.0108, 1817088.6668], [988279.4419, 1817089.4279], [988296.7404, 1817091.7053], [988313.7746, 1817095.4817], [988330.4148, 1817100.7283], [988346.5344, 1817107.4053], [988362.0108, 1817115.4618], [988376.726, 1817124.8364], [988390.5683, 1817135.4579], [988403.4321, 1817147.2455], [988415.2196, 1817160.1093], [988425.8412, 1817173.9515], [988435.2158, 1817188.6668], [988443.2723, 1817204.1432], [988449.9493, 1817220.2628], [988455.1959, 1817236.903], [988458.9723, 1817253.9372], [988461.2497, 1817271.2357], [988462.0108, 1817288.6668] ] ] }",2025-09-24
2019038,2018,자전거,30170004,대전광역시 서구4,대전광역시 서구 탄방동(남산공원네거리 부근),4,4,0,2,2,0,36.344851,127.401854,"{ type: Polygon, coordinates: [ [ [991393, 1816388], [991392.2389, 1816405.4311], [991389.9616, 1816422.7296], [991386.1852, 1816439.7638], [991380.9385, 1816456.404], [991374.2616, 1816472.5237], [991366.2051, 1816488], [991356.8304, 1816502.7153], [991346.2089, 1816516.5575], [991334.4214, 1816529.4214], [991321.5575, 1816541.2089], [991307.7153, 1816551.8304], [991293, 1816561.2051], [991277.5237, 1816569.2616], [991261.404, 1816575.9385], [991244.7638, 1816581.1852], [991227.7296, 1816584.9616], [991210.4311, 1816587.2389], [991193, 1816588], [991175.5689, 1816587.2389], [991158.2704, 1816584.9616], [991141.2362, 1816581.1852], [991124.596, 1816575.9385], [991108.4763, 1816569.2616], [991093, 1816561.2051], [991078.2847, 1816551.8304], [991064.4425, 1816541.2089], [991051.5786, 1816529.4214], [991039.7911, 1816516.5575], [991029.1696, 1816502.7153], [991019.7949, 1816488], [991011.7384, 1816472.5237], [991005.0615, 1816456.404], [990999.8148, 1816439.7638], [990996.0384, 1816422.7296], [990993.7611, 1816405.4311], [990993, 1816388], [990993.7611, 1816370.5689], [990996.0384, 1816353.2704], [990999.8148, 1816336.2362], [991005.0615, 1816319.596], [991011.7384, 1816303.4763], [991019.7949, 1816288], [991029.1696, 1816273.2847], [991039.7911, 1816259.4425], [991051.5786, 1816246.5786], [991064.4425, 1816234.7911], [991078.2847, 1816224.1696], [991093, 1816214.7949], [991108.4763, 1816206.7384], [991124.596, 1816200.0615], [991141.2362, 1816194.8148], [991158.2704, 1816191.0384], [991175.5689, 1816188.7611], [991193, 1816188], [991210.4311, 1816188.7611], [991227.7296, 1816191.0384], [991244.7638, 1816194.8148], [991261.404, 1816200.0615], [991277.5237, 1816206.7384], [991293, 1816214.7949], [991307.7153, 1816224.1696], [991321.5575, 1816234.7911], [991334.4214, 1816246.5786], [991346.2089, 1816259.4425], [991356.8304, 1816273.2847], [991366.2051, 1816288], [991374.2616, 1816303.4763], [991380.9385, 1816319.596], [991386.1852, 1816336.2362], [991389.9616, 1816353.2704], [991392.2389, 1816370.5689], [991393, 1816388] ] ] }",2025-09-24
2019038,2018,자전거,30170005,대전광역시 서구5,대전광역시 서구 월평동(이마트 트레이더스 월평점 부근),4,4,0,0,4,0,36.358342,127.362831,"{ type: Polygon, coordinates: [ [ [987893.4689, 1817888.6771], [987892.7078, 1817906.1082], [987890.4304, 1817923.4067], [987886.6541, 1817940.4409], [987881.4074, 1817957.0811], [987874.7304, 1817973.2007], [987866.674, 1817988.6771], [987857.2993, 1818003.3924], [987846.6778, 1818017.2346], [987834.8902, 1818030.0984], [987822.0264, 1818041.886], [987808.1842, 1818052.5075], [987793.4689, 1818061.8822], [987777.9925, 1818069.9386], [987761.8729, 1818076.6156], [987745.2327, 1818081.8622], [987728.1985, 1818085.6386], [987710.9, 1818087.916], [987693.4689, 1818088.6771], [987676.0377, 1818087.916], [987658.7392, 1818085.6386], [987641.7051, 1818081.8622], [987625.0649, 1818076.6156], [987608.9452, 1818069.9386], [987593.4689, 1818061.8822], [987578.7536, 1818052.5075], [987564.9114, 1818041.886], [987552.0475, 1818030.0984], [987540.26, 1818017.2346], [987529.6385, 1818003.3924], [987520.2638, 1817988.6771], [987512.2073, 1817973.2007], [987505.5304, 1817957.0811], [987500.2837, 1817940.4409], [987496.5073, 1817923.4067], [987494.2299, 1817906.1082], [987493.4689, 1817888.6771], [987494.2299, 1817871.2459], [987496.5073, 1817853.9474], [987500.2837, 1817836.9133], [987505.5304, 1817820.2731], [987512.2073, 1817804.1534], [987520.2638, 1817788.6771], [987529.6385, 1817773.9618], [987540.26, 1817760.1196], [987552.0475, 1817747.2557], [987564.9114, 1817735.4682], [987578.7536, 1817724.8467], [987593.4689, 1817715.472], [987608.9452, 1817707.4155], [987625.0649, 1817700.7386], [987641.7051, 1817695.4919], [987658.7392, 1817691.7155], [987676.0377, 1817689.4381], [987693.4689, 1817688.6771], [987710.9, 1817689.4381], [987728.1985, 1817691.7155], [987745.2327, 1817695.4919], [987761.8729, 1817700.7386], [987777.9925, 1817707.4155], [987793.4689, 1817715.472], [987808.1842, 1817724.8467], [987822.0264, 1817735.4682], [987834.8902, 1817747.2557], [987846.6778, 1817760.1196], [987857.2993, 1817773.9618], [987866.674, 1817788.6771], [987874.7304, 1817804.1534], [987881.4074, 1817820.2731], [987886.6541, 1817836.9133], [987890.4304, 1817853.9474], [987892.7078, 1817871.2459], [987893.4689, 1817888.6771] ] ] }",2025-09-24
2019038,2018,자전거,30200001,대전광역시 유성구1,대전광역시 유성구 구암동(유성고등학교후문 부근),5,5,0,3,2,0,36.348941,127.333771,"{ type: Polygon, coordinates: [ [ [985284.4794, 1816850.0625], [985283.7183, 1816867.4936], [985281.4409, 1816884.7921], [985277.6645, 1816901.8263], [985272.4179, 1816918.4665], [985265.7409, 1816934.5861], [985257.6845, 1816950.0625], [985248.3098, 1816964.7778], [985237.6883, 1816978.62], [985225.9007, 1816991.4838], [985213.0369, 1817003.2714], [985199.1947, 1817013.8929], [985184.4794, 1817023.2676], [985169.003, 1817031.324], [985152.8834, 1817038.001], [985136.2432, 1817043.2476], [985119.209, 1817047.024], [985101.9105, 1817049.3014], [985084.4794, 1817050.0625], [985067.0482, 1817049.3014], [985049.7497, 1817047.024], [985032.7156, 1817043.2476], [985016.0754, 1817038.001], [984999.9557, 1817031.324], [984984.4794, 1817023.2676], [984969.7641, 1817013.8929], [984955.9219, 1817003.2714], [984943.058, 1816991.4838], [984931.2705, 1816978.62], [984920.649, 1816964.7778], [984911.2743, 1816950.0625], [984903.2178, 1816934.5861], [984896.5409, 1816918.4665], [984891.2942, 1816901.8263], [984887.5178, 1816884.7921], [984885.2404, 1816867.4936], [984884.4794, 1816850.0625], [984885.2404, 1816832.6313], [984887.5178, 1816815.3328], [984891.2942, 1816798.2987], [984896.5409, 1816781.6585], [984903.2178, 1816765.5388], [984911.2743, 1816750.0625], [984920.649, 1816735.3472], [984931.2705, 1816721.505], [984943.058, 1816708.6411], [984955.9219, 1816696.8536], [984969.7641, 1816686.2321], [984984.4794, 1816676.8574], [984999.9557, 1816668.8009], [985016.0754, 1816662.124], [985032.7156, 1816656.8773], [985049.7497, 1816653.1009], [985067.0482, 1816650.8235], [985084.4794, 1816650.0625], [985101.9105, 1816650.8235], [985119.209, 1816653.1009], [985136.2432, 1816656.8773], [985152.8834, 1816662.124], [985169.003, 1816668.8009], [985184.4794, 1816676.8574], [985199.1947, 1816686.2321], [985213.0369, 1816696.8536], [985225.9007, 1816708.6411], [985237.6883, 1816721.505], [985248.3098, 1816735.3472], [985257.6845, 1816750.0625], [985265.7409, 1816765.5388], [985272.4179, 1816781.6585], [985277.6645, 1816798.2987], [985281.4409, 1816815.3328], [985283.7183, 1816832.6313], [985284.4794, 1816850.0625] ] ] }",2025-09-24
2019038,2018,자전거,30200002,대전광역시 유성구2,대전광역시 유성구 봉명동(봉명빌라 부근),5,5,0,0,5,0,36.354574,127.334435,"{ type: Polygon, coordinates: [ [ [985345.1042, 1817474.7708], [985344.3432, 1817492.202], [985342.0658, 1817509.5004], [985338.2894, 1817526.5346], [985333.0427, 1817543.1748], [985326.3658, 1817559.2945], [985318.3093, 1817574.7708], [985308.9346, 1817589.4861], [985298.3131, 1817603.3283], [985286.5256, 1817616.1922], [985273.6617, 1817627.9797], [985259.8195, 1817638.6012], [985245.1042, 1817647.9759], [985229.6279, 1817656.0324], [985213.5083, 1817662.7093], [985196.868, 1817667.956], [985179.8339, 1817671.7324], [985162.5354, 1817674.0097], [985145.1042, 1817674.7708], [985127.6731, 1817674.0097], [985110.3746, 1817671.7324], [985093.3404, 1817667.956], [985076.7002, 1817662.7093], [985060.5806, 1817656.0324], [985045.1042, 1817647.9759], [985030.3889, 1817638.6012], [985016.5467, 1817627.9797], [985003.6829, 1817616.1922], [984991.8953, 1817603.3283], [984981.2738, 1817589.4861], [984971.8991, 1817574.7708], [984963.8427, 1817559.2945], [984957.1657, 1817543.1748], [984951.9191, 1817526.5346], [984948.1427, 1817509.5004], [984945.8653, 1817492.202], [984945.1042, 1817474.7708], [984945.8653, 1817457.3397], [984948.1427, 1817440.0412], [984951.9191, 1817423.007], [984957.1657, 1817406.3668], [984963.8427, 1817390.2472], [984971.8991, 1817374.7708], [984981.2738, 1817360.0555], [984991.8953, 1817346.2133], [985003.6829, 1817333.3495], [985016.5467, 1817321.5619], [985030.3889, 1817310.9404], [985045.1042, 1817301.5657], [985060.5806, 1817293.5092], [985076.7002, 1817286.8323], [985093.3404, 1817281.5856], [985110.3746, 1817277.8093], [985127.6731, 1817275.5319], [985145.1042, 1817274.7708], [985162.5354, 1817275.5319], [985179.8339, 1817277.8093], [985196.868, 1817281.5856], [985213.5083, 1817286.8323], [985229.6279, 1817293.5092], [985245.1042, 1817301.5657], [985259.8195, 1817310.9404], [985273.6617, 1817321.5619], [985286.5256, 1817333.3495], [985298.3131, 1817346.2133], [985308.9346, 1817360.0555], [985318.3093, 1817374.7708], [985326.3658, 1817390.2472], [985333.0427, 1817406.3668], [985338.2894, 1817423.007], [985342.0658, 1817440.0412], [985344.3432, 1817457.3397], [985345.1042, 1817474.7708] ] ] }",2025-09-24
2019038,2018,자전거,30200003,대전광역시 유성구3,대전광역시 유성구 장대동(궁동교 부근),4,4,0,2,2,0,36.365186,127.338278,"{ type: Polygon, coordinates: [ [ [985691.8333, 1818651.2394], [985691.0722, 1818668.6706], [985688.7948, 1818685.9691], [985685.0185, 1818703.0032], [985679.7718, 1818719.6435], [985673.0948, 1818735.7631], [985665.0384, 1818751.2394], [985655.6637, 1818765.9547], [985645.0422, 1818779.797], [985633.2546, 1818792.6608], [985620.3908, 1818804.4483], [985606.5486, 1818815.0698], [985591.8333, 1818824.4445], [985576.3569, 1818832.501], [985560.2373, 1818839.178], [985543.5971, 1818844.4246], [985526.5629, 1818848.201], [985509.2644, 1818850.4784], [985491.8333, 1818851.2394], [985474.4021, 1818850.4784], [985457.1037, 1818848.201], [985440.0695, 1818844.4246], [985423.4293, 1818839.178], [985407.3096, 1818832.501], [985391.8333, 1818824.4445], [985377.118, 1818815.0698], [985363.2758, 1818804.4483], [985350.4119, 1818792.6608], [985338.6244, 1818779.797], [985328.0029, 1818765.9547], [985318.6282, 1818751.2394], [985310.5717, 1818735.7631], [985303.8948, 1818719.6435], [985298.6481, 1818703.0032], [985294.8717, 1818685.9691], [985292.5944, 1818668.6706], [985291.8333, 1818651.2394], [985292.5944, 1818633.8083], [985294.8717, 1818616.5098], [985298.6481, 1818599.4756], [985303.8948, 1818582.8354], [985310.5717, 1818566.7158], [985318.6282, 1818551.2394], [985328.0029, 1818536.5242], [985338.6244, 1818522.6819], [985350.4119, 1818509.8181], [985363.2758, 1818498.0305], [985377.118, 1818487.409], [985391.8333, 1818478.0344], [985407.3096, 1818469.9779], [985423.4293, 1818463.3009], [985440.0695, 1818458.0543], [985457.1037, 1818454.2779], [985474.4021, 1818452.0005], [985491.8333, 1818451.2394], [985509.2644, 1818452.0005], [985526.5629, 1818454.2779], [985543.5971, 1818458.0543], [985560.2373, 1818463.3009], [985576.3569, 1818469.9779], [985591.8333, 1818478.0344], [985606.5486, 1818487.409], [985620.3908, 1818498.0305], [985633.2546, 1818509.8181], [985645.0422, 1818522.6819], [985655.6637, 1818536.5242], [985665.0384, 1818551.2394], [985673.0948, 1818566.7158], [985679.7718, 1818582.8354], [985685.0185, 1818599.4756], [985688.7948, 1818616.5098], [985691.0722, 1818633.8083], [985691.8333, 1818651.2394] ] ] }",2025-09-24
2020015,2019,스쿨존어린이,30200001,대전광역시 유성구1,대전광역시 유성구 송강동(대전송강초교 부근),3,3,0,2,1,0,36.434123,127.384268,"{ type: Polygon, coordinates: [ [ [989926.854, 1826292.0207], [989925.7124, 1826318.1675], [989922.2964, 1826344.1152], [989916.6318, 1826369.6665], [989908.7618, 1826394.6268], [989898.7464, 1826418.8062], [989886.6617, 1826442.0207], [989872.5996, 1826464.0937], [989856.6674, 1826484.857], [989838.9861, 1826504.1528], [989819.6903, 1826521.8341], [989798.927, 1826537.7664], [989776.854, 1826551.8284], [989753.6395, 1826563.9131], [989729.4601, 1826573.9285], [989704.4997, 1826581.7985], [989678.9485, 1826587.4631], [989653.0008, 1826590.8792], [989626.854, 1826592.0207], [989600.7073, 1826590.8792], [989574.7596, 1826587.4631], [989549.2083, 1826581.7985], [989524.248, 1826573.9285], [989500.0686, 1826563.9131], [989476.854, 1826551.8284], [989454.7811, 1826537.7664], [989434.0178, 1826521.8341], [989414.722, 1826504.1528], [989397.0407, 1826484.857], [989381.1084, 1826464.0937], [989367.0464, 1826442.0207], [989354.9617, 1826418.8062], [989344.9462, 1826394.6268], [989337.0763, 1826369.6665], [989331.4117, 1826344.1152], [989327.9956, 1826318.1675], [989326.854, 1826292.0207], [989327.9956, 1826265.874], [989331.4117, 1826239.9263], [989337.0763, 1826214.375], [989344.9462, 1826189.4147], [989354.9617, 1826165.2353], [989367.0464, 1826142.0207], [989381.1084, 1826119.9478], [989397.0407, 1826099.1845], [989414.722, 1826079.8887], [989434.0178, 1826062.2074], [989454.7811, 1826046.2751], [989476.854, 1826032.2131], [989500.0686, 1826020.1284], [989524.248, 1826010.113], [989549.2083, 1826002.243], [989574.7596, 1825996.5784], [989600.7073, 1825993.1623], [989626.854, 1825992.0207], [989653.0008, 1825993.1623], [989678.9485, 1825996.5784], [989704.4997, 1826002.243], [989729.4601, 1826010.113], [989753.6395, 1826020.1284], [989776.854, 1826032.2131], [989798.927, 1826046.2751], [989819.6903, 1826062.2074], [989838.9861, 1826079.8887], [989856.6674, 1826099.1845], [989872.5996, 1826119.9478], [989886.6617, 1826142.0207], [989898.7464, 1826165.2353], [989908.7618, 1826189.4147], [989916.6318, 1826214.375], [989922.2964, 1826239.9263], [989925.7124, 1826265.874], [989926.854, 1826292.0207] ] ] }",2025-09-24
2020016,2019,보행어린이,30140001,대전광역시 중구1,대전광역시 중구 문화동(서대전농협 새문화지점 부근),3,4,0,0,4,0,36.319124,127.406264,"{ type: Polygon, coordinates: [ [ [991786, 1813534], [991785.2389, 1813551.4311], [991782.9616, 1813568.7296], [991779.1852, 1813585.7638], [991773.9385, 1813602.404], [991767.2616, 1813618.5237], [991759.2051, 1813634], [991749.8304, 1813648.7153], [991739.2089, 1813662.5575], [991727.4214, 1813675.4214], [991714.5575, 1813687.2089], [991700.7153, 1813697.8304], [991686, 1813707.2051], [991670.5237, 1813715.2616], [991654.404, 1813721.9385], [991637.7638, 1813727.1852], [991620.7296, 1813730.9616], [991603.4311, 1813733.2389], [991586, 1813734], [991568.5689, 1813733.2389], [991551.2704, 1813730.9616], [991534.2362, 1813727.1852], [991517.596, 1813721.9385], [991501.4763, 1813715.2616], [991486, 1813707.2051], [991471.2847, 1813697.8304], [991457.4425, 1813687.2089], [991444.5786, 1813675.4214], [991432.7911, 1813662.5575], [991422.1696, 1813648.7153], [991412.7949, 1813634], [991404.7384, 1813618.5237], [991398.0615, 1813602.404], [991392.8148, 1813585.7638], [991389.0384, 1813568.7296], [991386.7611, 1813551.4311], [991386, 1813534], [991386.7611, 1813516.5689], [991389.0384, 1813499.2704], [991392.8148, 1813482.2362], [991398.0615, 1813465.596], [991404.7384, 1813449.4763], [991412.7949, 1813434], [991422.1696, 1813419.2847], [991432.7911, 1813405.4425], [991444.5786, 1813392.5786], [991457.4425, 1813380.7911], [991471.2847, 1813370.1696], [991486, 1813360.7949], [991501.4763, 1813352.7384], [991517.596, 1813346.0615], [991534.2362, 1813340.8148], [991551.2704, 1813337.0384], [991568.5689, 1813334.7611], [991586, 1813334], [991603.4311, 1813334.7611], [991620.7296, 1813337.0384], [991637.7638, 1813340.8148], [991654.404, 1813346.0615], [991670.5237, 1813352.7384], [991686, 1813360.7949], [991700.7153, 1813370.1696], [991714.5575, 1813380.7911], [991727.4214, 1813392.5786], [991739.2089, 1813405.4425], [991749.8304, 1813419.2847], [991759.2051, 1813434], [991767.2616, 1813449.4763], [991773.9385, 1813465.596], [991779.1852, 1813482.2362], [991782.9616, 1813499.2704], [991785.2389, 1813516.5689], [991786, 1813534] ] ] }",2025-09-24
2020016,2019,보행어린이,30200001,대전광역시 유성구1,대전광역시 유성구 송강동(대전송강초교 부근),4,4,0,3,1,0,36.434529,127.385006,"{ type: Polygon, coordinates: [ [ [989893, 1826337], [989892.2389, 1826354.4311], [989889.9616, 1826371.7296], [989886.1852, 1826388.7638], [989880.9385, 1826405.404], [989874.2616, 1826421.5237], [989866.2051, 1826437], [989856.8304, 1826451.7153], [989846.2089, 1826465.5575], [989834.4214, 1826478.4214], [989821.5575, 1826490.2089], [989807.7153, 1826500.8304], [989793, 1826510.2051], [989777.5237, 1826518.2616], [989761.404, 1826524.9385], [989744.7638, 1826530.1852], [989727.7296, 1826533.9616], [989710.4311, 1826536.2389], [989693, 1826537], [989675.5689, 1826536.2389], [989658.2704, 1826533.9616], [989641.2362, 1826530.1852], [989624.596, 1826524.9385], [989608.4763, 1826518.2616], [989593, 1826510.2051], [989578.2847, 1826500.8304], [989564.4425, 1826490.2089], [989551.5786, 1826478.4214], [989539.7911, 1826465.5575], [989529.1696, 1826451.7153], [989519.7949, 1826437], [989511.7384, 1826421.5237], [989505.0615, 1826405.404], [989499.8148, 1826388.7638], [989496.0384, 1826371.7296], [989493.7611, 1826354.4311], [989493, 1826337], [989493.7611, 1826319.5689], [989496.0384, 1826302.2704], [989499.8148, 1826285.2362], [989505.0615, 1826268.596], [989511.7384, 1826252.4763], [989519.7949, 1826237], [989529.1696, 1826222.2847], [989539.7911, 1826208.4425], [989551.5786, 1826195.5786], [989564.4425, 1826183.7911], [989578.2847, 1826173.1696], [989593, 1826163.7949], [989608.4763, 1826155.7384], [989624.596, 1826149.0615], [989641.2362, 1826143.8148], [989658.2704, 1826140.0384], [989675.5689, 1826137.7611], [989693, 1826137], [989710.4311, 1826137.7611], [989727.7296, 1826140.0384], [989744.7638, 1826143.8148], [989761.404, 1826149.0615], [989777.5237, 1826155.7384], [989793, 1826163.7949], [989807.7153, 1826173.1696], [989821.5575, 1826183.7911], [989834.4214, 1826195.5786], [989846.2089, 1826208.4425], [989856.8304, 1826222.2847], [989866.2051, 1826237], [989874.2616, 1826252.4763], [989880.9385, 1826268.596], [989886.1852, 1826285.2362], [989889.9616, 1826302.2704], [989892.2389, 1826319.5689], [989893, 1826337] ] ] }",2025-09-24
2020027,2019,보행노인,30110001,대전광역시 동구1,대전광역시 동구 중동(중앙로200 부근),4,4,0,3,1,0,36.331591,127.430751,"{ type: Polygon, coordinates: [ [ [993985, 1814915], [993984.2389, 1814932.4311], [993981.9616, 1814949.7296], [993978.1852, 1814966.7638], [993972.9385, 1814983.404], [993966.2616, 1814999.5237], [993958.2051, 1815015], [993948.8304, 1815029.7153], [993938.2089, 1815043.5575], [993926.4214, 1815056.4214], [993913.5575, 1815068.2089], [993899.7153, 1815078.8304], [993885, 1815088.2051], [993869.5237, 1815096.2616], [993853.404, 1815102.9385], [993836.7638, 1815108.1852], [993819.7296, 1815111.9616], [993802.4311, 1815114.2389], [993785, 1815115], [993767.5689, 1815114.2389], [993750.2704, 1815111.9616], [993733.2362, 1815108.1852], [993716.596, 1815102.9385], [993700.4763, 1815096.2616], [993685, 1815088.2051], [993670.2847, 1815078.8304], [993656.4425, 1815068.2089], [993643.5786, 1815056.4214], [993631.7911, 1815043.5575], [993621.1696, 1815029.7153], [993611.7949, 1815015], [993603.7384, 1814999.5237], [993597.0615, 1814983.404], [993591.8148, 1814966.7638], [993588.0384, 1814949.7296], [993585.7611, 1814932.4311], [993585, 1814915], [993585.7611, 1814897.5689], [993588.0384, 1814880.2704], [993591.8148, 1814863.2362], [993597.0615, 1814846.596], [993603.7384, 1814830.4763], [993611.7949, 1814815], [993621.1696, 1814800.2847], [993631.7911, 1814786.4425], [993643.5786, 1814773.5786], [993656.4425, 1814761.7911], [993670.2847, 1814751.1696], [993685, 1814741.7949], [993700.4763, 1814733.7384], [993716.596, 1814727.0615], [993733.2362, 1814721.8148], [993750.2704, 1814718.0384], [993767.5689, 1814715.7611], [993785, 1814715], [993802.4311, 1814715.7611], [993819.7296, 1814718.0384], [993836.7638, 1814721.8148], [993853.404, 1814727.0615], [993869.5237, 1814733.7384], [993885, 1814741.7949], [993899.7153, 1814751.1696], [993913.5575, 1814761.7911], [993926.4214, 1814773.5786], [993938.2089, 1814786.4425], [993948.8304, 1814800.2847], [993958.2051, 1814815], [993966.2616, 1814830.4763], [993972.9385, 1814846.596], [993978.1852, 1814863.2362], [993981.9616, 1814880.2704], [993984.2389, 1814897.5689], [993985, 1814915] ] ] }",2025-09-24
2020027,2019,보행노인,30110002,대전광역시 동구2,대전광역시 동구 판암동(옥천로178 부근),4,4,0,0,3,1,36.317236,127.458323,"{ type: Polygon, coordinates: [ [ [996458.8128, 1813321.3022], [996458.0517, 1813338.7333], [996455.7744, 1813356.0318], [996451.998, 1813373.066], [996446.7513, 1813389.7062], [996440.0744, 1813405.8258], [996432.0179, 1813421.3022], [996422.6432, 1813436.0175], [996412.0217, 1813449.8597], [996400.2342, 1813462.7235], [996387.3703, 1813474.5111], [996373.5281, 1813485.1326], [996358.8128, 1813494.5073], [996343.3365, 1813502.5637], [996327.2168, 1813509.2407], [996310.5766, 1813514.4873], [996293.5424, 1813518.2637], [996276.244, 1813520.5411], [996258.8128, 1813521.3022], [996241.3817, 1813520.5411], [996224.0832, 1813518.2637], [996207.049, 1813514.4873], [996190.4088, 1813509.2407], [996174.2891, 1813502.5637], [996158.8128, 1813494.5073], [996144.0975, 1813485.1326], [996130.2553, 1813474.5111], [996117.3914, 1813462.7235], [996105.6039, 1813449.8597], [996094.9824, 1813436.0175], [996085.6077, 1813421.3022], [996077.5512, 1813405.8258], [996070.8743, 1813389.7062], [996065.6276, 1813373.066], [996061.8513, 1813356.0318], [996059.5739, 1813338.7333], [996058.8128, 1813321.3022], [996059.5739, 1813303.871], [996061.8513, 1813286.5725], [996065.6276, 1813269.5384], [996070.8743, 1813252.8981], [996077.5512, 1813236.7785], [996085.6077, 1813221.3022], [996094.9824, 1813206.5869], [996105.6039, 1813192.7447], [996117.3914, 1813179.8808], [996130.2553, 1813168.0933], [996144.0975, 1813157.4718], [996158.8128, 1813148.0971], [996174.2891, 1813140.0406], [996190.4088, 1813133.3637], [996207.049, 1813128.117], [996224.0832, 1813124.3406], [996241.3817, 1813122.0632], [996258.8128, 1813121.3022], [996276.244, 1813122.0632], [996293.5424, 1813124.3406], [996310.5766, 1813128.117], [996327.2168, 1813133.3637], [996343.3365, 1813140.0406], [996358.8128, 1813148.0971], [996373.5281, 1813157.4718], [996387.3703, 1813168.0933], [996400.2342, 1813179.8808], [996412.0217, 1813192.7447], [996422.6432, 1813206.5869], [996432.0179, 1813221.3022], [996440.0744, 1813236.7785], [996446.7513, 1813252.8981], [996451.998, 1813269.5384], [996455.7744, 1813286.5725], [996458.0517, 1813303.871], [996458.8128, 1813321.3022] ] ] }",2025-09-24
2020027,2019,보행노인,30110003,대전광역시 동구3,대전광역시 동구 인동(보문교 부근),3,3,1,1,1,0,36.321559,127.436858,"{ type: Polygon, coordinates: [ [ [994532.3647, 1813801.8438], [994531.6036, 1813819.2749], [994529.3262, 1813836.5734], [994525.5498, 1813853.6076], [994520.3032, 1813870.2478], [994513.6262, 1813886.3674], [994505.5697, 1813901.8438], [994496.1951, 1813916.5591], [994485.5735, 1813930.4013], [994473.786, 1813943.2651], [994460.9222, 1813955.0527], [994447.0799, 1813965.6742], [994432.3647, 1813975.0489], [994416.8883, 1813983.1053], [994400.7687, 1813989.7823], [994384.1285, 1813995.029], [994367.0943, 1813998.8053], [994349.7958, 1814001.0827], [994332.3647, 1814001.8438], [994314.9335, 1814001.0827], [994297.635, 1813998.8053], [994280.6009, 1813995.029], [994263.9606, 1813989.7823], [994247.841, 1813983.1053], [994232.3647, 1813975.0489], [994217.6494, 1813965.6742], [994203.8071, 1813955.0527], [994190.9433, 1813943.2651], [994179.1558, 1813930.4013], [994168.5343, 1813916.5591], [994159.1596, 1813901.8438], [994151.1031, 1813886.3674], [994144.4261, 1813870.2478], [994139.1795, 1813853.6076], [994135.4031, 1813836.5734], [994133.1257, 1813819.2749], [994132.3647, 1813801.8438], [994133.1257, 1813784.4126], [994135.4031, 1813767.1142], [994139.1795, 1813750.08], [994144.4261, 1813733.4398], [994151.1031, 1813717.3201], [994159.1596, 1813701.8438], [994168.5343, 1813687.1285], [994179.1558, 1813673.2863], [994190.9433, 1813660.4224], [994203.8071, 1813648.6349], [994217.6494, 1813638.0134], [994232.3647, 1813628.6387], [994247.841, 1813620.5822], [994263.9606, 1813613.9053], [994280.6009, 1813608.6586], [994297.635, 1813604.8822], [994314.9335, 1813602.6049], [994332.3647, 1813601.8438], [994349.7958, 1813602.6049], [994367.0943, 1813604.8822], [994384.1285, 1813608.6586], [994400.7687, 1813613.9053], [994416.8883, 1813620.5822], [994432.3647, 1813628.6387], [994447.0799, 1813638.0134], [994460.9222, 1813648.6349], [994473.786, 1813660.4224], [994485.5735, 1813673.2863], [994496.1951, 1813687.1285], [994505.5697, 1813701.8438], [994513.6262, 1813717.3201], [994520.3032, 1813733.4398], [994525.5498, 1813750.08], [994529.3262, 1813767.1142], [994531.6036, 1813784.4126], [994532.3647, 1813801.8438] ] ] }",2025-09-24
2020027,2019,보행노인,30110004,대전광역시 동구4,대전광역시 동구 삼성동(대전로968 부근),3,3,0,2,1,0,36.342775,127.423676,"{ type: Polygon, coordinates: [ [ [993351, 1816156], [993350.2389, 1816173.4311], [993347.9616, 1816190.7296], [993344.1852, 1816207.7638], [993338.9385, 1816224.404], [993332.2616, 1816240.5237], [993324.2051, 1816256], [993314.8304, 1816270.7153], [993304.2089, 1816284.5575], [993292.4214, 1816297.4214], [993279.5575, 1816309.2089], [993265.7153, 1816319.8304], [993251, 1816329.2051], [993235.5237, 1816337.2616], [993219.404, 1816343.9385], [993202.7638, 1816349.1852], [993185.7296, 1816352.9616], [993168.4311, 1816355.2389], [993151, 1816356], [993133.5689, 1816355.2389], [993116.2704, 1816352.9616], [993099.2362, 1816349.1852], [993082.596, 1816343.9385], [993066.4763, 1816337.2616], [993051, 1816329.2051], [993036.2847, 1816319.8304], [993022.4425, 1816309.2089], [993009.5786, 1816297.4214], [992997.7911, 1816284.5575], [992987.1696, 1816270.7153], [992977.7949, 1816256], [992969.7384, 1816240.5237], [992963.0615, 1816224.404], [992957.8148, 1816207.7638], [992954.0384, 1816190.7296], [992951.7611, 1816173.4311], [992951, 1816156], [992951.7611, 1816138.5689], [992954.0384, 1816121.2704], [992957.8148, 1816104.2362], [992963.0615, 1816087.596], [992969.7384, 1816071.4763], [992977.7949, 1816056], [992987.1696, 1816041.2847], [992997.7911, 1816027.4425], [993009.5786, 1816014.5786], [993022.4425, 1816002.7911], [993036.2847, 1815992.1696], [993051, 1815982.7949], [993066.4763, 1815974.7384], [993082.596, 1815968.0615], [993099.2362, 1815962.8148], [993116.2704, 1815959.0384], [993133.5689, 1815956.7611], [993151, 1815956], [993168.4311, 1815956.7611], [993185.7296, 1815959.0384], [993202.7638, 1815962.8148], [993219.404, 1815968.0615], [993235.5237, 1815974.7384], [993251, 1815982.7949], [993265.7153, 1815992.1696], [993279.5575, 1816002.7911], [993292.4214, 1816014.5786], [993304.2089, 1816027.4425], [993314.8304, 1816041.2847], [993324.2051, 1816056], [993332.2616, 1816071.4763], [993338.9385, 1816087.596], [993344.1852, 1816104.2362], [993347.9616, 1816121.2704], [993350.2389, 1816138.5689], [993351, 1816156] ] ] }",2025-09-24
2020027,2019,보행노인,30110005,대전광역시 동구5,대전광역시 동구 용전동(동서대로1669 부근),3,3,0,1,2,0,36.349129,127.43516,"{ type: Polygon, coordinates: [ [ [994382, 1816860], [994381.2389, 1816877.4311], [994378.9616, 1816894.7296], [994375.1852, 1816911.7638], [994369.9385, 1816928.404], [994363.2616, 1816944.5237], [994355.2051, 1816960], [994345.8304, 1816974.7153], [994335.2089, 1816988.5575], [994323.4214, 1817001.4214], [994310.5575, 1817013.2089], [994296.7153, 1817023.8304], [994282, 1817033.2051], [994266.5237, 1817041.2616], [994250.404, 1817047.9385], [994233.7638, 1817053.1852], [994216.7296, 1817056.9616], [994199.4311, 1817059.2389], [994182, 1817060], [994164.5689, 1817059.2389], [994147.2704, 1817056.9616], [994130.2362, 1817053.1852], [994113.596, 1817047.9385], [994097.4763, 1817041.2616], [994082, 1817033.2051], [994067.2847, 1817023.8304], [994053.4425, 1817013.2089], [994040.5786, 1817001.4214], [994028.7911, 1816988.5575], [994018.1696, 1816974.7153], [994008.7949, 1816960], [994000.7384, 1816944.5237], [993994.0615, 1816928.404], [993988.8148, 1816911.7638], [993985.0384, 1816894.7296], [993982.7611, 1816877.4311], [993982, 1816860], [993982.7611, 1816842.5689], [993985.0384, 1816825.2704], [993988.8148, 1816808.2362], [993994.0615, 1816791.596], [994000.7384, 1816775.4763], [994008.7949, 1816760], [994018.1696, 1816745.2847], [994028.7911, 1816731.4425], [994040.5786, 1816718.5786], [994053.4425, 1816706.7911], [994067.2847, 1816696.1696], [994082, 1816686.7949], [994097.4763, 1816678.7384], [994113.596, 1816672.0615], [994130.2362, 1816666.8148], [994147.2704, 1816663.0384], [994164.5689, 1816660.7611], [994182, 1816660], [994199.4311, 1816660.7611], [994216.7296, 1816663.0384], [994233.7638, 1816666.8148], [994250.404, 1816672.0615], [994266.5237, 1816678.7384], [994282, 1816686.7949], [994296.7153, 1816696.1696], [994310.5575, 1816706.7911], [994323.4214, 1816718.5786], [994335.2089, 1816731.4425], [994345.8304, 1816745.2847], [994355.2051, 1816760], [994363.2616, 1816775.4763], [994369.9385, 1816791.596], [994375.1852, 1816808.2362], [994378.9616, 1816825.2704], [994381.2389, 1816842.5689], [994382, 1816860] ] ] }",2025-09-24
2020027,2019,보행노인,30140001,대전광역시 중구1,대전광역시 중구 대흥동(교량 부근),3,3,1,2,0,0,36.327642,127.430276,"{ type: Polygon, coordinates: [ [ [993942, 1814477], [993941.2389, 1814494.4311], [993938.9616, 1814511.7296], [993935.1852, 1814528.7638], [993929.9385, 1814545.404], [993923.2616, 1814561.5237], [993915.2051, 1814577], [993905.8304, 1814591.7153], [993895.2089, 1814605.5575], [993883.4214, 1814618.4214], [993870.5575, 1814630.2089], [993856.7153, 1814640.8304], [993842, 1814650.2051], [993826.5237, 1814658.2616], [993810.404, 1814664.9385], [993793.7638, 1814670.1852], [993776.7296, 1814673.9616], [993759.4311, 1814676.2389], [993742, 1814677], [993724.5689, 1814676.2389], [993707.2704, 1814673.9616], [993690.2362, 1814670.1852], [993673.596, 1814664.9385], [993657.4763, 1814658.2616], [993642, 1814650.2051], [993627.2847, 1814640.8304], [993613.4425, 1814630.2089], [993600.5786, 1814618.4214], [993588.7911, 1814605.5575], [993578.1696, 1814591.7153], [993568.7949, 1814577], [993560.7384, 1814561.5237], [993554.0615, 1814545.404], [993548.8148, 1814528.7638], [993545.0384, 1814511.7296], [993542.7611, 1814494.4311], [993542, 1814477], [993542.7611, 1814459.5689], [993545.0384, 1814442.2704], [993548.8148, 1814425.2362], [993554.0615, 1814408.596], [993560.7384, 1814392.4763], [993568.7949, 1814377], [993578.1696, 1814362.2847], [993588.7911, 1814348.4425], [993600.5786, 1814335.5786], [993613.4425, 1814323.7911], [993627.2847, 1814313.1696], [993642, 1814303.7949], [993657.4763, 1814295.7384], [993673.596, 1814289.0615], [993690.2362, 1814283.8148], [993707.2704, 1814280.0384], [993724.5689, 1814277.7611], [993742, 1814277], [993759.4311, 1814277.7611], [993776.7296, 1814280.0384], [993793.7638, 1814283.8148], [993810.404, 1814289.0615], [993826.5237, 1814295.7384], [993842, 1814303.7949], [993856.7153, 1814313.1696], [993870.5575, 1814323.7911], [993883.4214, 1814335.5786], [993895.2089, 1814348.4425], [993905.8304, 1814362.2847], [993915.2051, 1814377], [993923.2616, 1814392.4763], [993929.9385, 1814408.596], [993935.1852, 1814425.2362], [993938.9616, 1814442.2704], [993941.2389, 1814459.5689], [993942, 1814477] ] ] }",2025-09-24
2020027,2019,보행노인,30140002,대전광역시 중구2,대전광역시 중구 대흥동(테미로462 부근),3,3,0,2,1,0,36.321381,127.420878,"{ type: Polygon, coordinates: [ [ [993097.9583, 1813783.177], [993097.1972, 1813800.6081], [993094.9198, 1813817.9066], [993091.1434, 1813834.9408], [993085.8968, 1813851.581], [993079.2198, 1813867.7006], [993071.1633, 1813883.177], [993061.7887, 1813897.8922], [993051.1671, 1813911.7345], [993039.3796, 1813924.5983], [993026.5158, 1813936.3858], [993012.6735, 1813947.0074], [992997.9583, 1813956.382], [992982.4819, 1813964.4385], [992966.3623, 1813971.1155], [992949.7221, 1813976.3621], [992932.6879, 1813980.1385], [992915.3894, 1813982.4159], [992897.9583, 1813983.177], [992880.5271, 1813982.4159], [992863.2286, 1813980.1385], [992846.1945, 1813976.3621], [992829.5542, 1813971.1155], [992813.4346, 1813964.4385], [992797.9583, 1813956.382], [992783.243, 1813947.0074], [992769.4007, 1813936.3858], [992756.5369, 1813924.5983], [992744.7494, 1813911.7345], [992734.1279, 1813897.8922], [992724.7532, 1813883.177], [992716.6967, 1813867.7006], [992710.0197, 1813851.581], [992704.7731, 1813834.9408], [992700.9967, 1813817.9066], [992698.7193, 1813800.6081], [992697.9583, 1813783.177], [992698.7193, 1813765.7458], [992700.9967, 1813748.4473], [992704.7731, 1813731.4131], [992710.0197, 1813714.7729], [992716.6967, 1813698.6533], [992724.7532, 1813683.177], [992734.1279, 1813668.4617], [992744.7494, 1813654.6194], [992756.5369, 1813641.7556], [992769.4007, 1813629.9681], [992783.243, 1813619.3465], [992797.9583, 1813609.9719], [992813.4346, 1813601.9154], [992829.5542, 1813595.2384], [992846.1945, 1813589.9918], [992863.2286, 1813586.2154], [992880.5271, 1813583.938], [992897.9583, 1813583.177], [992915.3894, 1813583.938], [992932.6879, 1813586.2154], [992949.7221, 1813589.9918], [992966.3623, 1813595.2384], [992982.4819, 1813601.9154], [992997.9583, 1813609.9719], [993012.6735, 1813619.3465], [993026.5158, 1813629.9681], [993039.3796, 1813641.7556], [993051.1671, 1813654.6194], [993061.7887, 1813668.4617], [993071.1633, 1813683.177], [993079.2198, 1813698.6533], [993085.8968, 1813714.7729], [993091.1434, 1813731.4131], [993094.9198, 1813748.4473], [993097.1972, 1813765.7458], [993097.9583, 1813783.177] ] ] }",2025-09-24
2020027,2019,보행노인,30140003,대전광역시 중구3,대전광역시 중구 목동(대흥사거리 부근),2,2,1,0,1,0,36.324296,127.428045,"{ type: Polygon, coordinates: [ [ [993742.0321, 1814105.9693], [993741.2692, 1814123.4417], [993738.9864, 1814140.7811], [993735.2011, 1814157.8556], [993729.942, 1814174.5353], [993723.2493, 1814190.6931], [993715.1737, 1814206.2061], [993705.7768, 1814220.9562], [993695.1302, 1814234.8312], [993683.3147, 1814247.7255], [993670.4204, 1814259.5409], [993656.5454, 1814270.1876], [993641.7953, 1814279.5845], [993626.2823, 1814287.66], [993610.1245, 1814294.3528], [993593.4449, 1814299.6119], [993576.3704, 1814303.3972], [993559.0309, 1814305.68], [993541.5585, 1814306.4428], [993524.0861, 1814305.68], [993506.7466, 1814303.3972], [993489.6721, 1814299.6119], [993472.9925, 1814294.3528], [993456.8347, 1814287.66], [993441.3217, 1814279.5845], [993426.5716, 1814270.1876], [993412.6966, 1814259.5409], [993399.8023, 1814247.7255], [993387.9868, 1814234.8312], [993377.3402, 1814220.9562], [993367.9433, 1814206.2061], [993359.8677, 1814190.6931], [993353.175, 1814174.5353], [993347.9159, 1814157.8556], [993344.1306, 1814140.7811], [993341.8478, 1814123.4417], [993341.0849, 1814105.9693], [993341.8478, 1814088.4968], [993344.1306, 1814071.1574], [993347.9159, 1814054.0829], [993353.175, 1814037.4033], [993359.8677, 1814021.2455], [993367.9433, 1814005.7325], [993377.3402, 1813990.9823], [993387.9868, 1813977.1073], [993399.8023, 1813964.213], [993412.6966, 1813952.3976], [993426.5716, 1813941.7509], [993441.3217, 1813932.3541], [993456.8347, 1813924.2785], [993472.9925, 1813917.5857], [993489.6721, 1813912.3267], [993506.7466, 1813908.5413], [993524.0861, 1813906.2586], [993541.5585, 1813905.4957], [993559.0309, 1813906.2586], [993576.3704, 1813908.5413], [993593.4449, 1813912.3267], [993610.1245, 1813917.5857], [993626.2823, 1813924.2785], [993641.7953, 1813932.3541], [993656.5454, 1813941.7509], [993670.4204, 1813952.3976], [993683.3147, 1813964.213], [993695.1302, 1813977.1073], [993705.7768, 1813990.9823], [993715.1737, 1814005.7325], [993723.2493, 1814021.2455], [993729.942, 1814037.4033], [993735.2011, 1814054.0829], [993738.9864, 1814071.1574], [993741.2692, 1814088.4968], [993742.0321, 1814105.9693] ] ] }",2025-09-24
2020027,2019,보행노인,30200001,대전광역시 유성구1,대전광역시 유성구 봉명동(유성삼거리 부근),5,7,2,2,3,0,36.355093,127.336353,"{ type: Polygon, coordinates: [ [ [985517.3127, 1817532.0522], [985516.5516, 1817549.4834], [985514.2742, 1817566.7819], [985510.4978, 1817583.816], [985505.2512, 1817600.4563], [985498.5742, 1817616.5759], [985490.5178, 1817632.0522], [985481.1431, 1817646.7675], [985470.5216, 1817660.6098], [985458.734, 1817673.4736], [985445.8702, 1817685.2611], [985432.028, 1817695.8826], [985417.3127, 1817705.2573], [985401.8363, 1817713.3138], [985385.7167, 1817719.9908], [985369.0765, 1817725.2374], [985352.0423, 1817729.0138], [985334.7438, 1817731.2912], [985317.3127, 1817732.0522], [985299.8815, 1817731.2912], [985282.583, 1817729.0138], [985265.5489, 1817725.2374], [985248.9086, 1817719.9908], [985232.789, 1817713.3138], [985217.3127, 1817705.2573], [985202.5974, 1817695.8826], [985188.7552, 1817685.2611], [985175.8913, 1817673.4736], [985164.1038, 1817660.6098], [985153.4823, 1817646.7675], [985144.1076, 1817632.0522], [985136.0511, 1817616.5759], [985129.3742, 1817600.4563], [985124.1275, 1817583.816], [985120.3511, 1817566.7819], [985118.0737, 1817549.4834], [985117.3127, 1817532.0522], [985118.0737, 1817514.6211], [985120.3511, 1817497.3226], [985124.1275, 1817480.2884], [985129.3742, 1817463.6482], [985136.0511, 1817447.5286], [985144.1076, 1817432.0522], [985153.4823, 1817417.337], [985164.1038, 1817403.4947], [985175.8913, 1817390.6309], [985188.7552, 1817378.8434], [985202.5974, 1817368.2218], [985217.3127, 1817358.8472], [985232.789, 1817350.7907], [985248.9086, 1817344.1137], [985265.5489, 1817338.8671], [985282.583, 1817335.0907], [985299.8815, 1817332.8133], [985317.3127, 1817332.0522], [985334.7438, 1817332.8133], [985352.0423, 1817335.0907], [985369.0765, 1817338.8671], [985385.7167, 1817344.1137], [985401.8363, 1817350.7907], [985417.3127, 1817358.8472], [985432.028, 1817368.2218], [985445.8702, 1817378.8434], [985458.734, 1817390.6309], [985470.5216, 1817403.4947], [985481.1431, 1817417.337], [985490.5178, 1817432.0522], [985498.5742, 1817447.5286], [985505.2512, 1817463.6482], [985510.4978, 1817480.2884], [985514.2742, 1817497.3226], [985516.5516, 1817514.6211], [985517.3127, 1817532.0522] ] ] }",2025-09-24
2020027,2019,보행노인,30200002,대전광역시 유성구2,대전광역시 유성구 장대동(장대로25 부근),5,5,1,4,0,0,36.357925,127.336387,"{ type: Polygon, coordinates: [ [ [985520.865, 1817846.1147], [985520.104, 1817863.5459], [985517.8266, 1817880.8444], [985514.0502, 1817897.8785], [985508.8036, 1817914.5188], [985502.1266, 1817930.6384], [985494.0701, 1817946.1147], [985484.6954, 1817960.83], [985474.0739, 1817974.6722], [985462.2864, 1817987.5361], [985449.4226, 1817999.3236], [985435.5803, 1818009.9451], [985420.865, 1818019.3198], [985405.3887, 1818027.3763], [985389.2691, 1818034.0532], [985372.6289, 1818039.2999], [985355.5947, 1818043.0763], [985338.2962, 1818045.3537], [985320.865, 1818046.1147], [985303.4339, 1818045.3537], [985286.1354, 1818043.0763], [985269.1012, 1818039.2999], [985252.461, 1818034.0532], [985236.3414, 1818027.3763], [985220.865, 1818019.3198], [985206.1498, 1818009.9451], [985192.3075, 1817999.3236], [985179.4437, 1817987.5361], [985167.6562, 1817974.6722], [985157.0346, 1817960.83], [985147.66, 1817946.1147], [985139.6035, 1817930.6384], [985132.9265, 1817914.5188], [985127.6799, 1817897.8785], [985123.9035, 1817880.8444], [985121.6261, 1817863.5459], [985120.865, 1817846.1147], [985121.6261, 1817828.6836], [985123.9035, 1817811.3851], [985127.6799, 1817794.3509], [985132.9265, 1817777.7107], [985139.6035, 1817761.5911], [985147.66, 1817746.1147], [985157.0346, 1817731.3994], [985167.6562, 1817717.5572], [985179.4437, 1817704.6934], [985192.3075, 1817692.9058], [985206.1498, 1817682.2843], [985220.865, 1817672.9096], [985236.3414, 1817664.8532], [985252.461, 1817658.1762], [985269.1012, 1817652.9296], [985286.1354, 1817649.1532], [985303.4339, 1817646.8758], [985320.865, 1817646.1147], [985338.2962, 1817646.8758], [985355.5947, 1817649.1532], [985372.6289, 1817652.9296], [985389.2691, 1817658.1762], [985405.3887, 1817664.8532], [985420.865, 1817672.9096], [985435.5803, 1817682.2843], [985449.4226, 1817692.9058], [985462.2864, 1817704.6934], [985474.0739, 1817717.5572], [985484.6954, 1817731.3994], [985494.0701, 1817746.1147], [985502.1266, 1817761.5911], [985508.8036, 1817777.7107], [985514.0502, 1817794.3509], [985517.8266, 1817811.3851], [985520.104, 1817828.6836], [985520.865, 1817846.1147] ] ] }",2025-09-24
2020027,2019,보행노인,30230001,대전광역시 대덕구1,대전광역시 대덕구 중리동(홍도로106 부근),6,6,0,2,3,1,36.356191,127.427256,"{ type: Polygon, coordinates: [ [ [993673.3542, 1817643.8335], [993672.5931, 1817661.2647], [993670.3157, 1817678.5632], [993666.5393, 1817695.5974], [993661.2927, 1817712.2376], [993654.6157, 1817728.3572], [993646.5592, 1817743.8335], [993637.1846, 1817758.5488], [993626.5631, 1817772.3911], [993614.7755, 1817785.2549], [993601.9117, 1817797.0424], [993588.0694, 1817807.664], [993573.3542, 1817817.0386], [993557.8778, 1817825.0951], [993541.7582, 1817831.7721], [993525.118, 1817837.0187], [993508.0838, 1817840.7951], [993490.7853, 1817843.0725], [993473.3542, 1817843.8335], [993455.923, 1817843.0725], [993438.6245, 1817840.7951], [993421.5904, 1817837.0187], [993404.9501, 1817831.7721], [993388.8305, 1817825.0951], [993373.3542, 1817817.0386], [993358.6389, 1817807.664], [993344.7966, 1817797.0424], [993331.9328, 1817785.2549], [993320.1453, 1817772.3911], [993309.5238, 1817758.5488], [993300.1491, 1817743.8335], [993292.0926, 1817728.3572], [993285.4156, 1817712.2376], [993280.169, 1817695.5974], [993276.3926, 1817678.5632], [993274.1152, 1817661.2647], [993273.3542, 1817643.8335], [993274.1152, 1817626.4024], [993276.3926, 1817609.1039], [993280.169, 1817592.0697], [993285.4156, 1817575.4295], [993292.0926, 1817559.3099], [993300.1491, 1817543.8335], [993309.5238, 1817529.1183], [993320.1453, 1817515.276], [993331.9328, 1817502.4122], [993344.7966, 1817490.6247], [993358.6389, 1817480.0031], [993373.3542, 1817470.6285], [993388.8305, 1817462.572], [993404.9501, 1817455.895], [993421.5904, 1817450.6484], [993438.6245, 1817446.872], [993455.923, 1817444.5946], [993473.3542, 1817443.8335], [993490.7853, 1817444.5946], [993508.0838, 1817446.872], [993525.118, 1817450.6484], [993541.7582, 1817455.895], [993557.8778, 1817462.572], [993573.3542, 1817470.6285], [993588.0694, 1817480.0031], [993601.9117, 1817490.6247], [993614.7755, 1817502.4122], [993626.5631, 1817515.276], [993637.1846, 1817529.1183], [993646.5592, 1817543.8335], [993654.6157, 1817559.3099], [993661.2927, 1817575.4295], [993666.5393, 1817592.0697], [993670.3157, 1817609.1039], [993672.5931, 1817626.4024], [993673.3542, 1817643.8335] ] ] }",2025-09-24
2020027,2019,보행노인,30230002,대전광역시 대덕구2,대전광역시 대덕구 오정동(대전천북로350 부근),4,4,0,1,3,0,36.357252,127.406927,"{ type: Polygon, coordinates: [ [ [991849.5419, 1817763.073], [991848.7808, 1817780.5041], [991846.5034, 1817797.8026], [991842.727, 1817814.8368], [991837.4804, 1817831.477], [991830.8034, 1817847.5966], [991822.7469, 1817863.073], [991813.3723, 1817877.7883], [991802.7508, 1817891.6305], [991790.9632, 1817904.4943], [991778.0994, 1817916.2819], [991764.2572, 1817926.9034], [991749.5419, 1817936.2781], [991734.0655, 1817944.3345], [991717.9459, 1817951.0115], [991701.3057, 1817956.2581], [991684.2715, 1817960.0345], [991666.973, 1817962.3119], [991649.5419, 1817963.073], [991632.1107, 1817962.3119], [991614.8122, 1817960.0345], [991597.7781, 1817956.2581], [991581.1378, 1817951.0115], [991565.0182, 1817944.3345], [991549.5419, 1817936.2781], [991534.8266, 1817926.9034], [991520.9843, 1817916.2819], [991508.1205, 1817904.4943], [991496.333, 1817891.6305], [991485.7115, 1817877.7883], [991476.3368, 1817863.073], [991468.2803, 1817847.5966], [991461.6033, 1817831.477], [991456.3567, 1817814.8368], [991452.5803, 1817797.8026], [991450.3029, 1817780.5041], [991449.5419, 1817763.073], [991450.3029, 1817745.6418], [991452.5803, 1817728.3433], [991456.3567, 1817711.3092], [991461.6033, 1817694.669], [991468.2803, 1817678.5493], [991476.3368, 1817663.073], [991485.7115, 1817648.3577], [991496.333, 1817634.5155], [991508.1205, 1817621.6516], [991520.9843, 1817609.8641], [991534.8266, 1817599.2426], [991549.5419, 1817589.8679], [991565.0182, 1817581.8114], [991581.1378, 1817575.1345], [991597.7781, 1817569.8878], [991614.8122, 1817566.1114], [991632.1107, 1817563.834], [991649.5419, 1817563.073], [991666.973, 1817563.834], [991684.2715, 1817566.1114], [991701.3057, 1817569.8878], [991717.9459, 1817575.1345], [991734.0655, 1817581.8114], [991749.5419, 1817589.8679], [991764.2572, 1817599.2426], [991778.0994, 1817609.8641], [991790.9632, 1817621.6516], [991802.7508, 1817634.5155], [991813.3723, 1817648.3577], [991822.7469, 1817663.073], [991830.8034, 1817678.5493], [991837.4804, 1817694.669], [991842.727, 1817711.3092], [991846.5034, 1817728.3433], [991848.7808, 1817745.6418], [991849.5419, 1817763.073] ] ] }",2025-09-24
2020027,2019,보행노인,30230003,대전광역시 대덕구3,대전광역시 대덕구 비래동(우암로408 부근),3,3,0,3,0,0,36.355295,127.454905,"{ type: Polygon, coordinates: [ [ [996154, 1817543], [996153.2389, 1817560.4311], [996150.9616, 1817577.7296], [996147.1852, 1817594.7638], [996141.9385, 1817611.404], [996135.2616, 1817627.5237], [996127.2051, 1817643], [996117.8304, 1817657.7153], [996107.2089, 1817671.5575], [996095.4214, 1817684.4214], [996082.5575, 1817696.2089], [996068.7153, 1817706.8304], [996054, 1817716.2051], [996038.5237, 1817724.2616], [996022.404, 1817730.9385], [996005.7638, 1817736.1852], [995988.7296, 1817739.9616], [995971.4311, 1817742.2389], [995954, 1817743], [995936.5689, 1817742.2389], [995919.2704, 1817739.9616], [995902.2362, 1817736.1852], [995885.596, 1817730.9385], [995869.4763, 1817724.2616], [995854, 1817716.2051], [995839.2847, 1817706.8304], [995825.4425, 1817696.2089], [995812.5786, 1817684.4214], [995800.7911, 1817671.5575], [995790.1696, 1817657.7153], [995780.7949, 1817643], [995772.7384, 1817627.5237], [995766.0615, 1817611.404], [995760.8148, 1817594.7638], [995757.0384, 1817577.7296], [995754.7611, 1817560.4311], [995754, 1817543], [995754.7611, 1817525.5689], [995757.0384, 1817508.2704], [995760.8148, 1817491.2362], [995766.0615, 1817474.596], [995772.7384, 1817458.4763], [995780.7949, 1817443], [995790.1696, 1817428.2847], [995800.7911, 1817414.4425], [995812.5786, 1817401.5786], [995825.4425, 1817389.7911], [995839.2847, 1817379.1696], [995854, 1817369.7949], [995869.4763, 1817361.7384], [995885.596, 1817355.0615], [995902.2362, 1817349.8148], [995919.2704, 1817346.0384], [995936.5689, 1817343.7611], [995954, 1817343], [995971.4311, 1817343.7611], [995988.7296, 1817346.0384], [996005.7638, 1817349.8148], [996022.404, 1817355.0615], [996038.5237, 1817361.7384], [996054, 1817369.7949], [996068.7153, 1817379.1696], [996082.5575, 1817389.7911], [996095.4214, 1817401.5786], [996107.2089, 1817414.4425], [996117.8304, 1817428.2847], [996127.2051, 1817443], [996135.2616, 1817458.4763], [996141.9385, 1817474.596], [996147.1852, 1817491.2362], [996150.9616, 1817508.2704], [996153.2389, 1817525.5689], [996154, 1817543] ] ] }",2025-09-24
2020037,2019,자전거,30110001,대전광역시 동구1,대전광역시 동구 성남동(성남네거리 부근),7,7,0,1,6,0,36.340947,127.435861,"{ type: Polygon, coordinates: [ [ [994444.2499, 1815952.4584], [994443.4889, 1815969.8895], [994441.2115, 1815987.188], [994437.4351, 1816004.2222], [994432.1885, 1816020.8624], [994425.5115, 1816036.982], [994417.455, 1816052.4584], [994408.0803, 1816067.1737], [994397.4588, 1816081.0159], [994385.6713, 1816093.8797], [994372.8075, 1816105.6673], [994358.9652, 1816116.2888], [994344.2499, 1816125.6635], [994328.7736, 1816133.7199], [994312.654, 1816140.3969], [994296.0137, 1816145.6436], [994278.9796, 1816149.4199], [994261.6811, 1816151.6973], [994244.2499, 1816152.4584], [994226.8188, 1816151.6973], [994209.5203, 1816149.4199], [994192.4861, 1816145.6436], [994175.8459, 1816140.3969], [994159.7263, 1816133.7199], [994144.2499, 1816125.6635], [994129.5346, 1816116.2888], [994115.6924, 1816105.6673], [994102.8286, 1816093.8797], [994091.041, 1816081.0159], [994080.4195, 1816067.1737], [994071.0449, 1816052.4584], [994062.9884, 1816036.982], [994056.3114, 1816020.8624], [994051.0648, 1816004.2222], [994047.2884, 1815987.188], [994045.011, 1815969.8895], [994044.2499, 1815952.4584], [994045.011, 1815935.0272], [994047.2884, 1815917.7288], [994051.0648, 1815900.6946], [994056.3114, 1815884.0544], [994062.9884, 1815867.9347], [994071.0449, 1815852.4584], [994080.4195, 1815837.7431], [994091.041, 1815823.9009], [994102.8286, 1815811.037], [994115.6924, 1815799.2495], [994129.5346, 1815788.628], [994144.2499, 1815779.2533], [994159.7263, 1815771.1968], [994175.8459, 1815764.5199], [994192.4861, 1815759.2732], [994209.5203, 1815755.4968], [994226.8188, 1815753.2194], [994244.2499, 1815752.4584], [994261.6811, 1815753.2194], [994278.9796, 1815755.4968], [994296.0137, 1815759.2732], [994312.654, 1815764.5199], [994328.7736, 1815771.1968], [994344.2499, 1815779.2533], [994358.9652, 1815788.628], [994372.8075, 1815799.2495], [994385.6713, 1815811.037], [994397.4588, 1815823.9009], [994408.0803, 1815837.7431], [994417.455, 1815852.4584], [994425.5115, 1815867.9347], [994432.1885, 1815884.0544], [994437.4351, 1815900.6946], [994441.2115, 1815917.7288], [994443.4889, 1815935.0272], [994444.2499, 1815952.4584] ] ] }",2025-09-24
2020037,2019,자전거,30110002,대전광역시 동구2,대전광역시 동구 가양동(동부네거리 부근),6,6,0,2,4,0,36.35108,127.442392,"{ type: Polygon, coordinates: [ [ [995031, 1817076], [995030.2389, 1817093.4311], [995027.9616, 1817110.7296], [995024.1852, 1817127.7638], [995018.9385, 1817144.404], [995012.2616, 1817160.5237], [995004.2051, 1817176], [994994.8304, 1817190.7153], [994984.2089, 1817204.5575], [994972.4214, 1817217.4214], [994959.5575, 1817229.2089], [994945.7153, 1817239.8304], [994931, 1817249.2051], [994915.5237, 1817257.2616], [994899.404, 1817263.9385], [994882.7638, 1817269.1852], [994865.7296, 1817272.9616], [994848.4311, 1817275.2389], [994831, 1817276], [994813.5689, 1817275.2389], [994796.2704, 1817272.9616], [994779.2362, 1817269.1852], [994762.596, 1817263.9385], [994746.4763, 1817257.2616], [994731, 1817249.2051], [994716.2847, 1817239.8304], [994702.4425, 1817229.2089], [994689.5786, 1817217.4214], [994677.7911, 1817204.5575], [994667.1696, 1817190.7153], [994657.7949, 1817176], [994649.7384, 1817160.5237], [994643.0615, 1817144.404], [994637.8148, 1817127.7638], [994634.0384, 1817110.7296], [994631.7611, 1817093.4311], [994631, 1817076], [994631.7611, 1817058.5689], [994634.0384, 1817041.2704], [994637.8148, 1817024.2362], [994643.0615, 1817007.596], [994649.7384, 1816991.4763], [994657.7949, 1816976], [994667.1696, 1816961.2847], [994677.7911, 1816947.4425], [994689.5786, 1816934.5786], [994702.4425, 1816922.7911], [994716.2847, 1816912.1696], [994731, 1816902.7949], [994746.4763, 1816894.7384], [994762.596, 1816888.0615], [994779.2362, 1816882.8148], [994796.2704, 1816879.0384], [994813.5689, 1816876.7611], [994831, 1816876], [994848.4311, 1816876.7611], [994865.7296, 1816879.0384], [994882.7638, 1816882.8148], [994899.404, 1816888.0615], [994915.5237, 1816894.7384], [994931, 1816902.7949], [994945.7153, 1816912.1696], [994959.5575, 1816922.7911], [994972.4214, 1816934.5786], [994984.2089, 1816947.4425], [994994.8304, 1816961.2847], [995004.2051, 1816976], [995012.2616, 1816991.4763], [995018.9385, 1817007.596], [995024.1852, 1817024.2362], [995027.9616, 1817041.2704], [995030.2389, 1817058.5689], [995031, 1817076] ] ] }",2025-09-24
2020037,2019,자전거,30110003,대전광역시 동구3,대전광역시 동구 인동(대흥로204 부근),5,5,0,2,3,0,36.326216,127.434237,"{ type: Polygon, coordinates: [ [ [994297.4376, 1814318.5209], [994296.6766, 1814335.952], [994294.3992, 1814353.2505], [994290.6228, 1814370.2847], [994285.3762, 1814386.9249], [994278.6992, 1814403.0445], [994270.6427, 1814418.5209], [994261.2681, 1814433.2362], [994250.6465, 1814447.0784], [994238.859, 1814459.9422], [994225.9952, 1814471.7298], [994212.1529, 1814482.3513], [994197.4376, 1814491.726], [994181.9613, 1814499.7824], [994165.8417, 1814506.4594], [994149.2015, 1814511.706], [994132.1673, 1814515.4824], [994114.8688, 1814517.7598], [994097.4376, 1814518.5209], [994080.0065, 1814517.7598], [994062.708, 1814515.4824], [994045.6738, 1814511.706], [994029.0336, 1814506.4594], [994012.914, 1814499.7824], [993997.4376, 1814491.726], [993982.7224, 1814482.3513], [993968.8801, 1814471.7298], [993956.0163, 1814459.9422], [993944.2288, 1814447.0784], [993933.6072, 1814433.2362], [993924.2326, 1814418.5209], [993916.1761, 1814403.0445], [993909.4991, 1814386.9249], [993904.2525, 1814370.2847], [993900.4761, 1814353.2505], [993898.1987, 1814335.952], [993897.4376, 1814318.5209], [993898.1987, 1814301.0897], [993900.4761, 1814283.7912], [993904.2525, 1814266.7571], [993909.4991, 1814250.1168], [993916.1761, 1814233.9972], [993924.2326, 1814218.5209], [993933.6072, 1814203.8056], [993944.2288, 1814189.9633], [993956.0163, 1814177.0995], [993968.8801, 1814165.312], [993982.7224, 1814154.6905], [993997.4376, 1814145.3158], [994012.914, 1814137.2593], [994029.0336, 1814130.5823], [994045.6738, 1814125.3357], [994062.708, 1814121.5593], [994080.0065, 1814119.2819], [994097.4376, 1814118.5209], [994114.8688, 1814119.2819], [994132.1673, 1814121.5593], [994149.2015, 1814125.3357], [994165.8417, 1814130.5823], [994181.9613, 1814137.2593], [994197.4376, 1814145.3158], [994212.1529, 1814154.6905], [994225.9952, 1814165.312], [994238.859, 1814177.0995], [994250.6465, 1814189.9633], [994261.2681, 1814203.8056], [994270.6427, 1814218.5209], [994278.6992, 1814233.9972], [994285.3762, 1814250.1168], [994290.6228, 1814266.7571], [994294.3992, 1814283.7912], [994296.6766, 1814301.0897], [994297.4376, 1814318.5209] ] ] }",2025-09-24
2020037,2019,자전거,30140001,대전광역시 중구1,대전광역시 중구 오류동(오류사거리 부근),5,9,0,1,2,6,36.328042,127.403488,"{ type: Polygon, coordinates: [ [ [991537.7918, 1814523.4584], [991537.0307, 1814540.8895], [991534.7534, 1814558.188], [991530.977, 1814575.2222], [991525.7303, 1814591.8624], [991519.0534, 1814607.982], [991510.9969, 1814623.4584], [991501.6222, 1814638.1737], [991491.0007, 1814652.0159], [991479.2132, 1814664.8797], [991466.3493, 1814676.6673], [991452.5071, 1814687.2888], [991437.7918, 1814696.6635], [991422.3155, 1814704.7199], [991406.1958, 1814711.3969], [991389.5556, 1814716.6436], [991372.5214, 1814720.4199], [991355.223, 1814722.6973], [991337.7918, 1814723.4584], [991320.3607, 1814722.6973], [991303.0622, 1814720.4199], [991286.028, 1814716.6436], [991269.3878, 1814711.3969], [991253.2682, 1814704.7199], [991237.7918, 1814696.6635], [991223.0765, 1814687.2888], [991209.2343, 1814676.6673], [991196.3704, 1814664.8797], [991184.5829, 1814652.0159], [991173.9614, 1814638.1737], [991164.5867, 1814623.4584], [991156.5302, 1814607.982], [991149.8533, 1814591.8624], [991144.6066, 1814575.2222], [991140.8303, 1814558.188], [991138.5529, 1814540.8895], [991137.7918, 1814523.4584], [991138.5529, 1814506.0272], [991140.8303, 1814488.7288], [991144.6066, 1814471.6946], [991149.8533, 1814455.0544], [991156.5302, 1814438.9347], [991164.5867, 1814423.4584], [991173.9614, 1814408.7431], [991184.5829, 1814394.9009], [991196.3704, 1814382.037], [991209.2343, 1814370.2495], [991223.0765, 1814359.628], [991237.7918, 1814350.2533], [991253.2682, 1814342.1968], [991269.3878, 1814335.5199], [991286.028, 1814330.2732], [991303.0622, 1814326.4968], [991320.3607, 1814324.2194], [991337.7918, 1814323.4584], [991355.223, 1814324.2194], [991372.5214, 1814326.4968], [991389.5556, 1814330.2732], [991406.1958, 1814335.5199], [991422.3155, 1814342.1968], [991437.7918, 1814350.2533], [991452.5071, 1814359.628], [991466.3493, 1814370.2495], [991479.2132, 1814382.037], [991491.0007, 1814394.9009], [991501.6222, 1814408.7431], [991510.9969, 1814423.4584], [991519.0534, 1814438.9347], [991525.7303, 1814455.0544], [991530.977, 1814471.6946], [991534.7534, 1814488.7288], [991537.0307, 1814506.0272], [991537.7918, 1814523.4584] ] ] }",2025-09-24
2020037,2019,자전거,30140002,대전광역시 중구2,대전광역시 중구 태평동(태평오거리 부근),4,5,1,2,1,1,36.325487,127.394653,"{ type: Polygon, coordinates: [ [ [990744.5104, 1814240.8855], [990743.7493, 1814258.3167], [990741.4719, 1814275.6152], [990737.6955, 1814292.6493], [990732.4489, 1814309.2896], [990725.7719, 1814325.4092], [990717.7155, 1814340.8855], [990708.3408, 1814355.6008], [990697.7193, 1814369.4431], [990685.9317, 1814382.3069], [990673.0679, 1814394.0944], [990659.2257, 1814404.7159], [990644.5104, 1814414.0906], [990629.034, 1814422.1471], [990612.9144, 1814428.8241], [990596.2742, 1814434.0707], [990579.24, 1814437.8471], [990561.9415, 1814440.1245], [990544.5104, 1814440.8855], [990527.0792, 1814440.1245], [990509.7807, 1814437.8471], [990492.7466, 1814434.0707], [990476.1063, 1814428.8241], [990459.9867, 1814422.1471], [990444.5104, 1814414.0906], [990429.7951, 1814404.7159], [990415.9528, 1814394.0944], [990403.089, 1814382.3069], [990391.3015, 1814369.4431], [990380.68, 1814355.6008], [990371.3053, 1814340.8855], [990363.2488, 1814325.4092], [990356.5718, 1814309.2896], [990351.3252, 1814292.6493], [990347.5488, 1814275.6152], [990345.2714, 1814258.3167], [990344.5104, 1814240.8855], [990345.2714, 1814223.4544], [990347.5488, 1814206.1559], [990351.3252, 1814189.1217], [990356.5718, 1814172.4815], [990363.2488, 1814156.3619], [990371.3053, 1814140.8855], [990380.68, 1814126.1702], [990391.3015, 1814112.328], [990403.089, 1814099.4642], [990415.9528, 1814087.6766], [990429.7951, 1814077.0551], [990444.5104, 1814067.6804], [990459.9867, 1814059.624], [990476.1063, 1814052.947], [990492.7466, 1814047.7004], [990509.7807, 1814043.924], [990527.0792, 1814041.6466], [990544.5104, 1814040.8855], [990561.9415, 1814041.6466], [990579.24, 1814043.924], [990596.2742, 1814047.7004], [990612.9144, 1814052.947], [990629.034, 1814059.624], [990644.5104, 1814067.6804], [990659.2257, 1814077.0551], [990673.0679, 1814087.6766], [990685.9317, 1814099.4642], [990697.7193, 1814112.328], [990708.3408, 1814126.1702], [990717.7155, 1814140.8855], [990725.7719, 1814156.3619], [990732.4489, 1814172.4815], [990737.6955, 1814189.1217], [990741.4719, 1814206.1559], [990743.7493, 1814223.4544], [990744.5104, 1814240.8855] ] ] }",2025-09-24
2020037,2019,자전거,30140003,대전광역시 중구3,대전광역시 중구 용두동(계룡로815 부근),4,5,0,3,1,1,36.326007,127.408101,"{ type: Polygon, coordinates: [ [ [991951.5831, 1814297.2607], [991950.822, 1814314.6918], [991948.5447, 1814331.9903], [991944.7683, 1814349.0245], [991939.5216, 1814365.6647], [991932.8447, 1814381.7843], [991924.7882, 1814397.2607], [991915.4135, 1814411.976], [991904.792, 1814425.8182], [991893.0045, 1814438.682], [991880.1406, 1814450.4696], [991866.2984, 1814461.0911], [991851.5831, 1814470.4658], [991836.1068, 1814478.5222], [991819.9871, 1814485.1992], [991803.3469, 1814490.4459], [991786.3127, 1814494.2222], [991769.0142, 1814496.4996], [991751.5831, 1814497.2607], [991734.152, 1814496.4996], [991716.8535, 1814494.2222], [991699.8193, 1814490.4459], [991683.1791, 1814485.1992], [991667.0594, 1814478.5222], [991651.5831, 1814470.4658], [991636.8678, 1814461.0911], [991623.0256, 1814450.4696], [991610.1617, 1814438.682], [991598.3742, 1814425.8182], [991587.7527, 1814411.976], [991578.378, 1814397.2607], [991570.3215, 1814381.7843], [991563.6446, 1814365.6647], [991558.3979, 1814349.0245], [991554.6215, 1814331.9903], [991552.3442, 1814314.6918], [991551.5831, 1814297.2607], [991552.3442, 1814279.8295], [991554.6215, 1814262.5311], [991558.3979, 1814245.4969], [991563.6446, 1814228.8567], [991570.3215, 1814212.737], [991578.378, 1814197.2607], [991587.7527, 1814182.5454], [991598.3742, 1814168.7032], [991610.1617, 1814155.8393], [991623.0256, 1814144.0518], [991636.8678, 1814133.4303], [991651.5831, 1814124.0556], [991667.0594, 1814115.9991], [991683.1791, 1814109.3222], [991699.8193, 1814104.0755], [991716.8535, 1814100.2991], [991734.152, 1814098.0217], [991751.5831, 1814097.2607], [991769.0142, 1814098.0217], [991786.3127, 1814100.2991], [991803.3469, 1814104.0755], [991819.9871, 1814109.3222], [991836.1068, 1814115.9991], [991851.5831, 1814124.0556], [991866.2984, 1814133.4303], [991880.1406, 1814144.0518], [991893.0045, 1814155.8393], [991904.792, 1814168.7032], [991915.4135, 1814182.5454], [991924.7882, 1814197.2607], [991932.8447, 1814212.737], [991939.5216, 1814228.8567], [991944.7683, 1814245.4969], [991948.5447, 1814262.5311], [991950.822, 1814279.8295], [991951.5831, 1814297.2607] ] ] }",2025-09-24
2020037,2019,자전거,30170001,대전광역시 서구1,대전광역시 서구 갈마동(갈마삼거리 부근),6,6,0,3,3,0,36.352734,127.369545,"{ type: Polygon, coordinates: [ [ [988494.9793, 1817265.7916], [988494.2182, 1817283.2227], [988491.9408, 1817300.5212], [988488.1644, 1817317.5554], [988482.9178, 1817334.1956], [988476.2408, 1817350.3152], [988468.1843, 1817365.7916], [988458.8097, 1817380.5068], [988448.1881, 1817394.3491], [988436.4006, 1817407.2129], [988423.5368, 1817419.0004], [988409.6945, 1817429.622], [988394.9793, 1817438.9966], [988379.5029, 1817447.0531], [988363.3833, 1817453.7301], [988346.7431, 1817458.9767], [988329.7089, 1817462.7531], [988312.4104, 1817465.0305], [988294.9793, 1817465.7916], [988277.5481, 1817465.0305], [988260.2496, 1817462.7531], [988243.2154, 1817458.9767], [988226.5752, 1817453.7301], [988210.4556, 1817447.0531], [988194.9793, 1817438.9966], [988180.264, 1817429.622], [988166.4217, 1817419.0004], [988153.5579, 1817407.2129], [988141.7704, 1817394.3491], [988131.1488, 1817380.5068], [988121.7742, 1817365.7916], [988113.7177, 1817350.3152], [988107.0407, 1817334.1956], [988101.7941, 1817317.5554], [988098.0177, 1817300.5212], [988095.7403, 1817283.2227], [988094.9793, 1817265.7916], [988095.7403, 1817248.3604], [988098.0177, 1817231.0619], [988101.7941, 1817214.0277], [988107.0407, 1817197.3875], [988113.7177, 1817181.2679], [988121.7742, 1817165.7916], [988131.1488, 1817151.0763], [988141.7704, 1817137.234], [988153.5579, 1817124.3702], [988166.4217, 1817112.5827], [988180.264, 1817101.9611], [988194.9793, 1817092.5865], [988210.4556, 1817084.53], [988226.5752, 1817077.853], [988243.2154, 1817072.6064], [988260.2496, 1817068.83], [988277.5481, 1817066.5526], [988294.9793, 1817065.7916], [988312.4104, 1817066.5526], [988329.7089, 1817068.83], [988346.7431, 1817072.6064], [988363.3833, 1817077.853], [988379.5029, 1817084.53], [988394.9793, 1817092.5865], [988409.6945, 1817101.9611], [988423.5368, 1817112.5827], [988436.4006, 1817124.3702], [988448.1881, 1817137.234], [988458.8097, 1817151.0763], [988468.1843, 1817165.7916], [988476.2408, 1817181.2679], [988482.9178, 1817197.3875], [988488.1644, 1817214.0277], [988491.9408, 1817231.0619], [988494.2182, 1817248.3604], [988494.9793, 1817265.7916] ] ] }",2025-09-24
2020037,2019,자전거,30170002,대전광역시 서구2,대전광역시 서구 월평동(월평네거리 부근),6,6,0,0,6,0,36.358495,127.363804,"{ type: Polygon, coordinates: [ [ [987980.8128, 1817905.5521], [987980.0517, 1817922.9833], [987977.7744, 1817940.2817], [987973.998, 1817957.3159], [987968.7513, 1817973.9561], [987962.0744, 1817990.0758], [987954.0179, 1818005.5521], [987944.6432, 1818020.2674], [987934.0217, 1818034.1096], [987922.2342, 1818046.9735], [987909.3703, 1818058.761], [987895.5281, 1818069.3825], [987880.8128, 1818078.7572], [987865.3365, 1818086.8137], [987849.2168, 1818093.4906], [987832.5766, 1818098.7373], [987815.5424, 1818102.5137], [987798.244, 1818104.7911], [987780.8128, 1818105.5521], [987763.3817, 1818104.7911], [987746.0832, 1818102.5137], [987729.049, 1818098.7373], [987712.4088, 1818093.4906], [987696.2891, 1818086.8137], [987680.8128, 1818078.7572], [987666.0975, 1818069.3825], [987652.2553, 1818058.761], [987639.3914, 1818046.9735], [987627.6039, 1818034.1096], [987616.9824, 1818020.2674], [987607.6077, 1818005.5521], [987599.5512, 1817990.0758], [987592.8743, 1817973.9561], [987587.6276, 1817957.3159], [987583.8513, 1817940.2817], [987581.5739, 1817922.9833], [987580.8128, 1817905.5521], [987581.5739, 1817888.121], [987583.8513, 1817870.8225], [987587.6276, 1817853.7883], [987592.8743, 1817837.1481], [987599.5512, 1817821.0285], [987607.6077, 1817805.5521], [987616.9824, 1817790.8368], [987627.6039, 1817776.9946], [987639.3914, 1817764.1308], [987652.2553, 1817752.3432], [987666.0975, 1817741.7217], [987680.8128, 1817732.347], [987696.2891, 1817724.2906], [987712.4088, 1817717.6136], [987729.049, 1817712.3669], [987746.0832, 1817708.5906], [987763.3817, 1817706.3132], [987780.8128, 1817705.5521], [987798.244, 1817706.3132], [987815.5424, 1817708.5906], [987832.5766, 1817712.3669], [987849.2168, 1817717.6136], [987865.3365, 1817724.2906], [987880.8128, 1817732.347], [987895.5281, 1817741.7217], [987909.3703, 1817752.3432], [987922.2342, 1817764.1308], [987934.0217, 1817776.9946], [987944.6432, 1817790.8368], [987954.0179, 1817805.5521], [987962.0744, 1817821.0285], [987968.7513, 1817837.1481], [987973.998, 1817853.7883], [987977.7744, 1817870.8225], [987980.0517, 1817888.121], [987980.8128, 1817905.5521] ] ] }",2025-09-24
2020037,2019,자전거,30170003,대전광역시 서구3,대전광역시 서구 탄방동(삼천교사거리 부근),5,5,0,4,1,0,36.349025,127.401882,"{ type: Polygon, coordinates: [ [ [991396, 1816851], [991395.2389, 1816868.4311], [991392.9616, 1816885.7296], [991389.1852, 1816902.7638], [991383.9385, 1816919.404], [991377.2616, 1816935.5237], [991369.2051, 1816951], [991359.8304, 1816965.7153], [991349.2089, 1816979.5575], [991337.4214, 1816992.4214], [991324.5575, 1817004.2089], [991310.7153, 1817014.8304], [991296, 1817024.2051], [991280.5237, 1817032.2616], [991264.404, 1817038.9385], [991247.7638, 1817044.1852], [991230.7296, 1817047.9616], [991213.4311, 1817050.2389], [991196, 1817051], [991178.5689, 1817050.2389], [991161.2704, 1817047.9616], [991144.2362, 1817044.1852], [991127.596, 1817038.9385], [991111.4763, 1817032.2616], [991096, 1817024.2051], [991081.2847, 1817014.8304], [991067.4425, 1817004.2089], [991054.5786, 1816992.4214], [991042.7911, 1816979.5575], [991032.1696, 1816965.7153], [991022.7949, 1816951], [991014.7384, 1816935.5237], [991008.0615, 1816919.404], [991002.8148, 1816902.7638], [990999.0384, 1816885.7296], [990996.7611, 1816868.4311], [990996, 1816851], [990996.7611, 1816833.5689], [990999.0384, 1816816.2704], [991002.8148, 1816799.2362], [991008.0615, 1816782.596], [991014.7384, 1816766.4763], [991022.7949, 1816751], [991032.1696, 1816736.2847], [991042.7911, 1816722.4425], [991054.5786, 1816709.5786], [991067.4425, 1816697.7911], [991081.2847, 1816687.1696], [991096, 1816677.7949], [991111.4763, 1816669.7384], [991127.596, 1816663.0615], [991144.2362, 1816657.8148], [991161.2704, 1816654.0384], [991178.5689, 1816651.7611], [991196, 1816651], [991213.4311, 1816651.7611], [991230.7296, 1816654.0384], [991247.7638, 1816657.8148], [991264.404, 1816663.0615], [991280.5237, 1816669.7384], [991296, 1816677.7949], [991310.7153, 1816687.1696], [991324.5575, 1816697.7911], [991337.4214, 1816709.5786], [991349.2089, 1816722.4425], [991359.8304, 1816736.2847], [991369.2051, 1816751], [991377.2616, 1816766.4763], [991383.9385, 1816782.596], [991389.1852, 1816799.2362], [991392.9616, 1816816.2704], [991395.2389, 1816833.5689], [991396, 1816851] ] ] }",2025-09-24
2020037,2019,자전거,30170004,대전광역시 서구4,대전광역시 서구 도마동(도마네거리 부근),4,4,0,1,3,0,36.312297,127.378304,"{ type: Polygon, coordinates: [ [ [989275.2602, 1812779.5519], [989274.4991, 1812796.983], [989272.2217, 1812814.2815], [989268.4453, 1812831.3157], [989263.1987, 1812847.9559], [989256.5217, 1812864.0755], [989248.4653, 1812879.5519], [989239.0906, 1812894.2671], [989228.4691, 1812908.1094], [989216.6815, 1812920.9732], [989203.8177, 1812932.7607], [989189.9755, 1812943.3823], [989175.2602, 1812952.7569], [989159.7838, 1812960.8134], [989143.6642, 1812967.4904], [989127.024, 1812972.737], [989109.9898, 1812976.5134], [989092.6913, 1812978.7908], [989075.2602, 1812979.5519], [989057.829, 1812978.7908], [989040.5305, 1812976.5134], [989023.4964, 1812972.737], [989006.8562, 1812967.4904], [988990.7365, 1812960.8134], [988975.2602, 1812952.7569], [988960.5449, 1812943.3823], [988946.7027, 1812932.7607], [988933.8388, 1812920.9732], [988922.0513, 1812908.1094], [988911.4298, 1812894.2671], [988902.0551, 1812879.5519], [988893.9986, 1812864.0755], [988887.3217, 1812847.9559], [988882.075, 1812831.3157], [988878.2986, 1812814.2815], [988876.0212, 1812796.983], [988875.2602, 1812779.5519], [988876.0212, 1812762.1207], [988878.2986, 1812744.8222], [988882.075, 1812727.788], [988887.3217, 1812711.1478], [988893.9986, 1812695.0282], [988902.0551, 1812679.5519], [988911.4298, 1812664.8366], [988922.0513, 1812650.9943], [988933.8388, 1812638.1305], [988946.7027, 1812626.343], [988960.5449, 1812615.7214], [988975.2602, 1812606.3468], [988990.7365, 1812598.2903], [989006.8562, 1812591.6133], [989023.4964, 1812586.3667], [989040.5305, 1812582.5903], [989057.829, 1812580.3129], [989075.2602, 1812579.5519], [989092.6913, 1812580.3129], [989109.9898, 1812582.5903], [989127.024, 1812586.3667], [989143.6642, 1812591.6133], [989159.7838, 1812598.2903], [989175.2602, 1812606.3468], [989189.9755, 1812615.7214], [989203.8177, 1812626.343], [989216.6815, 1812638.1305], [989228.4691, 1812650.9943], [989239.0906, 1812664.8366], [989248.4653, 1812679.5519], [989256.5217, 1812695.0282], [989263.1987, 1812711.1478], [989268.4453, 1812727.788], [989272.2217, 1812744.8222], [989274.4991, 1812762.1207], [989275.2602, 1812779.5519] ] ] }",2025-09-24
2020037,2019,자전거,30170005,대전광역시 서구5,대전광역시 서구 만년동(둔산동1514 부근),4,4,0,0,4,0,36.365045,127.382076,"{ type: Polygon, coordinates: [ [ [989621, 1818630], [989620.2389, 1818647.4311], [989617.9616, 1818664.7296], [989614.1852, 1818681.7638], [989608.9385, 1818698.404], [989602.2616, 1818714.5237], [989594.2051, 1818730], [989584.8304, 1818744.7153], [989574.2089, 1818758.5575], [989562.4214, 1818771.4214], [989549.5575, 1818783.2089], [989535.7153, 1818793.8304], [989521, 1818803.2051], [989505.5237, 1818811.2616], [989489.404, 1818817.9385], [989472.7638, 1818823.1852], [989455.7296, 1818826.9616], [989438.4311, 1818829.2389], [989421, 1818830], [989403.5689, 1818829.2389], [989386.2704, 1818826.9616], [989369.2362, 1818823.1852], [989352.596, 1818817.9385], [989336.4763, 1818811.2616], [989321, 1818803.2051], [989306.2847, 1818793.8304], [989292.4425, 1818783.2089], [989279.5786, 1818771.4214], [989267.7911, 1818758.5575], [989257.1696, 1818744.7153], [989247.7949, 1818730], [989239.7384, 1818714.5237], [989233.0615, 1818698.404], [989227.8148, 1818681.7638], [989224.0384, 1818664.7296], [989221.7611, 1818647.4311], [989221, 1818630], [989221.7611, 1818612.5689], [989224.0384, 1818595.2704], [989227.8148, 1818578.2362], [989233.0615, 1818561.596], [989239.7384, 1818545.4763], [989247.7949, 1818530], [989257.1696, 1818515.2847], [989267.7911, 1818501.4425], [989279.5786, 1818488.5786], [989292.4425, 1818476.7911], [989306.2847, 1818466.1696], [989321, 1818456.7949], [989336.4763, 1818448.7384], [989352.596, 1818442.0615], [989369.2362, 1818436.8148], [989386.2704, 1818433.0384], [989403.5689, 1818430.7611], [989421, 1818430], [989438.4311, 1818430.7611], [989455.7296, 1818433.0384], [989472.7638, 1818436.8148], [989489.404, 1818442.0615], [989505.5237, 1818448.7384], [989521, 1818456.7949], [989535.7153, 1818466.1696], [989549.5575, 1818476.7911], [989562.4214, 1818488.5786], [989574.2089, 1818501.4425], [989584.8304, 1818515.2847], [989594.2051, 1818530], [989602.2616, 1818545.4763], [989608.9385, 1818561.596], [989614.1852, 1818578.2362], [989617.9616, 1818595.2704], [989620.2389, 1818612.5689], [989621, 1818630] ] ] }",2025-09-24
2020037,2019,자전거,30200001,대전광역시 유성구1,대전광역시 유성구 봉명동(계룡로111 부근),6,6,0,1,5,0,36.353206,127.343094,"{ type: Polygon, coordinates: [ [ [986121.7816, 1817321.7603], [986121.0205, 1817339.1915], [986118.7431, 1817356.4899], [986114.9667, 1817373.5241], [986109.7201, 1817390.1643], [986103.0431, 1817406.284], [986094.9866, 1817421.7603], [986085.612, 1817436.4756], [986074.9904, 1817450.3178], [986063.2029, 1817463.1817], [986050.3391, 1817474.9692], [986036.4968, 1817485.5907], [986021.7816, 1817494.9654], [986006.3052, 1817503.0219], [985990.1856, 1817509.6988], [985973.5454, 1817514.9455], [985956.5112, 1817518.7219], [985939.2127, 1817520.9992], [985921.7816, 1817521.7603], [985904.3504, 1817520.9992], [985887.0519, 1817518.7219], [985870.0178, 1817514.9455], [985853.3775, 1817509.6988], [985837.2579, 1817503.0219], [985821.7816, 1817494.9654], [985807.0663, 1817485.5907], [985793.224, 1817474.9692], [985780.3602, 1817463.1817], [985768.5727, 1817450.3178], [985757.9512, 1817436.4756], [985748.5765, 1817421.7603], [985740.52, 1817406.284], [985733.843, 1817390.1643], [985728.5964, 1817373.5241], [985724.82, 1817356.4899], [985722.5426, 1817339.1915], [985721.7816, 1817321.7603], [985722.5426, 1817304.3292], [985724.82, 1817287.0307], [985728.5964, 1817269.9965], [985733.843, 1817253.3563], [985740.52, 1817237.2367], [985748.5765, 1817221.7603], [985757.9512, 1817207.045], [985768.5727, 1817193.2028], [985780.3602, 1817180.339], [985793.224, 1817168.5514], [985807.0663, 1817157.9299], [985821.7816, 1817148.5552], [985837.2579, 1817140.4988], [985853.3775, 1817133.8218], [985870.0178, 1817128.5751], [985887.0519, 1817124.7988], [985904.3504, 1817122.5214], [985921.7816, 1817121.7603], [985939.2127, 1817122.5214], [985956.5112, 1817124.7988], [985973.5454, 1817128.5751], [985990.1856, 1817133.8218], [986006.3052, 1817140.4988], [986021.7816, 1817148.5552], [986036.4968, 1817157.9299], [986050.3391, 1817168.5514], [986063.2029, 1817180.339], [986074.9904, 1817193.2028], [986085.612, 1817207.045], [986094.9866, 1817221.7603], [986103.0431, 1817237.2367], [986109.7201, 1817253.3563], [986114.9667, 1817269.9965], [986118.7431, 1817287.0307], [986121.0205, 1817304.3292], [986121.7816, 1817321.7603] ] ] }",2025-09-24
2020037,2019,자전거,30200002,대전광역시 유성구2,대전광역시 유성구 장대동(궁동네거리 부근),5,5,0,3,2,0,36.364289,127.338726,"{ type: Polygon, coordinates: [ [ [985731.9168, 1818551.7396], [985731.1557, 1818569.1707], [985728.8783, 1818586.4692], [985725.1019, 1818603.5034], [985719.8553, 1818620.1436], [985713.1783, 1818636.2632], [985705.1219, 1818651.7396], [985695.7472, 1818666.4549], [985685.1257, 1818680.2971], [985673.3381, 1818693.1609], [985660.4743, 1818704.9485], [985646.6321, 1818715.57], [985631.9168, 1818724.9446], [985616.4404, 1818733.0011], [985600.3208, 1818739.6781], [985583.6806, 1818744.9247], [985566.6464, 1818748.7011], [985549.3479, 1818750.9785], [985531.9168, 1818751.7396], [985514.4856, 1818750.9785], [985497.1871, 1818748.7011], [985480.153, 1818744.9247], [985463.5127, 1818739.6781], [985447.3931, 1818733.0011], [985431.9168, 1818724.9446], [985417.2015, 1818715.57], [985403.3593, 1818704.9485], [985390.4954, 1818693.1609], [985378.7079, 1818680.2971], [985368.0864, 1818666.4549], [985358.7117, 1818651.7396], [985350.6552, 1818636.2632], [985343.9782, 1818620.1436], [985338.7316, 1818603.5034], [985334.9552, 1818586.4692], [985332.6778, 1818569.1707], [985331.9168, 1818551.7396], [985332.6778, 1818534.3084], [985334.9552, 1818517.0099], [985338.7316, 1818499.9758], [985343.9782, 1818483.3355], [985350.6552, 1818467.2159], [985358.7117, 1818451.7396], [985368.0864, 1818437.0243], [985378.7079, 1818423.182], [985390.4954, 1818410.3182], [985403.3593, 1818398.5307], [985417.2015, 1818387.9092], [985431.9168, 1818378.5345], [985447.3931, 1818370.478], [985463.5127, 1818363.801], [985480.153, 1818358.5544], [985497.1871, 1818354.778], [985514.4856, 1818352.5006], [985531.9168, 1818351.7396], [985549.3479, 1818352.5006], [985566.6464, 1818354.778], [985583.6806, 1818358.5544], [985600.3208, 1818363.801], [985616.4404, 1818370.478], [985631.9168, 1818378.5345], [985646.6321, 1818387.9092], [985660.4743, 1818398.5307], [985673.3381, 1818410.3182], [985685.1257, 1818423.182], [985695.7472, 1818437.0243], [985705.1219, 1818451.7396], [985713.1783, 1818467.2159], [985719.8553, 1818483.3355], [985725.1019, 1818499.9758], [985728.8783, 1818517.0099], [985731.1557, 1818534.3084], [985731.9168, 1818551.7396] ] ] }",2025-09-24
2020037,2019,자전거,30200003,대전광역시 유성구3,대전광역시 유성구 장대동(장대네거리 부근),4,4,0,2,2,0,36.360019,127.335267,"{ type: Polygon, coordinates: [ [ [985420.7916, 1818078.5521], [985420.0305, 1818095.9833], [985417.7531, 1818113.2817], [985413.9767, 1818130.3159], [985408.7301, 1818146.9561], [985402.0531, 1818163.0758], [985393.9966, 1818178.5521], [985384.622, 1818193.2674], [985374.0004, 1818207.1096], [985362.2129, 1818219.9735], [985349.3491, 1818231.761], [985335.5068, 1818242.3825], [985320.7916, 1818251.7572], [985305.3152, 1818259.8137], [985289.1956, 1818266.4906], [985272.5554, 1818271.7373], [985255.5212, 1818275.5137], [985238.2227, 1818277.7911], [985220.7916, 1818278.5521], [985203.3604, 1818277.7911], [985186.0619, 1818275.5137], [985169.0277, 1818271.7373], [985152.3875, 1818266.4906], [985136.2679, 1818259.8137], [985120.7916, 1818251.7572], [985106.0763, 1818242.3825], [985092.234, 1818231.761], [985079.3702, 1818219.9735], [985067.5827, 1818207.1096], [985056.9611, 1818193.2674], [985047.5865, 1818178.5521], [985039.53, 1818163.0758], [985032.853, 1818146.9561], [985027.6064, 1818130.3159], [985023.83, 1818113.2817], [985021.5526, 1818095.9833], [985020.7916, 1818078.5521], [985021.5526, 1818061.121], [985023.83, 1818043.8225], [985027.6064, 1818026.7883], [985032.853, 1818010.1481], [985039.53, 1817994.0285], [985047.5865, 1817978.5521], [985056.9611, 1817963.8368], [985067.5827, 1817949.9946], [985079.3702, 1817937.1308], [985092.234, 1817925.3432], [985106.0763, 1817914.7217], [985120.7916, 1817905.347], [985136.2679, 1817897.2906], [985152.3875, 1817890.6136], [985169.0277, 1817885.3669], [985186.0619, 1817881.5906], [985203.3604, 1817879.3132], [985220.7916, 1817878.5521], [985238.2227, 1817879.3132], [985255.5212, 1817881.5906], [985272.5554, 1817885.3669], [985289.1956, 1817890.6136], [985305.3152, 1817897.2906], [985320.7916, 1817905.347], [985335.5068, 1817914.7217], [985349.3491, 1817925.3432], [985362.2129, 1817937.1308], [985374.0004, 1817949.9946], [985384.622, 1817963.8368], [985393.9966, 1817978.5521], [985402.0531, 1817994.0285], [985408.7301, 1818010.1481], [985413.9767, 1818026.7883], [985417.7531, 1818043.8225], [985420.0305, 1818061.121], [985420.7916, 1818078.5521] ] ] }",2025-09-24
2020037,2019,자전거,30200004,대전광역시 유성구4,대전광역시 유성구 봉명동(봉명동49640 부근),4,4,0,1,3,0,36.359411,127.357733,"{ type: Polygon, coordinates: [ [ [987436.2499, 1818007.9583], [987435.4889, 1818025.3894], [987433.2115, 1818042.6879], [987429.4351, 1818059.7221], [987424.1885, 1818076.3623], [987417.5115, 1818092.4819], [987409.455, 1818107.9583], [987400.0803, 1818122.6735], [987389.4588, 1818136.5158], [987377.6713, 1818149.3796], [987364.8075, 1818161.1671], [987350.9652, 1818171.7887], [987336.2499, 1818181.1633], [987320.7736, 1818189.2198], [987304.654, 1818195.8968], [987288.0137, 1818201.1434], [987270.9796, 1818204.9198], [987253.6811, 1818207.1972], [987236.2499, 1818207.9583], [987218.8188, 1818207.1972], [987201.5203, 1818204.9198], [987184.4861, 1818201.1434], [987167.8459, 1818195.8968], [987151.7263, 1818189.2198], [987136.2499, 1818181.1633], [987121.5346, 1818171.7887], [987107.6924, 1818161.1671], [987094.8286, 1818149.3796], [987083.041, 1818136.5158], [987072.4195, 1818122.6735], [987063.0449, 1818107.9583], [987054.9884, 1818092.4819], [987048.3114, 1818076.3623], [987043.0648, 1818059.7221], [987039.2884, 1818042.6879], [987037.011, 1818025.3894], [987036.2499, 1818007.9583], [987037.011, 1817990.5271], [987039.2884, 1817973.2286], [987043.0648, 1817956.1945], [987048.3114, 1817939.5542], [987054.9884, 1817923.4346], [987063.0449, 1817907.9583], [987072.4195, 1817893.243], [987083.041, 1817879.4007], [987094.8286, 1817866.5369], [987107.6924, 1817854.7494], [987121.5346, 1817844.1279], [987136.2499, 1817834.7532], [987151.7263, 1817826.6967], [987167.8459, 1817820.0197], [987184.4861, 1817814.7731], [987201.5203, 1817810.9967], [987218.8188, 1817808.7193], [987236.2499, 1817807.9583], [987253.6811, 1817808.7193], [987270.9796, 1817810.9967], [987288.0137, 1817814.7731], [987304.654, 1817820.0197], [987320.7736, 1817826.6967], [987336.2499, 1817834.7532], [987350.9652, 1817844.1279], [987364.8075, 1817854.7494], [987377.6713, 1817866.5369], [987389.4588, 1817879.4007], [987400.0803, 1817893.243], [987409.455, 1817907.9583], [987417.5115, 1817923.4346], [987424.1885, 1817939.5542], [987429.4351, 1817956.1945], [987433.2115, 1817973.2286], [987435.4889, 1817990.5271], [987436.2499, 1818007.9583] ] ] }",2025-09-24
2020037,2019,자전거,30200005,대전광역시 유성구5,대전광역시 유성구 봉명동(계룡로159 부근),4,4,0,1,3,0,36.351818,127.348408,"{ type: Polygon, coordinates: [ [ [986598.3022, 1817167], [986597.5411, 1817184.4311], [986595.2637, 1817201.7296], [986591.4873, 1817218.7638], [986586.2407, 1817235.404], [986579.5637, 1817251.5237], [986571.5073, 1817267], [986562.1326, 1817281.7153], [986551.5111, 1817295.5575], [986539.7235, 1817308.4214], [986526.8597, 1817320.2089], [986513.0175, 1817330.8304], [986498.3022, 1817340.2051], [986482.8258, 1817348.2616], [986466.7062, 1817354.9385], [986450.066, 1817360.1852], [986433.0318, 1817363.9616], [986415.7333, 1817366.2389], [986398.3022, 1817367], [986380.871, 1817366.2389], [986363.5725, 1817363.9616], [986346.5384, 1817360.1852], [986329.8981, 1817354.9385], [986313.7785, 1817348.2616], [986298.3022, 1817340.2051], [986283.5869, 1817330.8304], [986269.7447, 1817320.2089], [986256.8808, 1817308.4214], [986245.0933, 1817295.5575], [986234.4718, 1817281.7153], [986225.0971, 1817267], [986217.0406, 1817251.5237], [986210.3637, 1817235.404], [986205.117, 1817218.7638], [986201.3406, 1817201.7296], [986199.0632, 1817184.4311], [986198.3022, 1817167], [986199.0632, 1817149.5689], [986201.3406, 1817132.2704], [986205.117, 1817115.2362], [986210.3637, 1817098.596], [986217.0406, 1817082.4763], [986225.0971, 1817067], [986234.4718, 1817052.2847], [986245.0933, 1817038.4425], [986256.8808, 1817025.5786], [986269.7447, 1817013.7911], [986283.5869, 1817003.1696], [986298.3022, 1816993.7949], [986313.7785, 1816985.7384], [986329.8981, 1816979.0615], [986346.5384, 1816973.8148], [986363.5725, 1816970.0384], [986380.871, 1816967.7611], [986398.3022, 1816967], [986415.7333, 1816967.7611], [986433.0318, 1816970.0384], [986450.066, 1816973.8148], [986466.7062, 1816979.0615], [986482.8258, 1816985.7384], [986498.3022, 1816993.7949], [986513.0175, 1817003.1696], [986526.8597, 1817013.7911], [986539.7235, 1817025.5786], [986551.5111, 1817038.4425], [986562.1326, 1817052.2847], [986571.5073, 1817067], [986579.5637, 1817082.4763], [986586.2407, 1817098.596], [986591.4873, 1817115.2362], [986595.2637, 1817132.2704], [986597.5411, 1817149.5689], [986598.3022, 1817167] ] ] }",2025-09-24
2020037,2019,자전거,30230001,대전광역시 대덕구1,대전광역시 대덕구 오정동(오정사거리 부근),4,4,0,2,2,0,36.357852,127.415514,"{ type: Polygon, coordinates: [ [ [992620, 1817829], [992619.2389, 1817846.4311], [992616.9616, 1817863.7296], [992613.1852, 1817880.7638], [992607.9385, 1817897.404], [992601.2616, 1817913.5237], [992593.2051, 1817929], [992583.8304, 1817943.7153], [992573.2089, 1817957.5575], [992561.4214, 1817970.4214], [992548.5575, 1817982.2089], [992534.7153, 1817992.8304], [992520, 1818002.2051], [992504.5237, 1818010.2616], [992488.404, 1818016.9385], [992471.7638, 1818022.1852], [992454.7296, 1818025.9616], [992437.4311, 1818028.2389], [992420, 1818029], [992402.5689, 1818028.2389], [992385.2704, 1818025.9616], [992368.2362, 1818022.1852], [992351.596, 1818016.9385], [992335.4763, 1818010.2616], [992320, 1818002.2051], [992305.2847, 1817992.8304], [992291.4425, 1817982.2089], [992278.5786, 1817970.4214], [992266.7911, 1817957.5575], [992256.1696, 1817943.7153], [992246.7949, 1817929], [992238.7384, 1817913.5237], [992232.0615, 1817897.404], [992226.8148, 1817880.7638], [992223.0384, 1817863.7296], [992220.7611, 1817846.4311], [992220, 1817829], [992220.7611, 1817811.5689], [992223.0384, 1817794.2704], [992226.8148, 1817777.2362], [992232.0615, 1817760.596], [992238.7384, 1817744.4763], [992246.7949, 1817729], [992256.1696, 1817714.2847], [992266.7911, 1817700.4425], [992278.5786, 1817687.5786], [992291.4425, 1817675.7911], [992305.2847, 1817665.1696], [992320, 1817655.7949], [992335.4763, 1817647.7384], [992351.596, 1817641.0615], [992368.2362, 1817635.8148], [992385.2704, 1817632.0384], [992402.5689, 1817629.7611], [992420, 1817629], [992437.4311, 1817629.7611], [992454.7296, 1817632.0384], [992471.7638, 1817635.8148], [992488.404, 1817641.0615], [992504.5237, 1817647.7384], [992520, 1817655.7949], [992534.7153, 1817665.1696], [992548.5575, 1817675.7911], [992561.4214, 1817687.5786], [992573.2089, 1817700.4425], [992583.8304, 1817714.2847], [992593.2051, 1817729], [992601.2616, 1817744.4763], [992607.9385, 1817760.596], [992613.1852, 1817777.2362], [992616.9616, 1817794.2704], [992619.2389, 1817811.5689], [992620, 1817829] ] ] }",2025-09-24
2021017,2020,보행어린이,30170001,대전광역시 서구1,대전광역시 서구 갈마동(대영마트 부근),3,3,0,1,2,0,36.347558,127.367358,"{ type: Polygon, coordinates: [ [ [988298, 1816692], [988297.2389, 1816709.4311], [988294.9616, 1816726.7296], [988291.1852, 1816743.7638], [988285.9385, 1816760.404], [988279.2616, 1816776.5237], [988271.2051, 1816792], [988261.8304, 1816806.7153], [988251.2089, 1816820.5575], [988239.4214, 1816833.4214], [988226.5575, 1816845.2089], [988212.7153, 1816855.8304], [988198, 1816865.2051], [988182.5237, 1816873.2616], [988166.404, 1816879.9385], [988149.7638, 1816885.1852], [988132.7296, 1816888.9616], [988115.4311, 1816891.2389], [988098, 1816892], [988080.5689, 1816891.2389], [988063.2704, 1816888.9616], [988046.2362, 1816885.1852], [988029.596, 1816879.9385], [988013.4763, 1816873.2616], [987998, 1816865.2051], [987983.2847, 1816855.8304], [987969.4425, 1816845.2089], [987956.5786, 1816833.4214], [987944.7911, 1816820.5575], [987934.1696, 1816806.7153], [987924.7949, 1816792], [987916.7384, 1816776.5237], [987910.0615, 1816760.404], [987904.8148, 1816743.7638], [987901.0384, 1816726.7296], [987898.7611, 1816709.4311], [987898, 1816692], [987898.7611, 1816674.5689], [987901.0384, 1816657.2704], [987904.8148, 1816640.2362], [987910.0615, 1816623.596], [987916.7384, 1816607.4763], [987924.7949, 1816592], [987934.1696, 1816577.2847], [987944.7911, 1816563.4425], [987956.5786, 1816550.5786], [987969.4425, 1816538.7911], [987983.2847, 1816528.1696], [987998, 1816518.7949], [988013.4763, 1816510.7384], [988029.596, 1816504.0615], [988046.2362, 1816498.8148], [988063.2704, 1816495.0384], [988080.5689, 1816492.7611], [988098, 1816492], [988115.4311, 1816492.7611], [988132.7296, 1816495.0384], [988149.7638, 1816498.8148], [988166.404, 1816504.0615], [988182.5237, 1816510.7384], [988198, 1816518.7949], [988212.7153, 1816528.1696], [988226.5575, 1816538.7911], [988239.4214, 1816550.5786], [988251.2089, 1816563.4425], [988261.8304, 1816577.2847], [988271.2051, 1816592], [988279.2616, 1816607.4763], [988285.9385, 1816623.596], [988291.1852, 1816640.2362], [988294.9616, 1816657.2704], [988297.2389, 1816674.5689], [988298, 1816692] ] ] }",2025-09-24
2021018,2020,스쿨존어린이,30140001,대전광역시 중구1,대전광역시 중구 문화동(센트럴유치원 부근),2,2,0,1,1,0,36.316185,127.407679,"{ type: Polygon, coordinates: [ [ [992012.6563, 1813207.8228], [992011.5147, 1813233.9695], [992008.0987, 1813259.9172], [992002.4341, 1813285.4685], [991994.5641, 1813310.4288], [991984.5487, 1813334.6083], [991972.464, 1813357.8228], [991958.402, 1813379.8957], [991942.4697, 1813400.6591], [991924.7884, 1813419.9548], [991905.4926, 1813437.6361], [991884.7293, 1813453.5684], [991862.6563, 1813467.6304], [991839.4418, 1813479.7151], [991815.2624, 1813489.7306], [991790.3021, 1813497.6005], [991764.7508, 1813503.2651], [991738.8031, 1813506.6812], [991712.6563, 1813507.8228], [991686.5096, 1813506.6812], [991660.5619, 1813503.2651], [991635.0106, 1813497.6005], [991610.0503, 1813489.7306], [991585.8709, 1813479.7151], [991562.6563, 1813467.6304], [991540.5834, 1813453.5684], [991519.8201, 1813437.6361], [991500.5243, 1813419.9548], [991482.843, 1813400.6591], [991466.9107, 1813379.8957], [991452.8487, 1813357.8228], [991440.764, 1813334.6083], [991430.7486, 1813310.4288], [991422.8786, 1813285.4685], [991417.214, 1813259.9172], [991413.7979, 1813233.9695], [991412.6563, 1813207.8228], [991413.7979, 1813181.6761], [991417.214, 1813155.7283], [991422.8786, 1813130.1771], [991430.7486, 1813105.2167], [991440.764, 1813081.0373], [991452.8487, 1813057.8228], [991466.9107, 1813035.7499], [991482.843, 1813014.9865], [991500.5243, 1812995.6908], [991519.8201, 1812978.0095], [991540.5834, 1812962.0772], [991562.6563, 1812948.0152], [991585.8709, 1812935.9305], [991610.0503, 1812925.915], [991635.0106, 1812918.045], [991660.5619, 1812912.3805], [991686.5096, 1812908.9644], [991712.6563, 1812907.8228], [991738.8031, 1812908.9644], [991764.7508, 1812912.3805], [991790.3021, 1812918.045], [991815.2624, 1812925.915], [991839.4418, 1812935.9305], [991862.6563, 1812948.0152], [991884.7293, 1812962.0772], [991905.4926, 1812978.0095], [991924.7884, 1812995.6908], [991942.4697, 1813014.9865], [991958.402, 1813035.7499], [991972.464, 1813057.8228], [991984.5487, 1813081.0373], [991994.5641, 1813105.2167], [992002.4341, 1813130.1771], [992008.0987, 1813155.7283], [992011.5147, 1813181.6761], [992012.6563, 1813207.8228] ] ] }",2025-09-24
2021018,2020,스쿨존어린이,30200001,대전광역시 유성구1,대전광역시 유성구 반석동(외삼초교 부근),2,2,0,0,2,0,36.393443,127.31128,"{ type: Polygon, coordinates: [ [ [983376, 1821790], [983374.8584, 1821816.1467], [983371.4423, 1821842.0945], [983365.7777, 1821867.6457], [983357.9078, 1821892.606], [983347.8923, 1821916.7855], [983335.8076, 1821940], [983321.7456, 1821962.0729], [983305.8133, 1821982.8363], [983288.132, 1822002.132], [983268.8363, 1822019.8133], [983248.0729, 1822035.7456], [983226, 1822049.8076], [983202.7855, 1822061.8923], [983178.606, 1822071.9078], [983153.6457, 1822079.7777], [983128.0945, 1822085.4423], [983102.1467, 1822088.8584], [983076, 1822090], [983049.8533, 1822088.8584], [983023.9055, 1822085.4423], [982998.3543, 1822079.7777], [982973.394, 1822071.9078], [982949.2145, 1822061.8923], [982926, 1822049.8076], [982903.9271, 1822035.7456], [982883.1637, 1822019.8133], [982863.868, 1822002.132], [982846.1867, 1821982.8363], [982830.2544, 1821962.0729], [982816.1924, 1821940], [982804.1077, 1821916.7855], [982794.0922, 1821892.606], [982786.2223, 1821867.6457], [982780.5577, 1821842.0945], [982777.1416, 1821816.1467], [982776, 1821790], [982777.1416, 1821763.8533], [982780.5577, 1821737.9055], [982786.2223, 1821712.3543], [982794.0922, 1821687.394], [982804.1077, 1821663.2145], [982816.1924, 1821640], [982830.2544, 1821617.9271], [982846.1867, 1821597.1637], [982863.868, 1821577.868], [982883.1637, 1821560.1867], [982903.9271, 1821544.2544], [982926, 1821530.1924], [982949.2145, 1821518.1077], [982973.394, 1821508.0922], [982998.3543, 1821500.2223], [983023.9055, 1821494.5577], [983049.8533, 1821491.1416], [983076, 1821490], [983102.1467, 1821491.1416], [983128.0945, 1821494.5577], [983153.6457, 1821500.2223], [983178.606, 1821508.0922], [983202.7855, 1821518.1077], [983226, 1821530.1924], [983248.0729, 1821544.2544], [983268.8363, 1821560.1867], [983288.132, 1821577.868], [983305.8133, 1821597.1637], [983321.7456, 1821617.9271], [983335.8076, 1821640], [983347.8923, 1821663.2145], [983357.9078, 1821687.394], [983365.7777, 1821712.3543], [983371.4423, 1821737.9055], [983374.8584, 1821763.8533], [983376, 1821790] ] ] }",2025-09-24
2021024,2020,보행노인,30110001,대전광역시 동구1,대전광역시 동구 원동(중앙시장삼거리 부근),5,5,0,4,1,0,36.329891,127.433559,"{ type: Polygon, coordinates: [ [ [994236.8333, 1814726.2289], [994236.0722, 1814743.6601], [994233.7948, 1814760.9586], [994230.0185, 1814777.9927], [994224.7718, 1814794.633], [994218.0948, 1814810.7526], [994210.0384, 1814826.2289], [994200.6637, 1814840.9442], [994190.0422, 1814854.7865], [994178.2546, 1814867.6503], [994165.3908, 1814879.4378], [994151.5486, 1814890.0593], [994136.8333, 1814899.434], [994121.3569, 1814907.4905], [994105.2373, 1814914.1675], [994088.5971, 1814919.4141], [994071.5629, 1814923.1905], [994054.2644, 1814925.4679], [994036.8333, 1814926.2289], [994019.4021, 1814925.4679], [994002.1037, 1814923.1905], [993985.0695, 1814919.4141], [993968.4293, 1814914.1675], [993952.3096, 1814907.4905], [993936.8333, 1814899.434], [993922.118, 1814890.0593], [993908.2758, 1814879.4378], [993895.4119, 1814867.6503], [993883.6244, 1814854.7865], [993873.0029, 1814840.9442], [993863.6282, 1814826.2289], [993855.5717, 1814810.7526], [993848.8948, 1814794.633], [993843.6481, 1814777.9927], [993839.8717, 1814760.9586], [993837.5944, 1814743.6601], [993836.8333, 1814726.2289], [993837.5944, 1814708.7978], [993839.8717, 1814691.4993], [993843.6481, 1814674.4651], [993848.8948, 1814657.8249], [993855.5717, 1814641.7053], [993863.6282, 1814626.2289], [993873.0029, 1814611.5137], [993883.6244, 1814597.6714], [993895.4119, 1814584.8076], [993908.2758, 1814573.0201], [993922.118, 1814562.3985], [993936.8333, 1814553.0239], [993952.3096, 1814544.9674], [993968.4293, 1814538.2904], [993985.0695, 1814533.0438], [994002.1037, 1814529.2674], [994019.4021, 1814526.99], [994036.8333, 1814526.2289], [994054.2644, 1814526.99], [994071.5629, 1814529.2674], [994088.5971, 1814533.0438], [994105.2373, 1814538.2904], [994121.3569, 1814544.9674], [994136.8333, 1814553.0239], [994151.5486, 1814562.3985], [994165.3908, 1814573.0201], [994178.2546, 1814584.8076], [994190.0422, 1814597.6714], [994200.6637, 1814611.5137], [994210.0384, 1814626.2289], [994218.0948, 1814641.7053], [994224.7718, 1814657.8249], [994230.0185, 1814674.4651], [994233.7948, 1814691.4993], [994236.0722, 1814708.7978], [994236.8333, 1814726.2289] ] ] }",2025-09-24
2021024,2020,보행노인,30110002,대전광역시 동구2,대전광역시 동구 성남동(성남동166106 부근),4,4,0,2,2,0,36.342737,127.435533,"{ type: Polygon, coordinates: [ [ [994415, 1816151], [994414.2389, 1816168.4311], [994411.9616, 1816185.7296], [994408.1852, 1816202.7638], [994402.9385, 1816219.404], [994396.2616, 1816235.5237], [994388.2051, 1816251], [994378.8304, 1816265.7153], [994368.2089, 1816279.5575], [994356.4214, 1816292.4214], [994343.5575, 1816304.2089], [994329.7153, 1816314.8304], [994315, 1816324.2051], [994299.5237, 1816332.2616], [994283.404, 1816338.9385], [994266.7638, 1816344.1852], [994249.7296, 1816347.9616], [994232.4311, 1816350.2389], [994215, 1816351], [994197.5689, 1816350.2389], [994180.2704, 1816347.9616], [994163.2362, 1816344.1852], [994146.596, 1816338.9385], [994130.4763, 1816332.2616], [994115, 1816324.2051], [994100.2847, 1816314.8304], [994086.4425, 1816304.2089], [994073.5786, 1816292.4214], [994061.7911, 1816279.5575], [994051.1696, 1816265.7153], [994041.7949, 1816251], [994033.7384, 1816235.5237], [994027.0615, 1816219.404], [994021.8148, 1816202.7638], [994018.0384, 1816185.7296], [994015.7611, 1816168.4311], [994015, 1816151], [994015.7611, 1816133.5689], [994018.0384, 1816116.2704], [994021.8148, 1816099.2362], [994027.0615, 1816082.596], [994033.7384, 1816066.4763], [994041.7949, 1816051], [994051.1696, 1816036.2847], [994061.7911, 1816022.4425], [994073.5786, 1816009.5786], [994086.4425, 1815997.7911], [994100.2847, 1815987.1696], [994115, 1815977.7949], [994130.4763, 1815969.7384], [994146.596, 1815963.0615], [994163.2362, 1815957.8148], [994180.2704, 1815954.0384], [994197.5689, 1815951.7611], [994215, 1815951], [994232.4311, 1815951.7611], [994249.7296, 1815954.0384], [994266.7638, 1815957.8148], [994283.404, 1815963.0615], [994299.5237, 1815969.7384], [994315, 1815977.7949], [994329.7153, 1815987.1696], [994343.5575, 1815997.7911], [994356.4214, 1816009.5786], [994368.2089, 1816022.4425], [994378.8304, 1816036.2847], [994388.2051, 1816051], [994396.2616, 1816066.4763], [994402.9385, 1816082.596], [994408.1852, 1816099.2362], [994411.9616, 1816116.2704], [994414.2389, 1816133.5689], [994415, 1816151] ] ] }",2025-09-24
2021024,2020,보행노인,30110003,대전광역시 동구3,대전광역시 동구 인동(원동네거리 부근),3,3,0,1,2,0,36.32698,127.435083,"{ type: Polygon, coordinates: [ [ [994373.4583, 1814403.1875], [994372.6973, 1814420.6186], [994370.4199, 1814437.9171], [994366.6435, 1814454.9513], [994361.3969, 1814471.5915], [994354.7199, 1814487.7111], [994346.6634, 1814503.1875], [994337.2888, 1814517.9028], [994326.6672, 1814531.745], [994314.8797, 1814544.6088], [994302.0159, 1814556.3964], [994288.1736, 1814567.0179], [994273.4583, 1814576.3926], [994257.982, 1814584.449], [994241.8624, 1814591.126], [994225.2222, 1814596.3727], [994208.188, 1814600.149], [994190.8895, 1814602.4264], [994173.4583, 1814603.1875], [994156.0272, 1814602.4264], [994138.7287, 1814600.149], [994121.6945, 1814596.3727], [994105.0543, 1814591.126], [994088.9347, 1814584.449], [994073.4583, 1814576.3926], [994058.7431, 1814567.0179], [994044.9008, 1814556.3964], [994032.037, 1814544.6088], [994020.2495, 1814531.745], [994009.6279, 1814517.9028], [994000.2533, 1814503.1875], [993992.1968, 1814487.7111], [993985.5198, 1814471.5915], [993980.2732, 1814454.9513], [993976.4968, 1814437.9171], [993974.2194, 1814420.6186], [993973.4583, 1814403.1875], [993974.2194, 1814385.7563], [993976.4968, 1814368.4579], [993980.2732, 1814351.4237], [993985.5198, 1814334.7835], [993992.1968, 1814318.6638], [994000.2533, 1814303.1875], [994009.6279, 1814288.4722], [994020.2495, 1814274.63], [994032.037, 1814261.7661], [994044.9008, 1814249.9786], [994058.7431, 1814239.3571], [994073.4583, 1814229.9824], [994088.9347, 1814221.9259], [994105.0543, 1814215.249], [994121.6945, 1814210.0023], [994138.7287, 1814206.2259], [994156.0272, 1814203.9486], [994173.4583, 1814203.1875], [994190.8895, 1814203.9486], [994208.188, 1814206.2259], [994225.2222, 1814210.0023], [994241.8624, 1814215.249], [994257.982, 1814221.9259], [994273.4583, 1814229.9824], [994288.1736, 1814239.3571], [994302.0159, 1814249.9786], [994314.8797, 1814261.7661], [994326.6672, 1814274.63], [994337.2888, 1814288.4722], [994346.6634, 1814303.1875], [994354.7199, 1814318.6638], [994361.3969, 1814334.7835], [994366.6435, 1814351.4237], [994370.4199, 1814368.4579], [994372.6973, 1814385.7563], [994373.4583, 1814403.1875] ] ] }",2025-09-24
2021024,2020,보행노인,30110004,대전광역시 동구4,대전광역시 동구 신흥동(신흥동208 부근),2,2,1,1,0,0,36.320492,127.446815,"{ type: Polygon, coordinates: [ [ [995426, 1813683], [995425.2389, 1813700.4311], [995422.9616, 1813717.7296], [995419.1852, 1813734.7638], [995413.9385, 1813751.404], [995407.2616, 1813767.5237], [995399.2051, 1813783], [995389.8304, 1813797.7153], [995379.2089, 1813811.5575], [995367.4214, 1813824.4214], [995354.5575, 1813836.2089], [995340.7153, 1813846.8304], [995326, 1813856.2051], [995310.5237, 1813864.2616], [995294.404, 1813870.9385], [995277.7638, 1813876.1852], [995260.7296, 1813879.9616], [995243.4311, 1813882.2389], [995226, 1813883], [995208.5689, 1813882.2389], [995191.2704, 1813879.9616], [995174.2362, 1813876.1852], [995157.596, 1813870.9385], [995141.4763, 1813864.2616], [995126, 1813856.2051], [995111.2847, 1813846.8304], [995097.4425, 1813836.2089], [995084.5786, 1813824.4214], [995072.7911, 1813811.5575], [995062.1696, 1813797.7153], [995052.7949, 1813783], [995044.7384, 1813767.5237], [995038.0615, 1813751.404], [995032.8148, 1813734.7638], [995029.0384, 1813717.7296], [995026.7611, 1813700.4311], [995026, 1813683], [995026.7611, 1813665.5689], [995029.0384, 1813648.2704], [995032.8148, 1813631.2362], [995038.0615, 1813614.596], [995044.7384, 1813598.4763], [995052.7949, 1813583], [995062.1696, 1813568.2847], [995072.7911, 1813554.4425], [995084.5786, 1813541.5786], [995097.4425, 1813529.7911], [995111.2847, 1813519.1696], [995126, 1813509.7949], [995141.4763, 1813501.7384], [995157.596, 1813495.0615], [995174.2362, 1813489.8148], [995191.2704, 1813486.0384], [995208.5689, 1813483.7611], [995226, 1813483], [995243.4311, 1813483.7611], [995260.7296, 1813486.0384], [995277.7638, 1813489.8148], [995294.404, 1813495.0615], [995310.5237, 1813501.7384], [995326, 1813509.7949], [995340.7153, 1813519.1696], [995354.5575, 1813529.7911], [995367.4214, 1813541.5786], [995379.2089, 1813554.4425], [995389.8304, 1813568.2847], [995399.2051, 1813583], [995407.2616, 1813598.4763], [995413.9385, 1813614.596], [995419.1852, 1813631.2362], [995422.9616, 1813648.2704], [995425.2389, 1813665.5689], [995426, 1813683] ] ] }",2025-09-24
2021024,2020,보행노인,30140001,대전광역시 중구1,대전광역시 중구 대사동(대사동248225 부근),4,4,2,2,0,0,36.319601,127.416211,"{ type: Polygon, coordinates: [ [ [992678.8855, 1813586.0732], [992678.1245, 1813603.5044], [992675.8471, 1813620.8029], [992672.0707, 1813637.837], [992666.8241, 1813654.4773], [992660.1471, 1813670.5969], [992652.0906, 1813686.0732], [992642.7159, 1813700.7885], [992632.0944, 1813714.6308], [992620.3069, 1813727.4946], [992607.4431, 1813739.2821], [992593.6008, 1813749.9036], [992578.8855, 1813759.2783], [992563.4092, 1813767.3348], [992547.2896, 1813774.0118], [992530.6493, 1813779.2584], [992513.6152, 1813783.0348], [992496.3167, 1813785.3122], [992478.8855, 1813786.0732], [992461.4544, 1813785.3122], [992444.1559, 1813783.0348], [992427.1217, 1813779.2584], [992410.4815, 1813774.0118], [992394.3619, 1813767.3348], [992378.8855, 1813759.2783], [992364.1702, 1813749.9036], [992350.328, 1813739.2821], [992337.4642, 1813727.4946], [992325.6766, 1813714.6308], [992315.0551, 1813700.7885], [992305.6804, 1813686.0732], [992297.624, 1813670.5969], [992290.947, 1813654.4773], [992285.7004, 1813637.837], [992281.924, 1813620.8029], [992279.6466, 1813603.5044], [992278.8855, 1813586.0732], [992279.6466, 1813568.6421], [992281.924, 1813551.3436], [992285.7004, 1813534.3094], [992290.947, 1813517.6692], [992297.624, 1813501.5496], [992305.6804, 1813486.0732], [992315.0551, 1813471.3579], [992325.6766, 1813457.5157], [992337.4642, 1813444.6519], [992350.328, 1813432.8643], [992364.1702, 1813422.2428], [992378.8855, 1813412.8682], [992394.3619, 1813404.8117], [992410.4815, 1813398.1347], [992427.1217, 1813392.8881], [992444.1559, 1813389.1117], [992461.4544, 1813386.8343], [992478.8855, 1813386.0732], [992496.3167, 1813386.8343], [992513.6152, 1813389.1117], [992530.6493, 1813392.8881], [992547.2896, 1813398.1347], [992563.4092, 1813404.8117], [992578.8855, 1813412.8682], [992593.6008, 1813422.2428], [992607.4431, 1813432.8643], [992620.3069, 1813444.6519], [992632.0944, 1813457.5157], [992642.7159, 1813471.3579], [992652.0906, 1813486.0732], [992660.1471, 1813501.5496], [992666.8241, 1813517.6692], [992672.0707, 1813534.3094], [992675.8471, 1813551.3436], [992678.1245, 1813568.6421], [992678.8855, 1813586.0732] ] ] }",2025-09-24
2021024,2020,보행노인,30140002,대전광역시 중구2,대전광역시 중구 오류동(엔제리너스서대전 부근),4,4,0,3,1,0,36.321707,127.409217,"{ type: Polygon, coordinates: [ [ [992051.2602, 1813820.2294], [992050.4991, 1813837.6606], [992048.2217, 1813854.9591], [992044.4453, 1813871.9933], [992039.1987, 1813888.6335], [992032.5217, 1813904.7531], [992024.4653, 1813920.2294], [992015.0906, 1813934.9447], [992004.4691, 1813948.787], [991992.6815, 1813961.6508], [991979.8177, 1813973.4383], [991965.9755, 1813984.0599], [991951.2602, 1813993.4345], [991935.7838, 1814001.491], [991919.6642, 1814008.168], [991903.024, 1814013.4146], [991885.9898, 1814017.191], [991868.6913, 1814019.4684], [991851.2602, 1814020.2294], [991833.829, 1814019.4684], [991816.5305, 1814017.191], [991799.4964, 1814013.4146], [991782.8562, 1814008.168], [991766.7365, 1814001.491], [991751.2602, 1813993.4345], [991736.5449, 1813984.0599], [991722.7027, 1813973.4383], [991709.8388, 1813961.6508], [991698.0513, 1813948.787], [991687.4298, 1813934.9447], [991678.0551, 1813920.2294], [991669.9986, 1813904.7531], [991663.3217, 1813888.6335], [991658.075, 1813871.9933], [991654.2986, 1813854.9591], [991652.0212, 1813837.6606], [991651.2602, 1813820.2294], [991652.0212, 1813802.7983], [991654.2986, 1813785.4998], [991658.075, 1813768.4656], [991663.3217, 1813751.8254], [991669.9986, 1813735.7058], [991678.0551, 1813720.2294], [991687.4298, 1813705.5142], [991698.0513, 1813691.6719], [991709.8388, 1813678.8081], [991722.7027, 1813667.0206], [991736.5449, 1813656.399], [991751.2602, 1813647.0244], [991766.7365, 1813638.9679], [991782.8562, 1813632.2909], [991799.4964, 1813627.0443], [991816.5305, 1813623.2679], [991833.829, 1813620.9905], [991851.2602, 1813620.2294], [991868.6913, 1813620.9905], [991885.9898, 1813623.2679], [991903.024, 1813627.0443], [991919.6642, 1813632.2909], [991935.7838, 1813638.9679], [991951.2602, 1813647.0244], [991965.9755, 1813656.399], [991979.8177, 1813667.0206], [991992.6815, 1813678.8081], [992004.4691, 1813691.6719], [992015.0906, 1813705.5142], [992024.4653, 1813720.2294], [992032.5217, 1813735.7058], [992039.1987, 1813751.8254], [992044.4453, 1813768.4656], [992048.2217, 1813785.4998], [992050.4991, 1813802.7983], [992051.2602, 1813820.2294] ] ] }",2025-09-24
2021024,2020,보행노인,30140003,대전광역시 중구3,대전광역시 중구 산성동(산성네거리 부근),4,4,0,2,2,0,36.305,127.386137,"{ type: Polygon, coordinates: [ [ [989977.4164, 1811969.2917], [989976.6553, 1811986.7228], [989974.3779, 1812004.0213], [989970.6016, 1812021.0555], [989965.3549, 1812037.6957], [989958.6779, 1812053.8153], [989950.6215, 1812069.2917], [989941.2468, 1812084.007], [989930.6253, 1812097.8492], [989918.8377, 1812110.713], [989905.9739, 1812122.5006], [989892.1317, 1812133.1221], [989877.4164, 1812142.4968], [989861.94, 1812150.5532], [989845.8204, 1812157.2302], [989829.1802, 1812162.4768], [989812.146, 1812166.2532], [989794.8475, 1812168.5306], [989777.4164, 1812169.2917], [989759.9852, 1812168.5306], [989742.6868, 1812166.2532], [989725.6526, 1812162.4768], [989709.0124, 1812157.2302], [989692.8927, 1812150.5532], [989677.4164, 1812142.4968], [989662.7011, 1812133.1221], [989648.8589, 1812122.5006], [989635.995, 1812110.713], [989624.2075, 1812097.8492], [989613.586, 1812084.007], [989604.2113, 1812069.2917], [989596.1548, 1812053.8153], [989589.4779, 1812037.6957], [989584.2312, 1812021.0555], [989580.4548, 1812004.0213], [989578.1775, 1811986.7228], [989577.4164, 1811969.2917], [989578.1775, 1811951.8605], [989580.4548, 1811934.562], [989584.2312, 1811917.5279], [989589.4779, 1811900.8876], [989596.1548, 1811884.768], [989604.2113, 1811869.2917], [989613.586, 1811854.5764], [989624.2075, 1811840.7342], [989635.995, 1811827.8703], [989648.8589, 1811816.0828], [989662.7011, 1811805.4613], [989677.4164, 1811796.0866], [989692.8927, 1811788.0301], [989709.0124, 1811781.3532], [989725.6526, 1811776.1065], [989742.6868, 1811772.3301], [989759.9852, 1811770.0527], [989777.4164, 1811769.2917], [989794.8475, 1811770.0527], [989812.146, 1811772.3301], [989829.1802, 1811776.1065], [989845.8204, 1811781.3532], [989861.94, 1811788.0301], [989877.4164, 1811796.0866], [989892.1317, 1811805.4613], [989905.9739, 1811816.0828], [989918.8377, 1811827.8703], [989930.6253, 1811840.7342], [989941.2468, 1811854.5764], [989950.6215, 1811869.2917], [989958.6779, 1811884.768], [989965.3549, 1811900.8876], [989970.6016, 1811917.5279], [989974.3779, 1811934.562], [989976.6553, 1811951.8605], [989977.4164, 1811969.2917] ] ] }",2025-09-24
2021024,2020,보행노인,30140004,대전광역시 중구4,대전광역시 중구 태평동(태평오거리 부근),3,3,1,2,0,0,36.326265,127.396128,"{ type: Polygon, coordinates: [ [ [990877, 1814327], [990876.2389, 1814344.4311], [990873.9616, 1814361.7296], [990870.1852, 1814378.7638], [990864.9385, 1814395.404], [990858.2616, 1814411.5237], [990850.2051, 1814427], [990840.8304, 1814441.7153], [990830.2089, 1814455.5575], [990818.4214, 1814468.4214], [990805.5575, 1814480.2089], [990791.7153, 1814490.8304], [990777, 1814500.2051], [990761.5237, 1814508.2616], [990745.404, 1814514.9385], [990728.7638, 1814520.1852], [990711.7296, 1814523.9616], [990694.4311, 1814526.2389], [990677, 1814527], [990659.5689, 1814526.2389], [990642.2704, 1814523.9616], [990625.2362, 1814520.1852], [990608.596, 1814514.9385], [990592.4763, 1814508.2616], [990577, 1814500.2051], [990562.2847, 1814490.8304], [990548.4425, 1814480.2089], [990535.5786, 1814468.4214], [990523.7911, 1814455.5575], [990513.1696, 1814441.7153], [990503.7949, 1814427], [990495.7384, 1814411.5237], [990489.0615, 1814395.404], [990483.8148, 1814378.7638], [990480.0384, 1814361.7296], [990477.7611, 1814344.4311], [990477, 1814327], [990477.7611, 1814309.5689], [990480.0384, 1814292.2704], [990483.8148, 1814275.2362], [990489.0615, 1814258.596], [990495.7384, 1814242.4763], [990503.7949, 1814227], [990513.1696, 1814212.2847], [990523.7911, 1814198.4425], [990535.5786, 1814185.5786], [990548.4425, 1814173.7911], [990562.2847, 1814163.1696], [990577, 1814153.7949], [990592.4763, 1814145.7384], [990608.596, 1814139.0615], [990625.2362, 1814133.8148], [990642.2704, 1814130.0384], [990659.5689, 1814127.7611], [990677, 1814127], [990694.4311, 1814127.7611], [990711.7296, 1814130.0384], [990728.7638, 1814133.8148], [990745.404, 1814139.0615], [990761.5237, 1814145.7384], [990777, 1814153.7949], [990791.7153, 1814163.1696], [990805.5575, 1814173.7911], [990818.4214, 1814185.5786], [990830.2089, 1814198.4425], [990840.8304, 1814212.2847], [990850.2051, 1814227], [990858.2616, 1814242.4763], [990864.9385, 1814258.596], [990870.1852, 1814275.2362], [990873.9616, 1814292.2704], [990876.2389, 1814309.5689], [990877, 1814327] ] ] }",2025-09-24
2021024,2020,보행노인,30140005,대전광역시 중구5,대전광역시 중구 문창동(문창교 부근),2,2,1,1,0,0,36.314647,127.43882,"{ type: Polygon, coordinates: [ [ [994708, 1813035], [994707.2389, 1813052.4311], [994704.9616, 1813069.7296], [994701.1852, 1813086.7638], [994695.9385, 1813103.404], [994689.2616, 1813119.5237], [994681.2051, 1813135], [994671.8304, 1813149.7153], [994661.2089, 1813163.5575], [994649.4214, 1813176.4214], [994636.5575, 1813188.2089], [994622.7153, 1813198.8304], [994608, 1813208.2051], [994592.5237, 1813216.2616], [994576.404, 1813222.9385], [994559.7638, 1813228.1852], [994542.7296, 1813231.9616], [994525.4311, 1813234.2389], [994508, 1813235], [994490.5689, 1813234.2389], [994473.2704, 1813231.9616], [994456.2362, 1813228.1852], [994439.596, 1813222.9385], [994423.4763, 1813216.2616], [994408, 1813208.2051], [994393.2847, 1813198.8304], [994379.4425, 1813188.2089], [994366.5786, 1813176.4214], [994354.7911, 1813163.5575], [994344.1696, 1813149.7153], [994334.7949, 1813135], [994326.7384, 1813119.5237], [994320.0615, 1813103.404], [994314.8148, 1813086.7638], [994311.0384, 1813069.7296], [994308.7611, 1813052.4311], [994308, 1813035], [994308.7611, 1813017.5689], [994311.0384, 1813000.2704], [994314.8148, 1812983.2362], [994320.0615, 1812966.596], [994326.7384, 1812950.4763], [994334.7949, 1812935], [994344.1696, 1812920.2847], [994354.7911, 1812906.4425], [994366.5786, 1812893.5786], [994379.4425, 1812881.7911], [994393.2847, 1812871.1696], [994408, 1812861.7949], [994423.4763, 1812853.7384], [994439.596, 1812847.0615], [994456.2362, 1812841.8148], [994473.2704, 1812838.0384], [994490.5689, 1812835.7611], [994508, 1812835], [994525.4311, 1812835.7611], [994542.7296, 1812838.0384], [994559.7638, 1812841.8148], [994576.404, 1812847.0615], [994592.5237, 1812853.7384], [994608, 1812861.7949], [994622.7153, 1812871.1696], [994636.5575, 1812881.7911], [994649.4214, 1812893.5786], [994661.2089, 1812906.4425], [994671.8304, 1812920.2847], [994681.2051, 1812935], [994689.2616, 1812950.4763], [994695.9385, 1812966.596], [994701.1852, 1812983.2362], [994704.9616, 1813000.2704], [994707.2389, 1813017.5689], [994708, 1813035] ] ] }",2025-09-24
2021024,2020,보행노인,30170001,대전광역시 서구1,대전광역시 서구 관저동(원앙네거리 부근),3,3,2,0,1,0,36.306949,127.335114,"{ type: Polygon, coordinates: [ [ [985397, 1812192], [985396.2389, 1812209.4311], [985393.9616, 1812226.7296], [985390.1852, 1812243.7638], [985384.9385, 1812260.404], [985378.2616, 1812276.5237], [985370.2051, 1812292], [985360.8304, 1812306.7153], [985350.2089, 1812320.5575], [985338.4214, 1812333.4214], [985325.5575, 1812345.2089], [985311.7153, 1812355.8304], [985297, 1812365.2051], [985281.5237, 1812373.2616], [985265.404, 1812379.9385], [985248.7638, 1812385.1852], [985231.7296, 1812388.9616], [985214.4311, 1812391.2389], [985197, 1812392], [985179.5689, 1812391.2389], [985162.2704, 1812388.9616], [985145.2362, 1812385.1852], [985128.596, 1812379.9385], [985112.4763, 1812373.2616], [985097, 1812365.2051], [985082.2847, 1812355.8304], [985068.4425, 1812345.2089], [985055.5786, 1812333.4214], [985043.7911, 1812320.5575], [985033.1696, 1812306.7153], [985023.7949, 1812292], [985015.7384, 1812276.5237], [985009.0615, 1812260.404], [985003.8148, 1812243.7638], [985000.0384, 1812226.7296], [984997.7611, 1812209.4311], [984997, 1812192], [984997.7611, 1812174.5689], [985000.0384, 1812157.2704], [985003.8148, 1812140.2362], [985009.0615, 1812123.596], [985015.7384, 1812107.4763], [985023.7949, 1812092], [985033.1696, 1812077.2847], [985043.7911, 1812063.4425], [985055.5786, 1812050.5786], [985068.4425, 1812038.7911], [985082.2847, 1812028.1696], [985097, 1812018.7949], [985112.4763, 1812010.7384], [985128.596, 1812004.0615], [985145.2362, 1811998.8148], [985162.2704, 1811995.0384], [985179.5689, 1811992.7611], [985197, 1811992], [985214.4311, 1811992.7611], [985231.7296, 1811995.0384], [985248.7638, 1811998.8148], [985265.404, 1812004.0615], [985281.5237, 1812010.7384], [985297, 1812018.7949], [985311.7153, 1812028.1696], [985325.5575, 1812038.7911], [985338.4214, 1812050.5786], [985350.2089, 1812063.4425], [985360.8304, 1812077.2847], [985370.2051, 1812092], [985378.2616, 1812107.4763], [985384.9385, 1812123.596], [985390.1852, 1812140.2362], [985393.9616, 1812157.2704], [985396.2389, 1812174.5689], [985397, 1812192] ] ] }",2025-09-24
2021024,2020,보행노인,30170002,대전광역시 서구2,대전광역시 서구 복수동(복수동장로교회 부근),3,3,0,3,0,0,36.308385,127.374988,"{ type: Polygon, coordinates: [ [ [988977, 1812346], [988976.2389, 1812363.4311], [988973.9616, 1812380.7296], [988970.1852, 1812397.7638], [988964.9385, 1812414.404], [988958.2616, 1812430.5237], [988950.2051, 1812446], [988940.8304, 1812460.7153], [988930.2089, 1812474.5575], [988918.4214, 1812487.4214], [988905.5575, 1812499.2089], [988891.7153, 1812509.8304], [988877, 1812519.2051], [988861.5237, 1812527.2616], [988845.404, 1812533.9385], [988828.7638, 1812539.1852], [988811.7296, 1812542.9616], [988794.4311, 1812545.2389], [988777, 1812546], [988759.5689, 1812545.2389], [988742.2704, 1812542.9616], [988725.2362, 1812539.1852], [988708.596, 1812533.9385], [988692.4763, 1812527.2616], [988677, 1812519.2051], [988662.2847, 1812509.8304], [988648.4425, 1812499.2089], [988635.5786, 1812487.4214], [988623.7911, 1812474.5575], [988613.1696, 1812460.7153], [988603.7949, 1812446], [988595.7384, 1812430.5237], [988589.0615, 1812414.404], [988583.8148, 1812397.7638], [988580.0384, 1812380.7296], [988577.7611, 1812363.4311], [988577, 1812346], [988577.7611, 1812328.5689], [988580.0384, 1812311.2704], [988583.8148, 1812294.2362], [988589.0615, 1812277.596], [988595.7384, 1812261.4763], [988603.7949, 1812246], [988613.1696, 1812231.2847], [988623.7911, 1812217.4425], [988635.5786, 1812204.5786], [988648.4425, 1812192.7911], [988662.2847, 1812182.1696], [988677, 1812172.7949], [988692.4763, 1812164.7384], [988708.596, 1812158.0615], [988725.2362, 1812152.8148], [988742.2704, 1812149.0384], [988759.5689, 1812146.7611], [988777, 1812146], [988794.4311, 1812146.7611], [988811.7296, 1812149.0384], [988828.7638, 1812152.8148], [988845.404, 1812158.0615], [988861.5237, 1812164.7384], [988877, 1812172.7949], [988891.7153, 1812182.1696], [988905.5575, 1812192.7911], [988918.4214, 1812204.5786], [988930.2089, 1812217.4425], [988940.8304, 1812231.2847], [988950.2051, 1812246], [988958.2616, 1812261.4763], [988964.9385, 1812277.596], [988970.1852, 1812294.2362], [988973.9616, 1812311.2704], [988976.2389, 1812328.5689], [988977, 1812346] ] ] }",2025-09-24
2021024,2020,보행노인,30170003,대전광역시 서구3,대전광역시 서구 탄방동(둔산화랑 부근),3,3,0,3,0,0,36.349077,127.39923,"{ type: Polygon, coordinates: [ [ [991158.052, 1816856.9688], [991157.2909, 1816874.3999], [991155.0135, 1816891.6984], [991151.2372, 1816908.7326], [991145.9905, 1816925.3728], [991139.3135, 1816941.4924], [991131.2571, 1816956.9688], [991121.8824, 1816971.684], [991111.2609, 1816985.5263], [991099.4733, 1816998.3901], [991086.6095, 1817010.1776], [991072.7673, 1817020.7992], [991058.052, 1817030.1738], [991042.5756, 1817038.2303], [991026.456, 1817044.9073], [991009.8158, 1817050.1539], [990992.7816, 1817053.9303], [990975.4831, 1817056.2077], [990958.052, 1817056.9688], [990940.6208, 1817056.2077], [990923.3223, 1817053.9303], [990906.2882, 1817050.1539], [990889.648, 1817044.9073], [990873.5283, 1817038.2303], [990858.052, 1817030.1738], [990843.3367, 1817020.7992], [990829.4945, 1817010.1776], [990816.6306, 1816998.3901], [990804.8431, 1816985.5263], [990794.2216, 1816971.684], [990784.8469, 1816956.9688], [990776.7904, 1816941.4924], [990770.1135, 1816925.3728], [990764.8668, 1816908.7326], [990761.0904, 1816891.6984], [990758.813, 1816874.3999], [990758.052, 1816856.9688], [990758.813, 1816839.5376], [990761.0904, 1816822.2391], [990764.8668, 1816805.2049], [990770.1135, 1816788.5647], [990776.7904, 1816772.4451], [990784.8469, 1816756.9688], [990794.2216, 1816742.2535], [990804.8431, 1816728.4112], [990816.6306, 1816715.5474], [990829.4945, 1816703.7599], [990843.3367, 1816693.1383], [990858.052, 1816683.7637], [990873.5283, 1816675.7072], [990889.648, 1816669.0302], [990906.2882, 1816663.7836], [990923.3223, 1816660.0072], [990940.6208, 1816657.7298], [990958.052, 1816656.9688], [990975.4831, 1816657.7298], [990992.7816, 1816660.0072], [991009.8158, 1816663.7836], [991026.456, 1816669.0302], [991042.5756, 1816675.7072], [991058.052, 1816683.7637], [991072.7673, 1816693.1383], [991086.6095, 1816703.7599], [991099.4733, 1816715.5474], [991111.2609, 1816728.4112], [991121.8824, 1816742.2535], [991131.2571, 1816756.9688], [991139.3135, 1816772.4451], [991145.9905, 1816788.5647], [991151.2372, 1816805.2049], [991155.0135, 1816822.2391], [991157.2909, 1816839.5376], [991158.052, 1816856.9688] ] ] }",2025-09-24
2021024,2020,보행노인,30200001,대전광역시 유성구1,대전광역시 유성구 봉명동(온천1동주민센터 부근),3,3,0,0,3,0,36.353293,127.338572,"{ type: Polygon, coordinates: [ [ [985716, 1817332], [985715.2389, 1817349.4311], [985712.9616, 1817366.7296], [985709.1852, 1817383.7638], [985703.9385, 1817400.404], [985697.2616, 1817416.5237], [985689.2051, 1817432], [985679.8304, 1817446.7153], [985669.2089, 1817460.5575], [985657.4214, 1817473.4214], [985644.5575, 1817485.2089], [985630.7153, 1817495.8304], [985616, 1817505.2051], [985600.5237, 1817513.2616], [985584.404, 1817519.9385], [985567.7638, 1817525.1852], [985550.7296, 1817528.9616], [985533.4311, 1817531.2389], [985516, 1817532], [985498.5689, 1817531.2389], [985481.2704, 1817528.9616], [985464.2362, 1817525.1852], [985447.596, 1817519.9385], [985431.4763, 1817513.2616], [985416, 1817505.2051], [985401.2847, 1817495.8304], [985387.4425, 1817485.2089], [985374.5786, 1817473.4214], [985362.7911, 1817460.5575], [985352.1696, 1817446.7153], [985342.7949, 1817432], [985334.7384, 1817416.5237], [985328.0615, 1817400.404], [985322.8148, 1817383.7638], [985319.0384, 1817366.7296], [985316.7611, 1817349.4311], [985316, 1817332], [985316.7611, 1817314.5689], [985319.0384, 1817297.2704], [985322.8148, 1817280.2362], [985328.0615, 1817263.596], [985334.7384, 1817247.4763], [985342.7949, 1817232], [985352.1696, 1817217.2847], [985362.7911, 1817203.4425], [985374.5786, 1817190.5786], [985387.4425, 1817178.7911], [985401.2847, 1817168.1696], [985416, 1817158.7949], [985431.4763, 1817150.7384], [985447.596, 1817144.0615], [985464.2362, 1817138.8148], [985481.2704, 1817135.0384], [985498.5689, 1817132.7611], [985516, 1817132], [985533.4311, 1817132.7611], [985550.7296, 1817135.0384], [985567.7638, 1817138.8148], [985584.404, 1817144.0615], [985600.5237, 1817150.7384], [985616, 1817158.7949], [985630.7153, 1817168.1696], [985644.5575, 1817178.7911], [985657.4214, 1817190.5786], [985669.2089, 1817203.4425], [985679.8304, 1817217.2847], [985689.2051, 1817232], [985697.2616, 1817247.4763], [985703.9385, 1817263.596], [985709.1852, 1817280.2362], [985712.9616, 1817297.2704], [985715.2389, 1817314.5689], [985716, 1817332] ] ] }",2025-09-24
2021028,2020,자전거,30110001,대전광역시 동구1,대전광역시 동구 용전동(동부네거리 부근),5,5,0,2,3,0,36.350659,127.441325,"{ type: Polygon, coordinates: [ [ [994935.2917, 1817029.4271], [994934.5306, 1817046.8583], [994932.2532, 1817064.1568], [994928.4768, 1817081.191], [994923.2302, 1817097.8312], [994916.5532, 1817113.9508], [994908.4968, 1817129.4271], [994899.1221, 1817144.1424], [994888.5006, 1817157.9847], [994876.713, 1817170.8485], [994863.8492, 1817182.636], [994850.007, 1817193.2576], [994835.2917, 1817202.6322], [994819.8153, 1817210.6887], [994803.6957, 1817217.3657], [994787.0555, 1817222.6123], [994770.0213, 1817226.3887], [994752.7228, 1817228.6661], [994735.2917, 1817229.4271], [994717.8605, 1817228.6661], [994700.562, 1817226.3887], [994683.5279, 1817222.6123], [994666.8876, 1817217.3657], [994650.768, 1817210.6887], [994635.2917, 1817202.6322], [994620.5764, 1817193.2576], [994606.7342, 1817182.636], [994593.8703, 1817170.8485], [994582.0828, 1817157.9847], [994571.4613, 1817144.1424], [994562.0866, 1817129.4271], [994554.0301, 1817113.9508], [994547.3532, 1817097.8312], [994542.1065, 1817081.191], [994538.3301, 1817064.1568], [994536.0527, 1817046.8583], [994535.2917, 1817029.4271], [994536.0527, 1817011.996], [994538.3301, 1816994.6975], [994542.1065, 1816977.6633], [994547.3532, 1816961.0231], [994554.0301, 1816944.9035], [994562.0866, 1816929.4271], [994571.4613, 1816914.7119], [994582.0828, 1816900.8696], [994593.8703, 1816888.0058], [994606.7342, 1816876.2183], [994620.5764, 1816865.5967], [994635.2917, 1816856.2221], [994650.768, 1816848.1656], [994666.8876, 1816841.4886], [994683.5279, 1816836.242], [994700.562, 1816832.4656], [994717.8605, 1816830.1882], [994735.2917, 1816829.4271], [994752.7228, 1816830.1882], [994770.0213, 1816832.4656], [994787.0555, 1816836.242], [994803.6957, 1816841.4886], [994819.8153, 1816848.1656], [994835.2917, 1816856.2221], [994850.007, 1816865.5967], [994863.8492, 1816876.2183], [994876.713, 1816888.0058], [994888.5006, 1816900.8696], [994899.1221, 1816914.7119], [994908.4968, 1816929.4271], [994916.5532, 1816944.9035], [994923.2302, 1816961.0231], [994928.4768, 1816977.6633], [994932.2532, 1816994.6975], [994934.5306, 1817011.996], [994935.2917, 1817029.4271] ] ] }",2025-09-24
2021028,2020,자전거,30110002,대전광역시 동구2,대전광역시 동구 원동(중앙시장삼거리 부근),4,4,1,0,3,0,36.328786,127.433996,"{ type: Polygon, coordinates: [ [ [994276.0105, 1814603.6561], [994275.2494, 1814621.0872], [994272.972, 1814638.3857], [994269.1957, 1814655.4199], [994263.949, 1814672.0601], [994257.2721, 1814688.1797], [994249.2156, 1814703.6561], [994239.8409, 1814718.3714], [994229.2194, 1814732.2136], [994217.4319, 1814745.0774], [994204.568, 1814756.865], [994190.7258, 1814767.4865], [994176.0105, 1814776.8612], [994160.5342, 1814784.9176], [994144.4145, 1814791.5946], [994127.7743, 1814796.8412], [994110.7401, 1814800.6176], [994093.4416, 1814802.895], [994076.0105, 1814803.6561], [994058.5794, 1814802.895], [994041.2809, 1814800.6176], [994024.2467, 1814796.8412], [994007.6065, 1814791.5946], [993991.4868, 1814784.9176], [993976.0105, 1814776.8612], [993961.2952, 1814767.4865], [993947.453, 1814756.865], [993934.5891, 1814745.0774], [993922.8016, 1814732.2136], [993912.1801, 1814718.3714], [993902.8054, 1814703.6561], [993894.7489, 1814688.1797], [993888.072, 1814672.0601], [993882.8253, 1814655.4199], [993879.0489, 1814638.3857], [993876.7716, 1814621.0872], [993876.0105, 1814603.6561], [993876.7716, 1814586.2249], [993879.0489, 1814568.9264], [993882.8253, 1814551.8923], [993888.072, 1814535.2521], [993894.7489, 1814519.1324], [993902.8054, 1814503.6561], [993912.1801, 1814488.9408], [993922.8016, 1814475.0986], [993934.5891, 1814462.2347], [993947.453, 1814450.4472], [993961.2952, 1814439.8257], [993976.0105, 1814430.451], [993991.4868, 1814422.3945], [994007.6065, 1814415.7176], [994024.2467, 1814410.4709], [994041.2809, 1814406.6945], [994058.5794, 1814404.4171], [994076.0105, 1814403.6561], [994093.4416, 1814404.4171], [994110.7401, 1814406.6945], [994127.7743, 1814410.4709], [994144.4145, 1814415.7176], [994160.5342, 1814422.3945], [994176.0105, 1814430.451], [994190.7258, 1814439.8257], [994204.568, 1814450.4472], [994217.4319, 1814462.2347], [994229.2194, 1814475.0986], [994239.8409, 1814488.9408], [994249.2156, 1814503.6561], [994257.2721, 1814519.1324], [994263.949, 1814535.2521], [994269.1957, 1814551.8923], [994272.972, 1814568.9264], [994275.2494, 1814586.2249], [994276.0105, 1814603.6561] ] ] }",2025-09-24
2021028,2020,자전거,30140001,대전광역시 중구1,대전광역시 중구 대흥동(대흥동네거리 부근),5,5,1,2,2,0,36.323953,127.427549,"{ type: Polygon, coordinates: [ [ [993697, 1814068], [993696.2389, 1814085.4311], [993693.9616, 1814102.7296], [993690.1852, 1814119.7638], [993684.9385, 1814136.404], [993678.2616, 1814152.5237], [993670.2051, 1814168], [993660.8304, 1814182.7153], [993650.2089, 1814196.5575], [993638.4214, 1814209.4214], [993625.5575, 1814221.2089], [993611.7153, 1814231.8304], [993597, 1814241.2051], [993581.5237, 1814249.2616], [993565.404, 1814255.9385], [993548.7638, 1814261.1852], [993531.7296, 1814264.9616], [993514.4311, 1814267.2389], [993497, 1814268], [993479.5689, 1814267.2389], [993462.2704, 1814264.9616], [993445.2362, 1814261.1852], [993428.596, 1814255.9385], [993412.4763, 1814249.2616], [993397, 1814241.2051], [993382.2847, 1814231.8304], [993368.4425, 1814221.2089], [993355.5786, 1814209.4214], [993343.7911, 1814196.5575], [993333.1696, 1814182.7153], [993323.7949, 1814168], [993315.7384, 1814152.5237], [993309.0615, 1814136.404], [993303.8148, 1814119.7638], [993300.0384, 1814102.7296], [993297.7611, 1814085.4311], [993297, 1814068], [993297.7611, 1814050.5689], [993300.0384, 1814033.2704], [993303.8148, 1814016.2362], [993309.0615, 1813999.596], [993315.7384, 1813983.4763], [993323.7949, 1813968], [993333.1696, 1813953.2847], [993343.7911, 1813939.4425], [993355.5786, 1813926.5786], [993368.4425, 1813914.7911], [993382.2847, 1813904.1696], [993397, 1813894.7949], [993412.4763, 1813886.7384], [993428.596, 1813880.0615], [993445.2362, 1813874.8148], [993462.2704, 1813871.0384], [993479.5689, 1813868.7611], [993497, 1813868], [993514.4311, 1813868.7611], [993531.7296, 1813871.0384], [993548.7638, 1813874.8148], [993565.404, 1813880.0615], [993581.5237, 1813886.7384], [993597, 1813894.7949], [993611.7153, 1813904.1696], [993625.5575, 1813914.7911], [993638.4214, 1813926.5786], [993650.2089, 1813939.4425], [993660.8304, 1813953.2847], [993670.2051, 1813968], [993678.2616, 1813983.4763], [993684.9385, 1813999.596], [993690.1852, 1814016.2362], [993693.9616, 1814033.2704], [993696.2389, 1814050.5689], [993697, 1814068] ] ] }",2025-09-24
2021028,2020,자전거,30140002,대전광역시 중구2,대전광역시 중구 대흥동(예술가의집네거리 부근),5,5,0,0,5,0,36.322837,127.415863,"{ type: Polygon, coordinates: [ [ [992648, 1813945], [992647.2389, 1813962.4311], [992644.9616, 1813979.7296], [992641.1852, 1813996.7638], [992635.9385, 1814013.404], [992629.2616, 1814029.5237], [992621.2051, 1814045], [992611.8304, 1814059.7153], [992601.2089, 1814073.5575], [992589.4214, 1814086.4214], [992576.5575, 1814098.2089], [992562.7153, 1814108.8304], [992548, 1814118.2051], [992532.5237, 1814126.2616], [992516.404, 1814132.9385], [992499.7638, 1814138.1852], [992482.7296, 1814141.9616], [992465.4311, 1814144.2389], [992448, 1814145], [992430.5689, 1814144.2389], [992413.2704, 1814141.9616], [992396.2362, 1814138.1852], [992379.596, 1814132.9385], [992363.4763, 1814126.2616], [992348, 1814118.2051], [992333.2847, 1814108.8304], [992319.4425, 1814098.2089], [992306.5786, 1814086.4214], [992294.7911, 1814073.5575], [992284.1696, 1814059.7153], [992274.7949, 1814045], [992266.7384, 1814029.5237], [992260.0615, 1814013.404], [992254.8148, 1813996.7638], [992251.0384, 1813979.7296], [992248.7611, 1813962.4311], [992248, 1813945], [992248.7611, 1813927.5689], [992251.0384, 1813910.2704], [992254.8148, 1813893.2362], [992260.0615, 1813876.596], [992266.7384, 1813860.4763], [992274.7949, 1813845], [992284.1696, 1813830.2847], [992294.7911, 1813816.4425], [992306.5786, 1813803.5786], [992319.4425, 1813791.7911], [992333.2847, 1813781.1696], [992348, 1813771.7949], [992363.4763, 1813763.7384], [992379.596, 1813757.0615], [992396.2362, 1813751.8148], [992413.2704, 1813748.0384], [992430.5689, 1813745.7611], [992448, 1813745], [992465.4311, 1813745.7611], [992482.7296, 1813748.0384], [992499.7638, 1813751.8148], [992516.404, 1813757.0615], [992532.5237, 1813763.7384], [992548, 1813771.7949], [992562.7153, 1813781.1696], [992576.5575, 1813791.7911], [992589.4214, 1813803.5786], [992601.2089, 1813816.4425], [992611.8304, 1813830.2847], [992621.2051, 1813845], [992629.2616, 1813860.4763], [992635.9385, 1813876.596], [992641.1852, 1813893.2362], [992644.9616, 1813910.2704], [992647.2389, 1813927.5689], [992648, 1813945] ] ] }",2025-09-24
2021028,2020,자전거,30140003,대전광역시 중구3,대전광역시 중구 태평동(서대전농협북부지점 부근),5,5,0,0,5,0,36.322998,127.395919,"{ type: Polygon, coordinates: [ [ [990857.8438, 1813964.6666], [990857.0827, 1813982.0977], [990854.8053, 1813999.3962], [990851.029, 1814016.4304], [990845.7823, 1814033.0706], [990839.1053, 1814049.1902], [990831.0489, 1814064.6666], [990821.6742, 1814079.3819], [990811.0527, 1814093.2241], [990799.2651, 1814106.0879], [990786.4013, 1814117.8755], [990772.5591, 1814128.497], [990757.8438, 1814137.8717], [990742.3674, 1814145.9281], [990726.2478, 1814152.6051], [990709.6076, 1814157.8517], [990692.5734, 1814161.6281], [990675.2749, 1814163.9055], [990657.8438, 1814164.6666], [990640.4126, 1814163.9055], [990623.1142, 1814161.6281], [990606.08, 1814157.8517], [990589.4398, 1814152.6051], [990573.3201, 1814145.9281], [990557.8438, 1814137.8717], [990543.1285, 1814128.497], [990529.2863, 1814117.8755], [990516.4224, 1814106.0879], [990504.6349, 1814093.2241], [990494.0134, 1814079.3819], [990484.6387, 1814064.6666], [990476.5822, 1814049.1902], [990469.9053, 1814033.0706], [990464.6586, 1814016.4304], [990460.8822, 1813999.3962], [990458.6049, 1813982.0977], [990457.8438, 1813964.6666], [990458.6049, 1813947.2354], [990460.8822, 1813929.9369], [990464.6586, 1813912.9028], [990469.9053, 1813896.2626], [990476.5822, 1813880.1429], [990484.6387, 1813864.6666], [990494.0134, 1813849.9513], [990504.6349, 1813836.1091], [990516.4224, 1813823.2452], [990529.2863, 1813811.4577], [990543.1285, 1813800.8362], [990557.8438, 1813791.4615], [990573.3201, 1813783.405], [990589.4398, 1813776.7281], [990606.08, 1813771.4814], [990623.1142, 1813767.705], [990640.4126, 1813765.4276], [990657.8438, 1813764.6666], [990675.2749, 1813765.4276], [990692.5734, 1813767.705], [990709.6076, 1813771.4814], [990726.2478, 1813776.7281], [990742.3674, 1813783.405], [990757.8438, 1813791.4615], [990772.5591, 1813800.8362], [990786.4013, 1813811.4577], [990799.2651, 1813823.2452], [990811.0527, 1813836.1091], [990821.6742, 1813849.9513], [990831.0489, 1813864.6666], [990839.1053, 1813880.1429], [990845.7823, 1813896.2626], [990851.029, 1813912.9028], [990854.8053, 1813929.9369], [990857.0827, 1813947.2354], [990857.8438, 1813964.6666] ] ] }",2025-09-24
2021028,2020,자전거,30140004,대전광역시 중구4,대전광역시 중구 유천동(버드내네거리 부근),4,4,0,0,3,1,36.317102,127.391807,"{ type: Polygon, coordinates: [ [ [990488, 1813311], [990487.2389, 1813328.4311], [990484.9616, 1813345.7296], [990481.1852, 1813362.7638], [990475.9385, 1813379.404], [990469.2616, 1813395.5237], [990461.2051, 1813411], [990451.8304, 1813425.7153], [990441.2089, 1813439.5575], [990429.4214, 1813452.4214], [990416.5575, 1813464.2089], [990402.7153, 1813474.8304], [990388, 1813484.2051], [990372.5237, 1813492.2616], [990356.404, 1813498.9385], [990339.7638, 1813504.1852], [990322.7296, 1813507.9616], [990305.4311, 1813510.2389], [990288, 1813511], [990270.5689, 1813510.2389], [990253.2704, 1813507.9616], [990236.2362, 1813504.1852], [990219.596, 1813498.9385], [990203.4763, 1813492.2616], [990188, 1813484.2051], [990173.2847, 1813474.8304], [990159.4425, 1813464.2089], [990146.5786, 1813452.4214], [990134.7911, 1813439.5575], [990124.1696, 1813425.7153], [990114.7949, 1813411], [990106.7384, 1813395.5237], [990100.0615, 1813379.404], [990094.8148, 1813362.7638], [990091.0384, 1813345.7296], [990088.7611, 1813328.4311], [990088, 1813311], [990088.7611, 1813293.5689], [990091.0384, 1813276.2704], [990094.8148, 1813259.2362], [990100.0615, 1813242.596], [990106.7384, 1813226.4763], [990114.7949, 1813211], [990124.1696, 1813196.2847], [990134.7911, 1813182.4425], [990146.5786, 1813169.5786], [990159.4425, 1813157.7911], [990173.2847, 1813147.1696], [990188, 1813137.7949], [990203.4763, 1813129.7384], [990219.596, 1813123.0615], [990236.2362, 1813117.8148], [990253.2704, 1813114.0384], [990270.5689, 1813111.7611], [990288, 1813111], [990305.4311, 1813111.7611], [990322.7296, 1813114.0384], [990339.7638, 1813117.8148], [990356.404, 1813123.0615], [990372.5237, 1813129.7384], [990388, 1813137.7949], [990402.7153, 1813147.1696], [990416.5575, 1813157.7911], [990429.4214, 1813169.5786], [990441.2089, 1813182.4425], [990451.8304, 1813196.2847], [990461.2051, 1813211], [990469.2616, 1813226.4763], [990475.9385, 1813242.596], [990481.1852, 1813259.2362], [990484.9616, 1813276.2704], [990487.2389, 1813293.5689], [990488, 1813311] ] ] }",2025-09-24
2021028,2020,자전거,30170001,대전광역시 서구1,대전광역시 서구 내동(가장네거리 부근),5,5,0,1,4,0,36.331366,127.384433,"{ type: Polygon, coordinates: [ [ [989828, 1814894], [989827.2389, 1814911.4311], [989824.9616, 1814928.7296], [989821.1852, 1814945.7638], [989815.9385, 1814962.404], [989809.2616, 1814978.5237], [989801.2051, 1814994], [989791.8304, 1815008.7153], [989781.2089, 1815022.5575], [989769.4214, 1815035.4214], [989756.5575, 1815047.2089], [989742.7153, 1815057.8304], [989728, 1815067.2051], [989712.5237, 1815075.2616], [989696.404, 1815081.9385], [989679.7638, 1815087.1852], [989662.7296, 1815090.9616], [989645.4311, 1815093.2389], [989628, 1815094], [989610.5689, 1815093.2389], [989593.2704, 1815090.9616], [989576.2362, 1815087.1852], [989559.596, 1815081.9385], [989543.4763, 1815075.2616], [989528, 1815067.2051], [989513.2847, 1815057.8304], [989499.4425, 1815047.2089], [989486.5786, 1815035.4214], [989474.7911, 1815022.5575], [989464.1696, 1815008.7153], [989454.7949, 1814994], [989446.7384, 1814978.5237], [989440.0615, 1814962.404], [989434.8148, 1814945.7638], [989431.0384, 1814928.7296], [989428.7611, 1814911.4311], [989428, 1814894], [989428.7611, 1814876.5689], [989431.0384, 1814859.2704], [989434.8148, 1814842.2362], [989440.0615, 1814825.596], [989446.7384, 1814809.4763], [989454.7949, 1814794], [989464.1696, 1814779.2847], [989474.7911, 1814765.4425], [989486.5786, 1814752.5786], [989499.4425, 1814740.7911], [989513.2847, 1814730.1696], [989528, 1814720.7949], [989543.4763, 1814712.7384], [989559.596, 1814706.0615], [989576.2362, 1814700.8148], [989593.2704, 1814697.0384], [989610.5689, 1814694.7611], [989628, 1814694], [989645.4311, 1814694.7611], [989662.7296, 1814697.0384], [989679.7638, 1814700.8148], [989696.404, 1814706.0615], [989712.5237, 1814712.7384], [989728, 1814720.7949], [989742.7153, 1814730.1696], [989756.5575, 1814740.7911], [989769.4214, 1814752.5786], [989781.2089, 1814765.4425], [989791.8304, 1814779.2847], [989801.2051, 1814794], [989809.2616, 1814809.4763], [989815.9385, 1814825.596], [989821.1852, 1814842.2362], [989824.9616, 1814859.2704], [989827.2389, 1814876.5689], [989828, 1814894] ] ] }",2025-09-24
2021028,2020,자전거,30170002,대전광역시 서구2,대전광역시 서구 탄방동(남선공원네거리 부근),4,4,0,4,0,0,36.344945,127.401873,"{ type: Polygon, coordinates: [ [ [991394.7501, 1816398.4896], [991393.989, 1816415.9208], [991391.7116, 1816433.2193], [991387.9352, 1816450.2534], [991382.6886, 1816466.8937], [991376.0116, 1816483.0133], [991367.9551, 1816498.4896], [991358.5805, 1816513.2049], [991347.959, 1816527.0472], [991336.1714, 1816539.911], [991323.3076, 1816551.6985], [991309.4654, 1816562.32], [991294.7501, 1816571.6947], [991279.2737, 1816579.7512], [991263.1541, 1816586.4282], [991246.5139, 1816591.6748], [991229.4797, 1816595.4512], [991212.1812, 1816597.7286], [991194.7501, 1816598.4896], [991177.3189, 1816597.7286], [991160.0204, 1816595.4512], [991142.9863, 1816591.6748], [991126.346, 1816586.4282], [991110.2264, 1816579.7512], [991094.7501, 1816571.6947], [991080.0348, 1816562.32], [991066.1925, 1816551.6985], [991053.3287, 1816539.911], [991041.5412, 1816527.0472], [991030.9197, 1816513.2049], [991021.545, 1816498.4896], [991013.4885, 1816483.0133], [991006.8115, 1816466.8937], [991001.5649, 1816450.2534], [990997.7885, 1816433.2193], [990995.5111, 1816415.9208], [990994.7501, 1816398.4896], [990995.5111, 1816381.0585], [990997.7885, 1816363.76], [991001.5649, 1816346.7258], [991006.8115, 1816330.0856], [991013.4885, 1816313.966], [991021.545, 1816298.4896], [991030.9197, 1816283.7743], [991041.5412, 1816269.9321], [991053.3287, 1816257.0683], [991066.1925, 1816245.2807], [991080.0348, 1816234.6592], [991094.7501, 1816225.2845], [991110.2264, 1816217.2281], [991126.346, 1816210.5511], [991142.9863, 1816205.3045], [991160.0204, 1816201.5281], [991177.3189, 1816199.2507], [991194.7501, 1816198.4896], [991212.1812, 1816199.2507], [991229.4797, 1816201.5281], [991246.5139, 1816205.3045], [991263.1541, 1816210.5511], [991279.2737, 1816217.2281], [991294.7501, 1816225.2845], [991309.4654, 1816234.6592], [991323.3076, 1816245.2807], [991336.1714, 1816257.0683], [991347.959, 1816269.9321], [991358.5805, 1816283.7743], [991367.9551, 1816298.4896], [991376.0116, 1816313.966], [991382.6886, 1816330.0856], [991387.9352, 1816346.7258], [991391.7116, 1816363.76], [991393.989, 1816381.0585], [991394.7501, 1816398.4896] ] ] }",2025-09-24
2021028,2020,자전거,30170003,대전광역시 서구3,대전광역시 서구 만년동(만년네거리 부근),4,5,0,3,2,0,36.365024,127.37852,"{ type: Polygon, coordinates: [ [ [989302, 1818628], [989301.2389, 1818645.4311], [989298.9616, 1818662.7296], [989295.1852, 1818679.7638], [989289.9385, 1818696.404], [989283.2616, 1818712.5237], [989275.2051, 1818728], [989265.8304, 1818742.7153], [989255.2089, 1818756.5575], [989243.4214, 1818769.4214], [989230.5575, 1818781.2089], [989216.7153, 1818791.8304], [989202, 1818801.2051], [989186.5237, 1818809.2616], [989170.404, 1818815.9385], [989153.7638, 1818821.1852], [989136.7296, 1818824.9616], [989119.4311, 1818827.2389], [989102, 1818828], [989084.5689, 1818827.2389], [989067.2704, 1818824.9616], [989050.2362, 1818821.1852], [989033.596, 1818815.9385], [989017.4763, 1818809.2616], [989002, 1818801.2051], [988987.2847, 1818791.8304], [988973.4425, 1818781.2089], [988960.5786, 1818769.4214], [988948.7911, 1818756.5575], [988938.1696, 1818742.7153], [988928.7949, 1818728], [988920.7384, 1818712.5237], [988914.0615, 1818696.404], [988908.8148, 1818679.7638], [988905.0384, 1818662.7296], [988902.7611, 1818645.4311], [988902, 1818628], [988902.7611, 1818610.5689], [988905.0384, 1818593.2704], [988908.8148, 1818576.2362], [988914.0615, 1818559.596], [988920.7384, 1818543.4763], [988928.7949, 1818528], [988938.1696, 1818513.2847], [988948.7911, 1818499.4425], [988960.5786, 1818486.5786], [988973.4425, 1818474.7911], [988987.2847, 1818464.1696], [989002, 1818454.7949], [989017.4763, 1818446.7384], [989033.596, 1818440.0615], [989050.2362, 1818434.8148], [989067.2704, 1818431.0384], [989084.5689, 1818428.7611], [989102, 1818428], [989119.4311, 1818428.7611], [989136.7296, 1818431.0384], [989153.7638, 1818434.8148], [989170.404, 1818440.0615], [989186.5237, 1818446.7384], [989202, 1818454.7949], [989216.7153, 1818464.1696], [989230.5575, 1818474.7911], [989243.4214, 1818486.5786], [989255.2089, 1818499.4425], [989265.8304, 1818513.2847], [989275.2051, 1818528], [989283.2616, 1818543.4763], [989289.9385, 1818559.596], [989295.1852, 1818576.2362], [989298.9616, 1818593.2704], [989301.2389, 1818610.5689], [989302, 1818628] ] ] }",2025-09-24
2021028,2020,자전거,30170004,대전광역시 서구4,대전광역시 서구 둔산동(은하수네거리 부근),4,4,0,2,2,0,36.351601,127.378317,"{ type: Polygon, coordinates: [ [ [989281.8435, 1817139.198], [989281.0825, 1817156.6291], [989278.8051, 1817173.9276], [989275.0287, 1817190.9618], [989269.7821, 1817207.602], [989263.1051, 1817223.7216], [989255.0486, 1817239.198], [989245.6739, 1817253.9132], [989235.0524, 1817267.7555], [989223.2649, 1817280.6193], [989210.4011, 1817292.4068], [989196.5588, 1817303.0284], [989181.8435, 1817312.403], [989166.3672, 1817320.4595], [989150.2476, 1817327.1365], [989133.6073, 1817332.3831], [989116.5732, 1817336.1595], [989099.2747, 1817338.4369], [989081.8435, 1817339.198], [989064.4124, 1817338.4369], [989047.1139, 1817336.1595], [989030.0797, 1817332.3831], [989013.4395, 1817327.1365], [988997.3199, 1817320.4595], [988981.8435, 1817312.403], [988967.1282, 1817303.0284], [988953.286, 1817292.4068], [988940.4222, 1817280.6193], [988928.6346, 1817267.7555], [988918.0131, 1817253.9132], [988908.6385, 1817239.198], [988900.582, 1817223.7216], [988893.905, 1817207.602], [988888.6584, 1817190.9618], [988884.882, 1817173.9276], [988882.6046, 1817156.6291], [988881.8435, 1817139.198], [988882.6046, 1817121.7668], [988884.882, 1817104.4683], [988888.6584, 1817087.4341], [988893.905, 1817070.7939], [988900.582, 1817054.6743], [988908.6385, 1817039.198], [988918.0131, 1817024.4827], [988928.6346, 1817010.6404], [988940.4222, 1816997.7766], [988953.286, 1816985.9891], [988967.1282, 1816975.3675], [988981.8435, 1816965.9929], [988997.3199, 1816957.9364], [989013.4395, 1816951.2594], [989030.0797, 1816946.0128], [989047.1139, 1816942.2364], [989064.4124, 1816939.959], [989081.8435, 1816939.198], [989099.2747, 1816939.959], [989116.5732, 1816942.2364], [989133.6073, 1816946.0128], [989150.2476, 1816951.2594], [989166.3672, 1816957.9364], [989181.8435, 1816965.9929], [989196.5588, 1816975.3675], [989210.4011, 1816985.9891], [989223.2649, 1816997.7766], [989235.0524, 1817010.6404], [989245.6739, 1817024.4827], [989255.0486, 1817039.198], [989263.1051, 1817054.6743], [989269.7821, 1817070.7939], [989275.0287, 1817087.4341], [989278.8051, 1817104.4683], [989281.0825, 1817121.7668], [989281.8435, 1817139.198] ] ] }",2025-09-24
2021028,2020,자전거,30170005,대전광역시 서구5,대전광역시 서구 갈마동(갈마네거리 부근),4,4,0,0,4,0,36.35278,127.368709,"{ type: Polygon, coordinates: [ [ [988420, 1817271], [988419.2389, 1817288.4311], [988416.9616, 1817305.7296], [988413.1852, 1817322.7638], [988407.9385, 1817339.404], [988401.2616, 1817355.5237], [988393.2051, 1817371], [988383.8304, 1817385.7153], [988373.2089, 1817399.5575], [988361.4214, 1817412.4214], [988348.5575, 1817424.2089], [988334.7153, 1817434.8304], [988320, 1817444.2051], [988304.5237, 1817452.2616], [988288.404, 1817458.9385], [988271.7638, 1817464.1852], [988254.7296, 1817467.9616], [988237.4311, 1817470.2389], [988220, 1817471], [988202.5689, 1817470.2389], [988185.2704, 1817467.9616], [988168.2362, 1817464.1852], [988151.596, 1817458.9385], [988135.4763, 1817452.2616], [988120, 1817444.2051], [988105.2847, 1817434.8304], [988091.4425, 1817424.2089], [988078.5786, 1817412.4214], [988066.7911, 1817399.5575], [988056.1696, 1817385.7153], [988046.7949, 1817371], [988038.7384, 1817355.5237], [988032.0615, 1817339.404], [988026.8148, 1817322.7638], [988023.0384, 1817305.7296], [988020.7611, 1817288.4311], [988020, 1817271], [988020.7611, 1817253.5689], [988023.0384, 1817236.2704], [988026.8148, 1817219.2362], [988032.0615, 1817202.596], [988038.7384, 1817186.4763], [988046.7949, 1817171], [988056.1696, 1817156.2847], [988066.7911, 1817142.4425], [988078.5786, 1817129.5786], [988091.4425, 1817117.7911], [988105.2847, 1817107.1696], [988120, 1817097.7949], [988135.4763, 1817089.7384], [988151.596, 1817083.0615], [988168.2362, 1817077.8148], [988185.2704, 1817074.0384], [988202.5689, 1817071.7611], [988220, 1817071], [988237.4311, 1817071.7611], [988254.7296, 1817074.0384], [988271.7638, 1817077.8148], [988288.404, 1817083.0615], [988304.5237, 1817089.7384], [988320, 1817097.7949], [988334.7153, 1817107.1696], [988348.5575, 1817117.7911], [988361.4214, 1817129.5786], [988373.2089, 1817142.4425], [988383.8304, 1817156.2847], [988393.2051, 1817171], [988401.2616, 1817186.4763], [988407.9385, 1817202.596], [988413.1852, 1817219.2362], [988416.9616, 1817236.2704], [988419.2389, 1817253.5689], [988420, 1817271] ] ] }",2025-09-24
2021028,2020,자전거,30200001,대전광역시 유성구1,대전광역시 유성구 봉명동(봉명어린이집 부근),4,4,0,0,4,0,36.350404,127.340287,"{ type: Polygon, coordinates: [ [ [985869.4271, 1817011.3857], [985868.6661, 1817028.8168], [985866.3887, 1817046.1153], [985862.6123, 1817063.1495], [985857.3657, 1817079.7897], [985850.6887, 1817095.9093], [985842.6322, 1817111.3857], [985833.2576, 1817126.1009], [985822.636, 1817139.9432], [985810.8485, 1817152.807], [985797.9847, 1817164.5945], [985784.1424, 1817175.2161], [985769.4271, 1817184.5907], [985753.9508, 1817192.6472], [985737.8312, 1817199.3242], [985721.191, 1817204.5708], [985704.1568, 1817208.3472], [985686.8583, 1817210.6246], [985669.4271, 1817211.3857], [985651.996, 1817210.6246], [985634.6975, 1817208.3472], [985617.6633, 1817204.5708], [985601.0231, 1817199.3242], [985584.9035, 1817192.6472], [985569.4271, 1817184.5907], [985554.7119, 1817175.2161], [985540.8696, 1817164.5945], [985528.0058, 1817152.807], [985516.2183, 1817139.9432], [985505.5967, 1817126.1009], [985496.2221, 1817111.3857], [985488.1656, 1817095.9093], [985481.4886, 1817079.7897], [985476.242, 1817063.1495], [985472.4656, 1817046.1153], [985470.1882, 1817028.8168], [985469.4271, 1817011.3857], [985470.1882, 1816993.9545], [985472.4656, 1816976.656], [985476.242, 1816959.6218], [985481.4886, 1816942.9816], [985488.1656, 1816926.862], [985496.2221, 1816911.3857], [985505.5967, 1816896.6704], [985516.2183, 1816882.8281], [985528.0058, 1816869.9643], [985540.8696, 1816858.1768], [985554.7119, 1816847.5552], [985569.4271, 1816838.1806], [985584.9035, 1816830.1241], [985601.0231, 1816823.4471], [985617.6633, 1816818.2005], [985634.6975, 1816814.4241], [985651.996, 1816812.1467], [985669.4271, 1816811.3857], [985686.8583, 1816812.1467], [985704.1568, 1816814.4241], [985721.191, 1816818.2005], [985737.8312, 1816823.4471], [985753.9508, 1816830.1241], [985769.4271, 1816838.1806], [985784.1424, 1816847.5552], [985797.9847, 1816858.1768], [985810.8485, 1816869.9643], [985822.636, 1816882.8281], [985833.2576, 1816896.6704], [985842.6322, 1816911.3857], [985850.6887, 1816926.862], [985857.3657, 1816942.9816], [985862.6123, 1816959.6218], [985866.3887, 1816976.656], [985868.6661, 1816993.9545], [985869.4271, 1817011.3857] ] ] }",2025-09-24
2022038,2021,스쿨존어린이,30140001,대전광역시 중구1,대전광역시 중구 선화동(대전선화초교 부근),2,2,0,0,2,0,36.334156,127.422893,"{ type: Polygon, coordinates: [ [ [993380, 1815200], [993378.8584, 1815226.1467], [993375.4423, 1815252.0945], [993369.7777, 1815277.6457], [993361.9078, 1815302.606], [993351.8923, 1815326.7855], [993339.8076, 1815350], [993325.7456, 1815372.0729], [993309.8133, 1815392.8363], [993292.132, 1815412.132], [993272.8363, 1815429.8133], [993252.0729, 1815445.7456], [993230, 1815459.8076], [993206.7855, 1815471.8923], [993182.606, 1815481.9078], [993157.6457, 1815489.7777], [993132.0945, 1815495.4423], [993106.1467, 1815498.8584], [993080, 1815500], [993053.8533, 1815498.8584], [993027.9055, 1815495.4423], [993002.3543, 1815489.7777], [992977.394, 1815481.9078], [992953.2145, 1815471.8923], [992930, 1815459.8076], [992907.9271, 1815445.7456], [992887.1637, 1815429.8133], [992867.868, 1815412.132], [992850.1867, 1815392.8363], [992834.2544, 1815372.0729], [992820.1924, 1815350], [992808.1077, 1815326.7855], [992798.0922, 1815302.606], [992790.2223, 1815277.6457], [992784.5577, 1815252.0945], [992781.1416, 1815226.1467], [992780, 1815200], [992781.1416, 1815173.8533], [992784.5577, 1815147.9055], [992790.2223, 1815122.3543], [992798.0922, 1815097.394], [992808.1077, 1815073.2145], [992820.1924, 1815050], [992834.2544, 1815027.9271], [992850.1867, 1815007.1637], [992867.868, 1814987.868], [992887.1637, 1814970.1867], [992907.9271, 1814954.2544], [992930, 1814940.1924], [992953.2145, 1814928.1077], [992977.394, 1814918.0922], [993002.3543, 1814910.2223], [993027.9055, 1814904.5577], [993053.8533, 1814901.1416], [993080, 1814900], [993106.1467, 1814901.1416], [993132.0945, 1814904.5577], [993157.6457, 1814910.2223], [993182.606, 1814918.0922], [993206.7855, 1814928.1077], [993230, 1814940.1924], [993252.0729, 1814954.2544], [993272.8363, 1814970.1867], [993292.132, 1814987.868], [993309.8133, 1815007.1637], [993325.7456, 1815027.9271], [993339.8076, 1815050], [993351.8923, 1815073.2145], [993361.9078, 1815097.394], [993369.7777, 1815122.3543], [993375.4423, 1815147.9055], [993378.8584, 1815173.8533], [993380, 1815200] ] ] }",2025-09-24
2022038,2021,스쿨존어린이,30170001,대전광역시 서구1,대전광역시 서구 복수동(대전신계초교 부근),2,2,0,0,2,0,36.299931,127.377608,"{ type: Polygon, coordinates: [ [ [989311, 1811408], [989309.8584, 1811434.1467], [989306.4423, 1811460.0945], [989300.7777, 1811485.6457], [989292.9078, 1811510.606], [989282.8923, 1811534.7855], [989270.8076, 1811558], [989256.7456, 1811580.0729], [989240.8133, 1811600.8363], [989223.132, 1811620.132], [989203.8363, 1811637.8133], [989183.0729, 1811653.7456], [989161, 1811667.8076], [989137.7855, 1811679.8923], [989113.606, 1811689.9078], [989088.6457, 1811697.7777], [989063.0945, 1811703.4423], [989037.1467, 1811706.8584], [989011, 1811708], [988984.8533, 1811706.8584], [988958.9055, 1811703.4423], [988933.3543, 1811697.7777], [988908.394, 1811689.9078], [988884.2145, 1811679.8923], [988861, 1811667.8076], [988838.9271, 1811653.7456], [988818.1637, 1811637.8133], [988798.868, 1811620.132], [988781.1867, 1811600.8363], [988765.2544, 1811580.0729], [988751.1924, 1811558], [988739.1077, 1811534.7855], [988729.0922, 1811510.606], [988721.2223, 1811485.6457], [988715.5577, 1811460.0945], [988712.1416, 1811434.1467], [988711, 1811408], [988712.1416, 1811381.8533], [988715.5577, 1811355.9055], [988721.2223, 1811330.3543], [988729.0922, 1811305.394], [988739.1077, 1811281.2145], [988751.1924, 1811258], [988765.2544, 1811235.9271], [988781.1867, 1811215.1637], [988798.868, 1811195.868], [988818.1637, 1811178.1867], [988838.9271, 1811162.2544], [988861, 1811148.1924], [988884.2145, 1811136.1077], [988908.394, 1811126.0922], [988933.3543, 1811118.2223], [988958.9055, 1811112.5577], [988984.8533, 1811109.1416], [989011, 1811108], [989037.1467, 1811109.1416], [989063.0945, 1811112.5577], [989088.6457, 1811118.2223], [989113.606, 1811126.0922], [989137.7855, 1811136.1077], [989161, 1811148.1924], [989183.0729, 1811162.2544], [989203.8363, 1811178.1867], [989223.132, 1811195.868], [989240.8133, 1811215.1637], [989256.7456, 1811235.9271], [989270.8076, 1811258], [989282.8923, 1811281.2145], [989292.9078, 1811305.394], [989300.7777, 1811330.3543], [989306.4423, 1811355.9055], [989309.8584, 1811381.8533], [989311, 1811408] ] ] }",2025-09-24
2022042,2021,보행노인,11590001,서울특별시 동작구1,서울특별시 동작구 상도동(성대전통시장입구 부근),9,10,0,10,0,0,37.500038,126.932235,"{ type: Polygon, coordinates: [ [ [949915, 1944681.9], [949913.7688, 1944697.5434], [949910.1057, 1944712.8017], [949904.1007, 1944727.299], [949895.9017, 1944740.6785], [949885.7107, 1944752.6107], [949873.7785, 1944762.8017], [949860.399, 1944771.0007], [949845.9017, 1944777.0057], [949830.6434, 1944780.6688], [949815, 1944781.9], [949799.3566, 1944780.6688], [949784.0983, 1944777.0057], [949769.601, 1944771.0007], [949756.2215, 1944762.8017], [949744.2893, 1944752.6107], [949734.0983, 1944740.6785], [949725.8993, 1944727.299], [949719.8943, 1944712.8017], [949716.2312, 1944697.5434], [949715, 1944681.9], [949716.2312, 1944666.2566], [949719.8943, 1944650.9983], [949725.8993, 1944636.501], [949734.0983, 1944623.1215], [949744.2893, 1944611.1893], [949756.2215, 1944600.9983], [949769.601, 1944592.7993], [949784.0983, 1944586.7943], [949799.3566, 1944583.1312], [949815, 1944581.9], [949830.6434, 1944583.1312], [949845.9017, 1944586.7943], [949860.399, 1944592.7993], [949873.7785, 1944600.9983], [949885.7107, 1944611.1893], [949895.9017, 1944623.1215], [949904.1007, 1944636.501], [949910.1057, 1944650.9983], [949913.7688, 1944666.2566], [949915, 1944681.9] ] ] }",2025-09-24
2022042,2021,보행노인,30110001,대전광역시 동구1,대전광역시 동구 효동(효동네거리 부근),5,5,1,4,0,0,36.31507,127.439789,"{ type: Polygon, coordinates: [ [ [994695, 1813081.9], [994693.7688, 1813097.5434], [994690.1057, 1813112.8017], [994684.1007, 1813127.299], [994675.9017, 1813140.6785], [994665.7107, 1813152.6107], [994653.7785, 1813162.8017], [994640.399, 1813171.0007], [994625.9017, 1813177.0057], [994610.6434, 1813180.6688], [994595, 1813181.9], [994579.3566, 1813180.6688], [994564.0983, 1813177.0057], [994549.601, 1813171.0007], [994536.2215, 1813162.8017], [994524.2893, 1813152.6107], [994514.0983, 1813140.6785], [994505.8993, 1813127.299], [994499.8943, 1813112.8017], [994496.2312, 1813097.5434], [994495, 1813081.9], [994496.2312, 1813066.2566], [994499.8943, 1813050.9983], [994505.8993, 1813036.501], [994514.0983, 1813023.1215], [994524.2893, 1813011.1893], [994536.2215, 1813000.9983], [994549.601, 1812992.7993], [994564.0983, 1812986.7943], [994579.3566, 1812983.1312], [994595, 1812981.9], [994610.6434, 1812983.1312], [994625.9017, 1812986.7943], [994640.399, 1812992.7993], [994653.7785, 1813000.9983], [994665.7107, 1813011.1893], [994675.9017, 1813023.1215], [994684.1007, 1813036.501], [994690.1057, 1813050.9983], [994693.7688, 1813066.2566], [994695, 1813081.9] ] ] }",2025-09-24
2022042,2021,보행노인,30110002,대전광역시 동구2,대전광역시 동구 중동(대전역네거리 부근),5,5,0,5,0,0,36.330573,127.433315,"{ type: Polygon, coordinates: [ [ [994115, 1814801.9], [994113.7688, 1814817.5434], [994110.1057, 1814832.8017], [994104.1007, 1814847.299], [994095.9017, 1814860.6785], [994085.7107, 1814872.6107], [994073.7785, 1814882.8017], [994060.399, 1814891.0007], [994045.9017, 1814897.0057], [994030.6434, 1814900.6688], [994015, 1814901.9], [993999.3566, 1814900.6688], [993984.0983, 1814897.0057], [993969.601, 1814891.0007], [993956.2215, 1814882.8017], [993944.2893, 1814872.6107], [993934.0983, 1814860.6785], [993925.8993, 1814847.299], [993919.8943, 1814832.8017], [993916.2312, 1814817.5434], [993915, 1814801.9], [993916.2312, 1814786.2566], [993919.8943, 1814770.9983], [993925.8993, 1814756.501], [993934.0983, 1814743.1215], [993944.2893, 1814731.1893], [993956.2215, 1814720.9983], [993969.601, 1814712.7993], [993984.0983, 1814706.7943], [993999.3566, 1814703.1312], [994015, 1814701.9], [994030.6434, 1814703.1312], [994045.9017, 1814706.7943], [994060.399, 1814712.7993], [994073.7785, 1814720.9983], [994085.7107, 1814731.1893], [994095.9017, 1814743.1215], [994104.1007, 1814756.501], [994110.1057, 1814770.9983], [994113.7688, 1814786.2566], [994115, 1814801.9] ] ] }",2025-09-24
2022042,2021,보행노인,30110003,대전광역시 동구3,대전광역시 동구 홍도동(그리심중앙교회 부근),5,5,0,5,0,0,36.34698,127.430849,"{ type: Polygon, coordinates: [ [ [993895, 1816621.9], [993893.7688, 1816637.5434], [993890.1057, 1816652.8017], [993884.1007, 1816667.299], [993875.9017, 1816680.6785], [993865.7107, 1816692.6107], [993853.7785, 1816702.8017], [993840.399, 1816711.0007], [993825.9017, 1816717.0057], [993810.6434, 1816720.6688], [993795, 1816721.9], [993779.3566, 1816720.6688], [993764.0983, 1816717.0057], [993749.601, 1816711.0007], [993736.2215, 1816702.8017], [993724.2893, 1816692.6107], [993714.0983, 1816680.6785], [993705.8993, 1816667.299], [993699.8943, 1816652.8017], [993696.2312, 1816637.5434], [993695, 1816621.9], [993696.2312, 1816606.2566], [993699.8943, 1816590.9983], [993705.8993, 1816576.501], [993714.0983, 1816563.1215], [993724.2893, 1816551.1893], [993736.2215, 1816540.9983], [993749.601, 1816532.7993], [993764.0983, 1816526.7943], [993779.3566, 1816523.1312], [993795, 1816521.9], [993810.6434, 1816523.1312], [993825.9017, 1816526.7943], [993840.399, 1816532.7993], [993853.7785, 1816540.9983], [993865.7107, 1816551.1893], [993875.9017, 1816563.1215], [993884.1007, 1816576.501], [993890.1057, 1816590.9983], [993893.7688, 1816606.2566], [993895, 1816621.9] ] ] }",2025-09-24
2022042,2021,보행노인,30110004,대전광역시 동구4,대전광역시 동구 중동(선화교 부근),5,5,0,5,0,0,36.332552,127.425513,"{ type: Polygon, coordinates: [ [ [993415, 1815021.9], [993413.7688, 1815037.5434], [993410.1057, 1815052.8017], [993404.1007, 1815067.299], [993395.9017, 1815080.6785], [993385.7107, 1815092.6107], [993373.7785, 1815102.8017], [993360.399, 1815111.0007], [993345.9017, 1815117.0057], [993330.6434, 1815120.6688], [993315, 1815121.9], [993299.3566, 1815120.6688], [993284.0983, 1815117.0057], [993269.601, 1815111.0007], [993256.2215, 1815102.8017], [993244.2893, 1815092.6107], [993234.0983, 1815080.6785], [993225.8993, 1815067.299], [993219.8943, 1815052.8017], [993216.2312, 1815037.5434], [993215, 1815021.9], [993216.2312, 1815006.2566], [993219.8943, 1814990.9983], [993225.8993, 1814976.501], [993234.0983, 1814963.1215], [993244.2893, 1814951.1893], [993256.2215, 1814940.9983], [993269.601, 1814932.7993], [993284.0983, 1814926.7943], [993299.3566, 1814923.1312], [993315, 1814921.9], [993330.6434, 1814923.1312], [993345.9017, 1814926.7943], [993360.399, 1814932.7993], [993373.7785, 1814940.9983], [993385.7107, 1814951.1893], [993395.9017, 1814963.1215], [993404.1007, 1814976.501], [993410.1057, 1814990.9983], [993413.7688, 1815006.2566], [993415, 1815021.9] ] ] }",2025-09-24
2022042,2021,보행노인,30170001,대전광역시 서구1,대전광역시 서구 탄방동(둔산화랑 부근),5,5,0,5,0,0,36.34894,127.398973,"{ type: Polygon, coordinates: [ [ [991035, 1816841.9], [991033.7688, 1816857.5434], [991030.1057, 1816872.8017], [991024.1007, 1816887.299], [991015.9017, 1816900.6785], [991005.7107, 1816912.6107], [990993.7785, 1816922.8017], [990980.399, 1816931.0007], [990965.9017, 1816937.0057], [990950.6434, 1816940.6688], [990935, 1816941.9], [990919.3566, 1816940.6688], [990904.0983, 1816937.0057], [990889.601, 1816931.0007], [990876.2215, 1816922.8017], [990864.2893, 1816912.6107], [990854.0983, 1816900.6785], [990845.8993, 1816887.299], [990839.8943, 1816872.8017], [990836.2312, 1816857.5434], [990835, 1816841.9], [990836.2312, 1816826.2566], [990839.8943, 1816810.9983], [990845.8993, 1816796.501], [990854.0983, 1816783.1215], [990864.2893, 1816771.1893], [990876.2215, 1816760.9983], [990889.601, 1816752.7993], [990904.0983, 1816746.7943], [990919.3566, 1816743.1312], [990935, 1816741.9], [990950.6434, 1816743.1312], [990965.9017, 1816746.7943], [990980.399, 1816752.7993], [990993.7785, 1816760.9983], [991005.7107, 1816771.1893], [991015.9017, 1816783.1215], [991024.1007, 1816796.501], [991030.1057, 1816810.9983], [991033.7688, 1816826.2566], [991035, 1816841.9] ] ] }",2025-09-24
2022042,2021,보행노인,30230001,대전광역시 대덕구1,대전광역시 대덕구 석봉동(롯데공인중개사사무소 부근),5,5,0,5,0,0,36.449932,127.425625,"{ type: Polygon, coordinates: [ [ [993435, 1828041.9], [993433.7688, 1828057.5434], [993430.1057, 1828072.8017], [993424.1007, 1828087.299], [993415.9017, 1828100.6785], [993405.7107, 1828112.6107], [993393.7785, 1828122.8017], [993380.399, 1828131.0007], [993365.9017, 1828137.0057], [993350.6434, 1828140.6688], [993335, 1828141.9], [993319.3566, 1828140.6688], [993304.0983, 1828137.0057], [993289.601, 1828131.0007], [993276.2215, 1828122.8017], [993264.2893, 1828112.6107], [993254.0983, 1828100.6785], [993245.8993, 1828087.299], [993239.8943, 1828072.8017], [993236.2312, 1828057.5434], [993235, 1828041.9], [993236.2312, 1828026.2566], [993239.8943, 1828010.9983], [993245.8993, 1827996.501], [993254.0983, 1827983.1215], [993264.2893, 1827971.1893], [993276.2215, 1827960.9983], [993289.601, 1827952.7993], [993304.0983, 1827946.7943], [993319.3566, 1827943.1312], [993335, 1827941.9], [993350.6434, 1827943.1312], [993365.9017, 1827946.7943], [993380.399, 1827952.7993], [993393.7785, 1827960.9983], [993405.7107, 1827971.1893], [993415.9017, 1827983.1215], [993424.1007, 1827996.501], [993430.1057, 1828010.9983], [993433.7688, 1828026.2566], [993435, 1828041.9] ] ] }",2025-09-24
2022042,2021,보행노인,30230002,대전광역시 대덕구2,대전광역시 대덕구 비래동(예수사랑교회 부근),5,5,0,5,0,0,36.354925,127.454916,"{ type: Polygon, coordinates: [ [ [996055, 1817501.9], [996053.7688, 1817517.5434], [996050.1057, 1817532.8017], [996044.1007, 1817547.299], [996035.9017, 1817560.6785], [996025.7107, 1817572.6107], [996013.7785, 1817582.8017], [996000.399, 1817591.0007], [995985.9017, 1817597.0057], [995970.6434, 1817600.6688], [995955, 1817601.9], [995939.3566, 1817600.6688], [995924.0983, 1817597.0057], [995909.601, 1817591.0007], [995896.2215, 1817582.8017], [995884.2893, 1817572.6107], [995874.0983, 1817560.6785], [995865.8993, 1817547.299], [995859.8943, 1817532.8017], [995856.2312, 1817517.5434], [995855, 1817501.9], [995856.2312, 1817486.2566], [995859.8943, 1817470.9983], [995865.8993, 1817456.501], [995874.0983, 1817443.1215], [995884.2893, 1817431.1893], [995896.2215, 1817420.9983], [995909.601, 1817412.7993], [995924.0983, 1817406.7943], [995939.3566, 1817403.1312], [995955, 1817401.9], [995970.6434, 1817403.1312], [995985.9017, 1817406.7943], [996000.399, 1817412.7993], [996013.7785, 1817420.9983], [996025.7107, 1817431.1893], [996035.9017, 1817443.1215], [996044.1007, 1817456.501], [996050.1057, 1817470.9983], [996053.7688, 1817486.2566], [996055, 1817501.9] ] ] }",2025-09-24
2022083,2021,자전거,30110001,대전광역시 동구1,대전광역시 동구 홍도동(용전네거리 부근),4,5,0,3,2,0,36.347522,127.431673,"{ type: Polygon, coordinates: [ [ [994069, 1816682], [994068.2389, 1816699.4311], [994065.9616, 1816716.7296], [994062.1852, 1816733.7638], [994056.9385, 1816750.404], [994050.2616, 1816766.5237], [994042.2051, 1816782], [994032.8304, 1816796.7153], [994022.2089, 1816810.5575], [994010.4214, 1816823.4214], [993997.5575, 1816835.2089], [993983.7153, 1816845.8304], [993969, 1816855.2051], [993953.5237, 1816863.2616], [993937.404, 1816869.9385], [993920.7638, 1816875.1852], [993903.7296, 1816878.9616], [993886.4311, 1816881.2389], [993869, 1816882], [993851.5689, 1816881.2389], [993834.2704, 1816878.9616], [993817.2362, 1816875.1852], [993800.596, 1816869.9385], [993784.4763, 1816863.2616], [993769, 1816855.2051], [993754.2847, 1816845.8304], [993740.4425, 1816835.2089], [993727.5786, 1816823.4214], [993715.7911, 1816810.5575], [993705.1696, 1816796.7153], [993695.7949, 1816782], [993687.7384, 1816766.5237], [993681.0615, 1816750.404], [993675.8148, 1816733.7638], [993672.0384, 1816716.7296], [993669.7611, 1816699.4311], [993669, 1816682], [993669.7611, 1816664.5689], [993672.0384, 1816647.2704], [993675.8148, 1816630.2362], [993681.0615, 1816613.596], [993687.7384, 1816597.4763], [993695.7949, 1816582], [993705.1696, 1816567.2847], [993715.7911, 1816553.4425], [993727.5786, 1816540.5786], [993740.4425, 1816528.7911], [993754.2847, 1816518.1696], [993769, 1816508.7949], [993784.4763, 1816500.7384], [993800.596, 1816494.0615], [993817.2362, 1816488.8148], [993834.2704, 1816485.0384], [993851.5689, 1816482.7611], [993869, 1816482], [993886.4311, 1816482.7611], [993903.7296, 1816485.0384], [993920.7638, 1816488.8148], [993937.404, 1816494.0615], [993953.5237, 1816500.7384], [993969, 1816508.7949], [993983.7153, 1816518.1696], [993997.5575, 1816528.7911], [994010.4214, 1816540.5786], [994022.2089, 1816553.4425], [994032.8304, 1816567.2847], [994042.2051, 1816582], [994050.2616, 1816597.4763], [994056.9385, 1816613.596], [994062.1852, 1816630.2362], [994065.9616, 1816647.2704], [994068.2389, 1816664.5689], [994069, 1816682] ] ] }",2025-09-24
2022083,2021,자전거,30110002,대전광역시 동구2,대전광역시 동구 원동(원동네거리 부근),4,4,0,2,2,0,36.327908,127.434842,"{ type: Polygon, coordinates: [ [ [994351.8381, 1814506.1903], [994351.077, 1814523.6214], [994348.7996, 1814540.9199], [994345.0232, 1814557.9541], [994339.7766, 1814574.5943], [994333.0996, 1814590.7139], [994325.0432, 1814606.1903], [994315.6685, 1814620.9056], [994305.047, 1814634.7478], [994293.2594, 1814647.6116], [994280.3956, 1814659.3992], [994266.5534, 1814670.0207], [994251.8381, 1814679.3953], [994236.3617, 1814687.4518], [994220.2421, 1814694.1288], [994203.6019, 1814699.3754], [994186.5677, 1814703.1518], [994169.2692, 1814705.4292], [994151.8381, 1814706.1903], [994134.4069, 1814705.4292], [994117.1084, 1814703.1518], [994100.0743, 1814699.3754], [994083.434, 1814694.1288], [994067.3144, 1814687.4518], [994051.8381, 1814679.3953], [994037.1228, 1814670.0207], [994023.2806, 1814659.3992], [994010.4167, 1814647.6116], [993998.6292, 1814634.7478], [993988.0077, 1814620.9056], [993978.633, 1814606.1903], [993970.5765, 1814590.7139], [993963.8996, 1814574.5943], [993958.6529, 1814557.9541], [993954.8765, 1814540.9199], [993952.5991, 1814523.6214], [993951.8381, 1814506.1903], [993952.5991, 1814488.7591], [993954.8765, 1814471.4606], [993958.6529, 1814454.4265], [993963.8996, 1814437.7862], [993970.5765, 1814421.6666], [993978.633, 1814406.1903], [993988.0077, 1814391.475], [993998.6292, 1814377.6327], [994010.4167, 1814364.7689], [994023.2806, 1814352.9814], [994037.1228, 1814342.3599], [994051.8381, 1814332.9852], [994067.3144, 1814324.9287], [994083.434, 1814318.2517], [994100.0743, 1814313.0051], [994117.1084, 1814309.2287], [994134.4069, 1814306.9513], [994151.8381, 1814306.1903], [994169.2692, 1814306.9513], [994186.5677, 1814309.2287], [994203.6019, 1814313.0051], [994220.2421, 1814318.2517], [994236.3617, 1814324.9287], [994251.8381, 1814332.9852], [994266.5534, 1814342.3599], [994280.3956, 1814352.9814], [994293.2594, 1814364.7689], [994305.047, 1814377.6327], [994315.6685, 1814391.475], [994325.0432, 1814406.1903], [994333.0996, 1814421.6666], [994339.7766, 1814437.7862], [994345.0232, 1814454.4265], [994348.7996, 1814471.4606], [994351.077, 1814488.7591], [994351.8381, 1814506.1903] ] ] }",2025-09-24
2022083,2021,자전거,30110003,대전광역시 동구3,대전광역시 동구 인동(인동네거리 부근),4,5,0,1,4,0,36.322021,127.437756,"{ type: Polygon, coordinates: [ [ [994613, 1813853], [994612.2389, 1813870.4311], [994609.9616, 1813887.7296], [994606.1852, 1813904.7638], [994600.9385, 1813921.404], [994594.2616, 1813937.5237], [994586.2051, 1813953], [994576.8304, 1813967.7153], [994566.2089, 1813981.5575], [994554.4214, 1813994.4214], [994541.5575, 1814006.2089], [994527.7153, 1814016.8304], [994513, 1814026.2051], [994497.5237, 1814034.2616], [994481.404, 1814040.9385], [994464.7638, 1814046.1852], [994447.7296, 1814049.9616], [994430.4311, 1814052.2389], [994413, 1814053], [994395.5689, 1814052.2389], [994378.2704, 1814049.9616], [994361.2362, 1814046.1852], [994344.596, 1814040.9385], [994328.4763, 1814034.2616], [994313, 1814026.2051], [994298.2847, 1814016.8304], [994284.4425, 1814006.2089], [994271.5786, 1813994.4214], [994259.7911, 1813981.5575], [994249.1696, 1813967.7153], [994239.7949, 1813953], [994231.7384, 1813937.5237], [994225.0615, 1813921.404], [994219.8148, 1813904.7638], [994216.0384, 1813887.7296], [994213.7611, 1813870.4311], [994213, 1813853], [994213.7611, 1813835.5689], [994216.0384, 1813818.2704], [994219.8148, 1813801.2362], [994225.0615, 1813784.596], [994231.7384, 1813768.4763], [994239.7949, 1813753], [994249.1696, 1813738.2847], [994259.7911, 1813724.4425], [994271.5786, 1813711.5786], [994284.4425, 1813699.7911], [994298.2847, 1813689.1696], [994313, 1813679.7949], [994328.4763, 1813671.7384], [994344.596, 1813665.0615], [994361.2362, 1813659.8148], [994378.2704, 1813656.0384], [994395.5689, 1813653.7611], [994413, 1813653], [994430.4311, 1813653.7611], [994447.7296, 1813656.0384], [994464.7638, 1813659.8148], [994481.404, 1813665.0615], [994497.5237, 1813671.7384], [994513, 1813679.7949], [994527.7153, 1813689.1696], [994541.5575, 1813699.7911], [994554.4214, 1813711.5786], [994566.2089, 1813724.4425], [994576.8304, 1813738.2847], [994586.2051, 1813753], [994594.2616, 1813768.4763], [994600.9385, 1813784.596], [994606.1852, 1813801.2362], [994609.9616, 1813818.2704], [994612.2389, 1813835.5689], [994613, 1813853] ] ] }",2025-09-24
2022083,2021,자전거,30140001,대전광역시 중구1,대전광역시 중구 산성동(산성네거리 부근),6,6,0,3,2,1,36.303235,127.386047,"{ type: Polygon, coordinates: [ [ [989969.166, 1811773.5384], [989968.4049, 1811790.9695], [989966.1275, 1811808.268], [989962.3512, 1811825.3022], [989957.1045, 1811841.9424], [989950.4275, 1811858.062], [989942.3711, 1811873.5384], [989932.9964, 1811888.2537], [989922.3749, 1811902.0959], [989910.5873, 1811914.9598], [989897.7235, 1811926.7473], [989883.8813, 1811937.3688], [989869.166, 1811946.7435], [989853.6896, 1811954.8], [989837.57, 1811961.4769], [989820.9298, 1811966.7236], [989803.8956, 1811970.4999], [989786.5971, 1811972.7773], [989769.166, 1811973.5384], [989751.7348, 1811972.7773], [989734.4364, 1811970.4999], [989717.4022, 1811966.7236], [989700.762, 1811961.4769], [989684.6423, 1811954.8], [989669.166, 1811946.7435], [989654.4507, 1811937.3688], [989640.6085, 1811926.7473], [989627.7446, 1811914.9598], [989615.9571, 1811902.0959], [989605.3356, 1811888.2537], [989595.9609, 1811873.5384], [989587.9044, 1811858.062], [989581.2275, 1811841.9424], [989575.9808, 1811825.3022], [989572.2044, 1811808.268], [989569.927, 1811790.9695], [989569.166, 1811773.5384], [989569.927, 1811756.1072], [989572.2044, 1811738.8088], [989575.9808, 1811721.7746], [989581.2275, 1811705.1344], [989587.9044, 1811689.0147], [989595.9609, 1811673.5384], [989605.3356, 1811658.8231], [989615.9571, 1811644.9809], [989627.7446, 1811632.117], [989640.6085, 1811620.3295], [989654.4507, 1811609.708], [989669.166, 1811600.3333], [989684.6423, 1811592.2768], [989700.762, 1811585.5999], [989717.4022, 1811580.3532], [989734.4364, 1811576.5768], [989751.7348, 1811574.2995], [989769.166, 1811573.5384], [989786.5971, 1811574.2995], [989803.8956, 1811576.5768], [989820.9298, 1811580.3532], [989837.57, 1811585.5999], [989853.6896, 1811592.2768], [989869.166, 1811600.3333], [989883.8813, 1811609.708], [989897.7235, 1811620.3295], [989910.5873, 1811632.117], [989922.3749, 1811644.9809], [989932.9964, 1811658.8231], [989942.3711, 1811673.5384], [989950.4275, 1811689.0147], [989957.1045, 1811705.1344], [989962.3512, 1811721.7746], [989966.1275, 1811738.8088], [989968.4049, 1811756.1072], [989969.166, 1811773.5384] ] ] }",2025-09-24
2022083,2021,자전거,30140002,대전광역시 중구2,대전광역시 중구 유천동(유천예식장네거리 부근),6,6,0,1,4,1,36.317203,127.394224,"{ type: Polygon, coordinates: [ [ [990705, 1813322], [990704.2389, 1813339.4311], [990701.9616, 1813356.7296], [990698.1852, 1813373.7638], [990692.9385, 1813390.404], [990686.2616, 1813406.5237], [990678.2051, 1813422], [990668.8304, 1813436.7153], [990658.2089, 1813450.5575], [990646.4214, 1813463.4214], [990633.5575, 1813475.2089], [990619.7153, 1813485.8304], [990605, 1813495.2051], [990589.5237, 1813503.2616], [990573.404, 1813509.9385], [990556.7638, 1813515.1852], [990539.7296, 1813518.9616], [990522.4311, 1813521.2389], [990505, 1813522], [990487.5689, 1813521.2389], [990470.2704, 1813518.9616], [990453.2362, 1813515.1852], [990436.596, 1813509.9385], [990420.4763, 1813503.2616], [990405, 1813495.2051], [990390.2847, 1813485.8304], [990376.4425, 1813475.2089], [990363.5786, 1813463.4214], [990351.7911, 1813450.5575], [990341.1696, 1813436.7153], [990331.7949, 1813422], [990323.7384, 1813406.5237], [990317.0615, 1813390.404], [990311.8148, 1813373.7638], [990308.0384, 1813356.7296], [990305.7611, 1813339.4311], [990305, 1813322], [990305.7611, 1813304.5689], [990308.0384, 1813287.2704], [990311.8148, 1813270.2362], [990317.0615, 1813253.596], [990323.7384, 1813237.4763], [990331.7949, 1813222], [990341.1696, 1813207.2847], [990351.7911, 1813193.4425], [990363.5786, 1813180.5786], [990376.4425, 1813168.7911], [990390.2847, 1813158.1696], [990405, 1813148.7949], [990420.4763, 1813140.7384], [990436.596, 1813134.0615], [990453.2362, 1813128.8148], [990470.2704, 1813125.0384], [990487.5689, 1813122.7611], [990505, 1813122], [990522.4311, 1813122.7611], [990539.7296, 1813125.0384], [990556.7638, 1813128.8148], [990573.404, 1813134.0615], [990589.5237, 1813140.7384], [990605, 1813148.7949], [990619.7153, 1813158.1696], [990633.5575, 1813168.7911], [990646.4214, 1813180.5786], [990658.2089, 1813193.4425], [990668.8304, 1813207.2847], [990678.2051, 1813222], [990686.2616, 1813237.4763], [990692.9385, 1813253.596], [990698.1852, 1813270.2362], [990701.9616, 1813287.2704], [990704.2389, 1813304.5689], [990705, 1813322] ] ] }",2025-09-24
2022083,2021,자전거,30140003,대전광역시 중구3,대전광역시 중구 중촌동(금성백조아파트 부근),5,5,0,3,2,0,36.340705,127.410522,"{ type: Polygon, coordinates: [ [ [992170.4251, 1815927.4089], [992169.6641, 1815944.84], [992167.3867, 1815962.1385], [992163.6103, 1815979.1727], [992158.3637, 1815995.8129], [992151.6867, 1816011.9325], [992143.6302, 1816027.4089], [992134.2555, 1816042.1242], [992123.634, 1816055.9664], [992111.8465, 1816068.8302], [992098.9827, 1816080.6178], [992085.1404, 1816091.2393], [992070.4251, 1816100.614], [992054.9488, 1816108.6704], [992038.8292, 1816115.3474], [992022.1889, 1816120.594], [992005.1548, 1816124.3704], [991987.8563, 1816126.6478], [991970.4251, 1816127.4089], [991952.994, 1816126.6478], [991935.6955, 1816124.3704], [991918.6613, 1816120.594], [991902.0211, 1816115.3474], [991885.9015, 1816108.6704], [991870.4251, 1816100.614], [991855.7098, 1816091.2393], [991841.8676, 1816080.6178], [991829.0038, 1816068.8302], [991817.2162, 1816055.9664], [991806.5947, 1816042.1242], [991797.2201, 1816027.4089], [991789.1636, 1816011.9325], [991782.4866, 1815995.8129], [991777.24, 1815979.1727], [991773.4636, 1815962.1385], [991771.1862, 1815944.84], [991770.4251, 1815927.4089], [991771.1862, 1815909.9777], [991773.4636, 1815892.6792], [991777.24, 1815875.6451], [991782.4866, 1815859.0048], [991789.1636, 1815842.8852], [991797.2201, 1815827.4089], [991806.5947, 1815812.6936], [991817.2162, 1815798.8514], [991829.0038, 1815785.9875], [991841.8676, 1815774.2], [991855.7098, 1815763.5785], [991870.4251, 1815754.2038], [991885.9015, 1815746.1473], [991902.0211, 1815739.4704], [991918.6613, 1815734.2237], [991935.6955, 1815730.4473], [991952.994, 1815728.1699], [991970.4251, 1815727.4089], [991987.8563, 1815728.1699], [992005.1548, 1815730.4473], [992022.1889, 1815734.2237], [992038.8292, 1815739.4704], [992054.9488, 1815746.1473], [992070.4251, 1815754.2038], [992085.1404, 1815763.5785], [992098.9827, 1815774.2], [992111.8465, 1815785.9875], [992123.634, 1815798.8514], [992134.2555, 1815812.6936], [992143.6302, 1815827.4089], [992151.6867, 1815842.8852], [992158.3637, 1815859.0048], [992163.6103, 1815875.6451], [992167.3867, 1815892.6792], [992169.6641, 1815909.9777], [992170.4251, 1815927.4089] ] ] }",2025-09-24
2022083,2021,자전거,30140004,대전광역시 중구4,대전광역시 중구 대흥동(대흥동네거리 부근),4,4,0,0,3,1,36.324958,127.428018,"{ type: Polygon, coordinates: [ [ [993739.1215, 1814179.3887], [993738.3604, 1814196.8198], [993736.083, 1814214.1183], [993732.3067, 1814231.1525], [993727.06, 1814247.7927], [993720.3831, 1814263.9123], [993712.3266, 1814279.3887], [993702.9519, 1814294.104], [993692.3304, 1814307.9462], [993680.5429, 1814320.81], [993667.679, 1814332.5976], [993653.8368, 1814343.2191], [993639.1215, 1814352.5937], [993623.6451, 1814360.6502], [993607.5255, 1814367.3272], [993590.8853, 1814372.5738], [993573.8511, 1814376.3502], [993556.5526, 1814378.6276], [993539.1215, 1814379.3887], [993521.6903, 1814378.6276], [993504.3919, 1814376.3502], [993487.3577, 1814372.5738], [993470.7175, 1814367.3272], [993454.5978, 1814360.6502], [993439.1215, 1814352.5937], [993424.4062, 1814343.2191], [993410.564, 1814332.5976], [993397.7001, 1814320.81], [993385.9126, 1814307.9462], [993375.2911, 1814294.104], [993365.9164, 1814279.3887], [993357.8599, 1814263.9123], [993351.183, 1814247.7927], [993345.9363, 1814231.1525], [993342.1599, 1814214.1183], [993339.8826, 1814196.8198], [993339.1215, 1814179.3887], [993339.8826, 1814161.9575], [993342.1599, 1814144.659], [993345.9363, 1814127.6249], [993351.183, 1814110.9846], [993357.8599, 1814094.865], [993365.9164, 1814079.3887], [993375.2911, 1814064.6734], [993385.9126, 1814050.8311], [993397.7001, 1814037.9673], [993410.564, 1814026.1798], [993424.4062, 1814015.5583], [993439.1215, 1814006.1836], [993454.5978, 1813998.1271], [993470.7175, 1813991.4501], [993487.3577, 1813986.2035], [993504.3919, 1813982.4271], [993521.6903, 1813980.1497], [993539.1215, 1813979.3887], [993556.5526, 1813980.1497], [993573.8511, 1813982.4271], [993590.8853, 1813986.2035], [993607.5255, 1813991.4501], [993623.6451, 1813998.1271], [993639.1215, 1814006.1836], [993653.8368, 1814015.5583], [993667.679, 1814026.1798], [993680.5429, 1814037.9673], [993692.3304, 1814050.8311], [993702.9519, 1814064.6734], [993712.3266, 1814079.3887], [993720.3831, 1814094.865], [993727.06, 1814110.9846], [993732.3067, 1814127.6249], [993736.083, 1814144.659], [993738.3604, 1814161.9575], [993739.1215, 1814179.3887] ] ] }",2025-09-24
2022083,2021,자전거,30170001,대전광역시 서구1,대전광역시 서구 내동(보라이삿짐.개인용달 부근),4,4,0,1,3,0,36.330588,127.382017,"{ type: Polygon, coordinates: [ [ [989611, 1814808], [989610.2389, 1814825.4311], [989607.9616, 1814842.7296], [989604.1852, 1814859.7638], [989598.9385, 1814876.404], [989592.2616, 1814892.5237], [989584.2051, 1814908], [989574.8304, 1814922.7153], [989564.2089, 1814936.5575], [989552.4214, 1814949.4214], [989539.5575, 1814961.2089], [989525.7153, 1814971.8304], [989511, 1814981.2051], [989495.5237, 1814989.2616], [989479.404, 1814995.9385], [989462.7638, 1815001.1852], [989445.7296, 1815004.9616], [989428.4311, 1815007.2389], [989411, 1815008], [989393.5689, 1815007.2389], [989376.2704, 1815004.9616], [989359.2362, 1815001.1852], [989342.596, 1814995.9385], [989326.4763, 1814989.2616], [989311, 1814981.2051], [989296.2847, 1814971.8304], [989282.4425, 1814961.2089], [989269.5786, 1814949.4214], [989257.7911, 1814936.5575], [989247.1696, 1814922.7153], [989237.7949, 1814908], [989229.7384, 1814892.5237], [989223.0615, 1814876.404], [989217.8148, 1814859.7638], [989214.0384, 1814842.7296], [989211.7611, 1814825.4311], [989211, 1814808], [989211.7611, 1814790.5689], [989214.0384, 1814773.2704], [989217.8148, 1814756.2362], [989223.0615, 1814739.596], [989229.7384, 1814723.4763], [989237.7949, 1814708], [989247.1696, 1814693.2847], [989257.7911, 1814679.4425], [989269.5786, 1814666.5786], [989282.4425, 1814654.7911], [989296.2847, 1814644.1696], [989311, 1814634.7949], [989326.4763, 1814626.7384], [989342.596, 1814620.0615], [989359.2362, 1814614.8148], [989376.2704, 1814611.0384], [989393.5689, 1814608.7611], [989411, 1814608], [989428.4311, 1814608.7611], [989445.7296, 1814611.0384], [989462.7638, 1814614.8148], [989479.404, 1814620.0615], [989495.5237, 1814626.7384], [989511, 1814634.7949], [989525.7153, 1814644.1696], [989539.5575, 1814654.7911], [989552.4214, 1814666.5786], [989564.2089, 1814679.4425], [989574.8304, 1814693.2847], [989584.2051, 1814708], [989592.2616, 1814723.4763], [989598.9385, 1814739.596], [989604.1852, 1814756.2362], [989607.9616, 1814773.2704], [989610.2389, 1814790.5689], [989611, 1814808] ] ] }",2025-09-24
2022083,2021,자전거,30170002,대전광역시 서구2,대전광역시 서구 월평동(헥소미아에너지스테이 부근),4,4,0,1,3,0,36.358414,127.362623,"{ type: Polygon, coordinates: [ [ [987874.7136, 1817896.7084], [987873.9528, 1817914.1346], [987871.676, 1817931.4281], [987867.9007, 1817948.4574], [987862.6556, 1817965.0929], [987855.9806, 1817981.2079], [987847.9264, 1817996.6798], [987838.5544, 1818011.3908], [987827.9359, 1818025.2291], [987816.1518, 1818038.0893], [987803.2916, 1818049.8734], [987789.4534, 1818060.4919], [987774.7423, 1818069.8639], [987759.2704, 1818077.918], [987743.1554, 1818084.5931], [987726.5199, 1818089.8382], [987709.4906, 1818093.6135], [987692.1971, 1818095.8903], [987674.771, 1818096.6511], [987657.3448, 1818095.8903], [987640.0513, 1818093.6135], [987623.022, 1818089.8382], [987606.3865, 1818084.5931], [987590.2715, 1818077.918], [987574.7996, 1818069.8639], [987560.0886, 1818060.4919], [987546.2503, 1818049.8734], [987533.3902, 1818038.0893], [987521.606, 1818025.2291], [987510.9875, 1818011.3908], [987501.6155, 1817996.6798], [987493.5614, 1817981.2079], [987486.8863, 1817965.0929], [987481.6412, 1817948.4574], [987477.8659, 1817931.4281], [987475.5891, 1817914.1346], [987474.8283, 1817896.7084], [987475.5891, 1817879.2823], [987477.8659, 1817861.9888], [987481.6412, 1817844.9595], [987486.8863, 1817828.324], [987493.5614, 1817812.209], [987501.6155, 1817796.7371], [987510.9875, 1817782.0261], [987521.606, 1817768.1878], [987533.3902, 1817755.3276], [987546.2503, 1817743.5435], [987560.0886, 1817732.925], [987574.7996, 1817723.553], [987590.2715, 1817715.4989], [987606.3865, 1817708.8238], [987623.022, 1817703.5787], [987640.0513, 1817699.8034], [987657.3448, 1817697.5266], [987674.771, 1817696.7658], [987692.1971, 1817697.5266], [987709.4906, 1817699.8034], [987726.5199, 1817703.5787], [987743.1554, 1817708.8238], [987759.2704, 1817715.4989], [987774.7423, 1817723.553], [987789.4534, 1817732.925], [987803.2916, 1817743.5435], [987816.1518, 1817755.3276], [987827.9359, 1817768.1878], [987838.5544, 1817782.0261], [987847.9264, 1817796.7371], [987855.9806, 1817812.209], [987862.6556, 1817828.324], [987867.9007, 1817844.9595], [987871.676, 1817861.9888], [987873.9528, 1817879.2823], [987874.7136, 1817896.7084] ] ] }",2025-09-24
2022083,2021,자전거,30200001,대전광역시 유성구1,대전광역시 유성구 상대동(희망교회 부근),7,7,0,0,6,1,36.348448,127.333871,"{ type: Polygon, coordinates: [ [ [985293.3684, 1816795.3077], [985292.6074, 1816812.7388], [985290.33, 1816830.0373], [985286.5536, 1816847.0715], [985281.307, 1816863.7117], [985274.63, 1816879.8314], [985266.5735, 1816895.3077], [985257.1989, 1816910.023], [985246.5773, 1816923.8652], [985234.7898, 1816936.7291], [985221.926, 1816948.5166], [985208.0837, 1816959.1381], [985193.3684, 1816968.5128], [985177.8921, 1816976.5693], [985161.7725, 1816983.2462], [985145.1323, 1816988.4929], [985128.0981, 1816992.2693], [985110.7996, 1816994.5466], [985093.3684, 1816995.3077], [985075.9373, 1816994.5466], [985058.6388, 1816992.2693], [985041.6046, 1816988.4929], [985024.9644, 1816983.2462], [985008.8448, 1816976.5693], [984993.3684, 1816968.5128], [984978.6532, 1816959.1381], [984964.8109, 1816948.5166], [984951.9471, 1816936.7291], [984940.1596, 1816923.8652], [984929.538, 1816910.023], [984920.1634, 1816895.3077], [984912.1069, 1816879.8314], [984905.4299, 1816863.7117], [984900.1833, 1816847.0715], [984896.4069, 1816830.0373], [984894.1295, 1816812.7388], [984893.3684, 1816795.3077], [984894.1295, 1816777.8766], [984896.4069, 1816760.5781], [984900.1833, 1816743.5439], [984905.4299, 1816726.9037], [984912.1069, 1816710.784], [984920.1634, 1816695.3077], [984929.538, 1816680.5924], [984940.1596, 1816666.7502], [984951.9471, 1816653.8863], [984964.8109, 1816642.0988], [984978.6532, 1816631.4773], [984993.3684, 1816622.1026], [985008.8448, 1816614.0461], [985024.9644, 1816607.3692], [985041.6046, 1816602.1225], [985058.6388, 1816598.3461], [985075.9373, 1816596.0688], [985093.3684, 1816595.3077], [985110.7996, 1816596.0688], [985128.0981, 1816598.3461], [985145.1323, 1816602.1225], [985161.7725, 1816607.3692], [985177.8921, 1816614.0461], [985193.3684, 1816622.1026], [985208.0837, 1816631.4773], [985221.926, 1816642.0988], [985234.7898, 1816653.8863], [985246.5773, 1816666.7502], [985257.1989, 1816680.5924], [985266.5735, 1816695.3077], [985274.63, 1816710.784], [985281.307, 1816726.9037], [985286.5536, 1816743.5439], [985290.33, 1816760.5781], [985292.6074, 1816777.8766], [985293.3684, 1816795.3077] ] ] }",2025-09-24
2022083,2021,자전거,30200002,대전광역시 유성구2,대전광역시 유성구 봉명동(유성온천역2번출구 부근),5,5,1,0,4,0,36.352466,127.340713,"{ type: Polygon, coordinates: [ [ [985908, 1817240], [985907.2389, 1817257.4311], [985904.9616, 1817274.7296], [985901.1852, 1817291.7638], [985895.9385, 1817308.404], [985889.2616, 1817324.5237], [985881.2051, 1817340], [985871.8304, 1817354.7153], [985861.2089, 1817368.5575], [985849.4214, 1817381.4214], [985836.5575, 1817393.2089], [985822.7153, 1817403.8304], [985808, 1817413.2051], [985792.5237, 1817421.2616], [985776.404, 1817427.9385], [985759.7638, 1817433.1852], [985742.7296, 1817436.9616], [985725.4311, 1817439.2389], [985708, 1817440], [985690.5689, 1817439.2389], [985673.2704, 1817436.9616], [985656.2362, 1817433.1852], [985639.596, 1817427.9385], [985623.4763, 1817421.2616], [985608, 1817413.2051], [985593.2847, 1817403.8304], [985579.4425, 1817393.2089], [985566.5786, 1817381.4214], [985554.7911, 1817368.5575], [985544.1696, 1817354.7153], [985534.7949, 1817340], [985526.7384, 1817324.5237], [985520.0615, 1817308.404], [985514.8148, 1817291.7638], [985511.0384, 1817274.7296], [985508.7611, 1817257.4311], [985508, 1817240], [985508.7611, 1817222.5689], [985511.0384, 1817205.2704], [985514.8148, 1817188.2362], [985520.0615, 1817171.596], [985526.7384, 1817155.4763], [985534.7949, 1817140], [985544.1696, 1817125.2847], [985554.7911, 1817111.4425], [985566.5786, 1817098.5786], [985579.4425, 1817086.7911], [985593.2847, 1817076.1696], [985608, 1817066.7949], [985623.4763, 1817058.7384], [985639.596, 1817052.0615], [985656.2362, 1817046.8148], [985673.2704, 1817043.0384], [985690.5689, 1817040.7611], [985708, 1817040], [985725.4311, 1817040.7611], [985742.7296, 1817043.0384], [985759.7638, 1817046.8148], [985776.404, 1817052.0615], [985792.5237, 1817058.7384], [985808, 1817066.7949], [985822.7153, 1817076.1696], [985836.5575, 1817086.7911], [985849.4214, 1817098.5786], [985861.2089, 1817111.4425], [985871.8304, 1817125.2847], [985881.2051, 1817140], [985889.2616, 1817155.4763], [985895.9385, 1817171.596], [985901.1852, 1817188.2362], [985904.9616, 1817205.2704], [985907.2389, 1817222.5689], [985908, 1817240] ] ] }",2025-09-24
2022083,2021,자전거,30200003,대전광역시 유성구3,대전광역시 유성구 봉명동(삼보들삼거리 부근),4,4,0,1,2,1,36.357089,127.353633,"{ type: Polygon, coordinates: [ [ [987068, 1817751], [987067.2389, 1817768.4311], [987064.9616, 1817785.7296], [987061.1852, 1817802.7638], [987055.9385, 1817819.404], [987049.2616, 1817835.5237], [987041.2051, 1817851], [987031.8304, 1817865.7153], [987021.2089, 1817879.5575], [987009.4214, 1817892.4214], [986996.5575, 1817904.2089], [986982.7153, 1817914.8304], [986968, 1817924.2051], [986952.5237, 1817932.2616], [986936.404, 1817938.9385], [986919.7638, 1817944.1852], [986902.7296, 1817947.9616], [986885.4311, 1817950.2389], [986868, 1817951], [986850.5689, 1817950.2389], [986833.2704, 1817947.9616], [986816.2362, 1817944.1852], [986799.596, 1817938.9385], [986783.4763, 1817932.2616], [986768, 1817924.2051], [986753.2847, 1817914.8304], [986739.4425, 1817904.2089], [986726.5786, 1817892.4214], [986714.7911, 1817879.5575], [986704.1696, 1817865.7153], [986694.7949, 1817851], [986686.7384, 1817835.5237], [986680.0615, 1817819.404], [986674.8148, 1817802.7638], [986671.0384, 1817785.7296], [986668.7611, 1817768.4311], [986668, 1817751], [986668.7611, 1817733.5689], [986671.0384, 1817716.2704], [986674.8148, 1817699.2362], [986680.0615, 1817682.596], [986686.7384, 1817666.4763], [986694.7949, 1817651], [986704.1696, 1817636.2847], [986714.7911, 1817622.4425], [986726.5786, 1817609.5786], [986739.4425, 1817597.7911], [986753.2847, 1817587.1696], [986768, 1817577.7949], [986783.4763, 1817569.7384], [986799.596, 1817563.0615], [986816.2362, 1817557.8148], [986833.2704, 1817554.0384], [986850.5689, 1817551.7611], [986868, 1817551], [986885.4311, 1817551.7611], [986902.7296, 1817554.0384], [986919.7638, 1817557.8148], [986936.404, 1817563.0615], [986952.5237, 1817569.7384], [986968, 1817577.7949], [986982.7153, 1817587.1696], [986996.5575, 1817597.7911], [987009.4214, 1817609.5786], [987021.2089, 1817622.4425], [987031.8304, 1817636.2847], [987041.2051, 1817651], [987049.2616, 1817666.4763], [987055.9385, 1817682.596], [987061.1852, 1817699.2362], [987064.9616, 1817716.2704], [987067.2389, 1817733.5689], [987068, 1817751] ] ] }",2025-09-24
2022083,2021,자전거,30230001,대전광역시 대덕구1,대전광역시 대덕구 오정동(금천축산물도매센터 부근),5,5,0,3,2,0,36.358083,127.409751,"{ type: Polygon, coordinates: [ [ [992103.0365, 1817855.0041], [992102.2754, 1817872.4352], [992099.998, 1817889.7337], [992096.2216, 1817906.7679], [992090.975, 1817923.4081], [992084.298, 1817939.5277], [992076.2416, 1817955.0041], [992066.8669, 1817969.7194], [992056.2454, 1817983.5616], [992044.4578, 1817996.4254], [992031.594, 1818008.213], [992017.7518, 1818018.8345], [992003.0365, 1818028.2091], [991987.5601, 1818036.2656], [991971.4405, 1818042.9426], [991954.8003, 1818048.1892], [991937.7661, 1818051.9656], [991920.4676, 1818054.243], [991903.0365, 1818055.0041], [991885.6053, 1818054.243], [991868.3068, 1818051.9656], [991851.2727, 1818048.1892], [991834.6324, 1818042.9426], [991818.5128, 1818036.2656], [991803.0365, 1818028.2091], [991788.3212, 1818018.8345], [991774.4789, 1818008.213], [991761.6151, 1817996.4254], [991749.8276, 1817983.5616], [991739.2061, 1817969.7194], [991729.8314, 1817955.0041], [991721.7749, 1817939.5277], [991715.0979, 1817923.4081], [991709.8513, 1817906.7679], [991706.0749, 1817889.7337], [991703.7975, 1817872.4352], [991703.0365, 1817855.0041], [991703.7975, 1817837.5729], [991706.0749, 1817820.2744], [991709.8513, 1817803.2403], [991715.0979, 1817786.6], [991721.7749, 1817770.4804], [991729.8314, 1817755.0041], [991739.2061, 1817740.2888], [991749.8276, 1817726.4465], [991761.6151, 1817713.5827], [991774.4789, 1817701.7952], [991788.3212, 1817691.1737], [991803.0365, 1817681.799], [991818.5128, 1817673.7425], [991834.6324, 1817667.0655], [991851.2727, 1817661.8189], [991868.3068, 1817658.0425], [991885.6053, 1817655.7651], [991903.0365, 1817655.0041], [991920.4676, 1817655.7651], [991937.7661, 1817658.0425], [991954.8003, 1817661.8189], [991971.4405, 1817667.0655], [991987.5601, 1817673.7425], [992003.0365, 1817681.799], [992017.7518, 1817691.1737], [992031.594, 1817701.7952], [992044.4578, 1817713.5827], [992056.2454, 1817726.4465], [992066.8669, 1817740.2888], [992076.2416, 1817755.0041], [992084.298, 1817770.4804], [992090.975, 1817786.6], [992096.2216, 1817803.2403], [992099.998, 1817820.2744], [992102.2754, 1817837.5729], [992103.0365, 1817855.0041] ] ] }",2025-09-24
2023010,2022,스쿨존어린이,30170001,대전광역시 서구1,대전광역시 서구 내동(대전내동초교 부근),2,2,0,0,2,0,36.331669,127.380734,"{ type: Polygon, coordinates: [ [ [989596, 1814928], [989595.0752, 1814951.5377], [989592.3065, 1814974.9303], [989587.711, 1814998.0336], [989581.317, 1815020.7051], [989573.1639, 1815042.805], [989563.302, 1815064.1971], [989551.792, 1815084.7496], [989538.7051, 1815104.3356], [989524.1218, 1815122.8344], [989508.132, 1815140.132], [989490.8344, 1815156.1218], [989472.3356, 1815170.7051], [989452.7496, 1815183.792], [989432.1971, 1815195.302], [989410.805, 1815205.1639], [989388.7051, 1815213.317], [989366.0336, 1815219.711], [989342.9303, 1815224.3065], [989319.5377, 1815227.0752], [989296, 1815228], [989272.4623, 1815227.0752], [989249.0697, 1815224.3065], [989225.9664, 1815219.711], [989203.2949, 1815213.317], [989181.195, 1815205.1639], [989159.8029, 1815195.302], [989139.2504, 1815183.792], [989119.6644, 1815170.7051], [989101.1656, 1815156.1218], [989083.868, 1815140.132], [989067.8782, 1815122.8344], [989053.2949, 1815104.3356], [989040.208, 1815084.7496], [989028.698, 1815064.1971], [989018.8361, 1815042.805], [989010.683, 1815020.7051], [989004.289, 1814998.0336], [988999.6935, 1814974.9303], [988996.9248, 1814951.5377], [988996, 1814928], [988996.9248, 1814904.4623], [988999.6935, 1814881.0697], [989004.289, 1814857.9664], [989010.683, 1814835.2949], [989018.8361, 1814813.195], [989028.698, 1814791.8029], [989040.208, 1814771.2504], [989053.2949, 1814751.6644], [989067.8782, 1814733.1656], [989083.868, 1814715.868], [989101.1656, 1814699.8782], [989119.6644, 1814685.2949], [989139.2504, 1814672.208], [989159.8029, 1814660.698], [989181.195, 1814650.8361], [989203.2949, 1814642.683], [989225.9664, 1814636.289], [989249.0697, 1814631.6935], [989272.4623, 1814628.9248], [989296, 1814628], [989319.5377, 1814628.9248], [989342.9303, 1814631.6935], [989366.0336, 1814636.289], [989388.7051, 1814642.683], [989410.805, 1814650.8361], [989432.1971, 1814660.698], [989452.7496, 1814672.208], [989472.3356, 1814685.2949], [989490.8344, 1814699.8782], [989508.132, 1814715.868], [989524.1218, 1814733.1656], [989538.7051, 1814751.6644], [989551.792, 1814771.2504], [989563.302, 1814791.8029], [989573.1639, 1814813.195], [989581.317, 1814835.2949], [989587.711, 1814857.9664], [989592.3065, 1814881.0697], [989595.0752, 1814904.4623], [989596, 1814928] ] ] }",2025-09-24
2023010,2022,스쿨존어린이,30200001,대전광역시 유성구1,대전광역시 유성구 교촌동(대전교촌초교 부근),2,2,0,0,2,0,36.304541,127.316284,"{ type: Polygon, coordinates: [ [ [983806, 1811928], [983805.0752, 1811951.5377], [983802.3065, 1811974.9303], [983797.711, 1811998.0336], [983791.317, 1812020.7051], [983783.1639, 1812042.805], [983773.302, 1812064.1971], [983761.792, 1812084.7496], [983748.7051, 1812104.3356], [983734.1218, 1812122.8344], [983718.132, 1812140.132], [983700.8344, 1812156.1218], [983682.3356, 1812170.7051], [983662.7496, 1812183.792], [983642.1971, 1812195.302], [983620.805, 1812205.1639], [983598.7051, 1812213.317], [983576.0336, 1812219.711], [983552.9303, 1812224.3065], [983529.5377, 1812227.0752], [983506, 1812228], [983482.4623, 1812227.0752], [983459.0697, 1812224.3065], [983435.9664, 1812219.711], [983413.2949, 1812213.317], [983391.195, 1812205.1639], [983369.8029, 1812195.302], [983349.2504, 1812183.792], [983329.6644, 1812170.7051], [983311.1656, 1812156.1218], [983293.868, 1812140.132], [983277.8782, 1812122.8344], [983263.2949, 1812104.3356], [983250.208, 1812084.7496], [983238.698, 1812064.1971], [983228.8361, 1812042.805], [983220.683, 1812020.7051], [983214.289, 1811998.0336], [983209.6935, 1811974.9303], [983206.9248, 1811951.5377], [983206, 1811928], [983206.9248, 1811904.4623], [983209.6935, 1811881.0697], [983214.289, 1811857.9664], [983220.683, 1811835.2949], [983228.8361, 1811813.195], [983238.698, 1811791.8029], [983250.208, 1811771.2504], [983263.2949, 1811751.6644], [983277.8782, 1811733.1656], [983293.868, 1811715.868], [983311.1656, 1811699.8782], [983329.6644, 1811685.2949], [983349.2504, 1811672.208], [983369.8029, 1811660.698], [983391.195, 1811650.8361], [983413.2949, 1811642.683], [983435.9664, 1811636.289], [983459.0697, 1811631.6935], [983482.4623, 1811628.9248], [983506, 1811628], [983529.5377, 1811628.9248], [983552.9303, 1811631.6935], [983576.0336, 1811636.289], [983598.7051, 1811642.683], [983620.805, 1811650.8361], [983642.1971, 1811660.698], [983662.7496, 1811672.208], [983682.3356, 1811685.2949], [983700.8344, 1811699.8782], [983718.132, 1811715.868], [983734.1218, 1811733.1656], [983748.7051, 1811751.6644], [983761.792, 1811771.2504], [983773.302, 1811791.8029], [983783.1639, 1811813.195], [983791.317, 1811835.2949], [983797.711, 1811857.9664], [983802.3065, 1811881.0697], [983805.0752, 1811904.4623], [983806, 1811928] ] ] }",2025-09-24
2023011,2022,보행어린이,30110001,대전광역시 동구1,대전광역시 동구 용전동(용일경로당 부근),3,3,0,0,3,0,36.350227,127.431582,"{ type: Polygon, coordinates: [ [ [994061, 1816982], [994060.2389, 1816999.4311], [994057.9616, 1817016.7296], [994054.1852, 1817033.7638], [994048.9385, 1817050.404], [994042.2616, 1817066.5237], [994034.2051, 1817082], [994024.8304, 1817096.7153], [994014.2089, 1817110.5575], [994002.4214, 1817123.4214], [993989.5575, 1817135.2089], [993975.7153, 1817145.8304], [993961, 1817155.2051], [993945.5237, 1817163.2616], [993929.404, 1817169.9385], [993912.7638, 1817175.1852], [993895.7296, 1817178.9616], [993878.4311, 1817181.2389], [993861, 1817182], [993843.5689, 1817181.2389], [993826.2704, 1817178.9616], [993809.2362, 1817175.1852], [993792.596, 1817169.9385], [993776.4763, 1817163.2616], [993761, 1817155.2051], [993746.2847, 1817145.8304], [993732.4425, 1817135.2089], [993719.5786, 1817123.4214], [993707.7911, 1817110.5575], [993697.1696, 1817096.7153], [993687.7949, 1817082], [993679.7384, 1817066.5237], [993673.0615, 1817050.404], [993667.8148, 1817033.7638], [993664.0384, 1817016.7296], [993661.7611, 1816999.4311], [993661, 1816982], [993661.7611, 1816964.5689], [993664.0384, 1816947.2704], [993667.8148, 1816930.2362], [993673.0615, 1816913.596], [993679.7384, 1816897.4763], [993687.7949, 1816882], [993697.1696, 1816867.2847], [993707.7911, 1816853.4425], [993719.5786, 1816840.5786], [993732.4425, 1816828.7911], [993746.2847, 1816818.1696], [993761, 1816808.7949], [993776.4763, 1816800.7384], [993792.596, 1816794.0615], [993809.2362, 1816788.8148], [993826.2704, 1816785.0384], [993843.5689, 1816782.7611], [993861, 1816782], [993878.4311, 1816782.7611], [993895.7296, 1816785.0384], [993912.7638, 1816788.8148], [993929.404, 1816794.0615], [993945.5237, 1816800.7384], [993961, 1816808.7949], [993975.7153, 1816818.1696], [993989.5575, 1816828.7911], [994002.4214, 1816840.5786], [994014.2089, 1816853.4425], [994024.8304, 1816867.2847], [994034.2051, 1816882], [994042.2616, 1816897.4763], [994048.9385, 1816913.596], [994054.1852, 1816930.2362], [994057.9616, 1816947.2704], [994060.2389, 1816964.5689], [994061, 1816982] ] ] }",2025-09-24
2023016,2022,자전거,30140001,대전광역시 중구1,대전광역시 중구 유천동(유천네거리 부근),4,4,0,1,3,0,36.319102,127.398314,"{ type: Polygon, coordinates: [ [ [990872.326046975, 1813432.27467925], [990884.859370332, 1813433.06320912], [990897.195035692, 1813435.41636314], [990909.138502244, 1813439.29703066], [990920.501414385, 1813444.64401125], [990931.104572204, 1813451.37297981], [990940.780757568, 1813459.37781651], [990949.377371253, 1813468.53228028], [990956.758839525, 1813478.69199975], [990962.808752222, 1813489.69675009], [990967.431698605, 1813501.37297981], [990970.554772048, 1813513.53654779], [990972.128719818, 1813525.9956273], [990972.128719818, 1813538.5537312], [990970.554772048, 1813551.01281071], [990967.431698605, 1813563.17637869], [990962.808752222, 1813574.85260841], [990956.758839525, 1813585.85735875], [990949.377371253, 1813596.01707823], [990940.780757568, 1813605.17154199], [990931.104572204, 1813613.17637869], [990920.501414385, 1813619.90534725], [990909.138502244, 1813625.25232784], [990897.195035692, 1813629.13299536], [990884.859370332, 1813631.48614938], [990872.326046975, 1813632.27467925], [990859.792723619, 1813631.48614938], [990847.457058259, 1813629.13299536], [990835.513591707, 1813625.25232784], [990824.150679565, 1813619.90534725], [990813.547521746, 1813613.17637869], [990803.871336382, 1813605.17154199], [990795.274722698, 1813596.01707823], [990787.893254425, 1813585.85735875], [990781.843341728, 1813574.85260841], [990777.220395346, 1813563.17637869], [990774.097321902, 1813551.01281071], [990772.523374132, 1813538.5537312], [990772.523374132, 1813525.9956273], [990774.097321902, 1813513.53654779], [990777.220395346, 1813501.37297981], [990781.843341728, 1813489.69675009], [990787.893254425, 1813478.69199975], [990795.274722698, 1813468.53228028], [990803.871336382, 1813459.37781651], [990813.547521746, 1813451.37297981], [990824.150679565, 1813444.64401125], [990835.513591707, 1813439.29703066], [990847.457058259, 1813435.41636314], [990859.792723619, 1813433.06320912], [990872.326046975, 1813432.27467925] ] ] }",2025-09-24
2023016,2022,자전거,30170001,대전광역시 서구1,대전광역시 서구 둔산동(은하수네거리 부근),4,7,0,0,7,0,36.351573,127.378541,"{ type: Polygon, coordinates: [ [ [989202, 1817136], [989201.6917, 1817143.8459], [989200.7688, 1817151.6434], [989199.237, 1817159.3445], [989197.1057, 1817166.9017], [989194.388, 1817174.2683], [989191.1007, 1817181.399], [989187.264, 1817188.2499], [989182.9017, 1817194.7785], [989178.0406, 1817200.9448], [989172.7107, 1817206.7107], [989166.9448, 1817212.0406], [989160.7785, 1817216.9017], [989154.2499, 1817221.264], [989147.399, 1817225.1007], [989140.2683, 1817228.388], [989132.9017, 1817231.1057], [989125.3445, 1817233.237], [989117.6434, 1817234.7688], [989109.8459, 1817235.6917], [989102, 1817236], [989094.1541, 1817235.6917], [989086.3566, 1817234.7688], [989078.6555, 1817233.237], [989071.0983, 1817231.1057], [989063.7317, 1817228.388], [989056.601, 1817225.1007], [989049.7501, 1817221.264], [989043.2215, 1817216.9017], [989037.0552, 1817212.0406], [989031.2893, 1817206.7107], [989025.9594, 1817200.9448], [989021.0983, 1817194.7785], [989016.736, 1817188.2499], [989012.8993, 1817181.399], [989009.612, 1817174.2683], [989006.8943, 1817166.9017], [989004.763, 1817159.3445], [989003.2312, 1817151.6434], [989002.3083, 1817143.8459], [989002, 1817136], [989002.3083, 1817128.1541], [989003.2312, 1817120.3566], [989004.763, 1817112.6555], [989006.8943, 1817105.0983], [989009.612, 1817097.7317], [989012.8993, 1817090.601], [989016.736, 1817083.7501], [989021.0983, 1817077.2215], [989025.9594, 1817071.0552], [989031.2893, 1817065.2893], [989037.0552, 1817059.9594], [989043.2215, 1817055.0983], [989049.7501, 1817050.736], [989056.601, 1817046.8993], [989063.7317, 1817043.612], [989071.0983, 1817040.8943], [989078.6555, 1817038.763], [989086.3566, 1817037.2312], [989094.1541, 1817036.3083], [989102, 1817036], [989109.8459, 1817036.3083], [989117.6434, 1817037.2312], [989125.3445, 1817038.763], [989132.9017, 1817040.8943], [989140.2683, 1817043.612], [989147.399, 1817046.8993], [989154.2499, 1817050.736], [989160.7785, 1817055.0983], [989166.9448, 1817059.9594], [989172.7107, 1817065.2893], [989178.0406, 1817071.0552], [989182.9017, 1817077.2215], [989187.264, 1817083.7501], [989191.1007, 1817090.601], [989194.388, 1817097.7317], [989197.1057, 1817105.0983], [989199.237, 1817112.6555], [989200.7688, 1817120.3566], [989201.6917, 1817128.1541], [989202, 1817136] ] ] }",2025-09-24
2023016,2022,자전거,30200001,대전광역시 유성구1,대전광역시 유성구 봉명동(진터네거리 부근),4,4,0,0,4,0,36.348552,127.339763,"{ type: Polygon, coordinates: [ [ [985722, 1816806], [985721.6917, 1816813.8459], [985720.7688, 1816821.6434], [985719.237, 1816829.3445], [985717.1057, 1816836.9017], [985714.388, 1816844.2683], [985711.1007, 1816851.399], [985707.264, 1816858.2499], [985702.9017, 1816864.7785], [985698.0406, 1816870.9448], [985692.7107, 1816876.7107], [985686.9448, 1816882.0406], [985680.7785, 1816886.9017], [985674.2499, 1816891.264], [985667.399, 1816895.1007], [985660.2683, 1816898.388], [985652.9017, 1816901.1057], [985645.3445, 1816903.237], [985637.6434, 1816904.7688], [985629.8459, 1816905.6917], [985622, 1816906], [985614.1541, 1816905.6917], [985606.3566, 1816904.7688], [985598.6555, 1816903.237], [985591.0983, 1816901.1057], [985583.7317, 1816898.388], [985576.601, 1816895.1007], [985569.7501, 1816891.264], [985563.2215, 1816886.9017], [985557.0552, 1816882.0406], [985551.2893, 1816876.7107], [985545.9594, 1816870.9448], [985541.0983, 1816864.7785], [985536.736, 1816858.2499], [985532.8993, 1816851.399], [985529.612, 1816844.2683], [985526.8943, 1816836.9017], [985524.763, 1816829.3445], [985523.2312, 1816821.6434], [985522.3083, 1816813.8459], [985522, 1816806], [985522.3083, 1816798.1541], [985523.2312, 1816790.3566], [985524.763, 1816782.6555], [985526.8943, 1816775.0983], [985529.612, 1816767.7317], [985532.8993, 1816760.601], [985536.736, 1816753.7501], [985541.0983, 1816747.2215], [985545.9594, 1816741.0552], [985551.2893, 1816735.2893], [985557.0552, 1816729.9594], [985563.2215, 1816725.0983], [985569.7501, 1816720.736], [985576.601, 1816716.8993], [985583.7317, 1816713.612], [985591.0983, 1816710.8943], [985598.6555, 1816708.763], [985606.3566, 1816707.2312], [985614.1541, 1816706.3083], [985622, 1816706], [985629.8459, 1816706.3083], [985637.6434, 1816707.2312], [985645.3445, 1816708.763], [985652.9017, 1816710.8943], [985660.2683, 1816713.612], [985667.399, 1816716.8993], [985674.2499, 1816720.736], [985680.7785, 1816725.0983], [985686.9448, 1816729.9594], [985692.7107, 1816735.2893], [985698.0406, 1816741.0552], [985702.9017, 1816747.2215], [985707.264, 1816753.7501], [985711.1007, 1816760.601], [985714.388, 1816767.7317], [985717.1057, 1816775.0983], [985719.237, 1816782.6555], [985720.7688, 1816790.3566], [985721.6917, 1816798.1541], [985722, 1816806] ] ] }",2025-09-24
2023016,2022,자전거,30230001,대전광역시 대덕구1,대전광역시 대덕구 중리동(다모아백화점 앞 부근),4,4,0,2,2,0,36.358911,127.420328,"{ type: Polygon, coordinates: [ [ [992952, 1817946], [992951.6917, 1817953.8459], [992950.7688, 1817961.6434], [992949.237, 1817969.3445], [992947.1057, 1817976.9017], [992944.388, 1817984.2683], [992941.1007, 1817991.399], [992937.264, 1817998.2499], [992932.9017, 1818004.7785], [992928.0406, 1818010.9448], [992922.7107, 1818016.7107], [992916.9448, 1818022.0406], [992910.7785, 1818026.9017], [992904.2499, 1818031.264], [992897.399, 1818035.1007], [992890.2683, 1818038.388], [992882.9017, 1818041.1057], [992875.3445, 1818043.237], [992867.6434, 1818044.7688], [992859.8459, 1818045.6917], [992852, 1818046], [992844.1541, 1818045.6917], [992836.3566, 1818044.7688], [992828.6555, 1818043.237], [992821.0983, 1818041.1057], [992813.7317, 1818038.388], [992806.601, 1818035.1007], [992799.7501, 1818031.264], [992793.2215, 1818026.9017], [992787.0552, 1818022.0406], [992781.2893, 1818016.7107], [992775.9594, 1818010.9448], [992771.0983, 1818004.7785], [992766.736, 1817998.2499], [992762.8993, 1817991.399], [992759.612, 1817984.2683], [992756.8943, 1817976.9017], [992754.763, 1817969.3445], [992753.2312, 1817961.6434], [992752.3083, 1817953.8459], [992752, 1817946], [992752.3083, 1817938.1541], [992753.2312, 1817930.3566], [992754.763, 1817922.6555], [992756.8943, 1817915.0983], [992759.612, 1817907.7317], [992762.8993, 1817900.601], [992766.736, 1817893.7501], [992771.0983, 1817887.2215], [992775.9594, 1817881.0552], [992781.2893, 1817875.2893], [992787.0552, 1817869.9594], [992793.2215, 1817865.0983], [992799.7501, 1817860.736], [992806.601, 1817856.8993], [992813.7317, 1817853.612], [992821.0983, 1817850.8943], [992828.6555, 1817848.763], [992836.3566, 1817847.2312], [992844.1541, 1817846.3083], [992852, 1817846], [992859.8459, 1817846.3083], [992867.6434, 1817847.2312], [992875.3445, 1817848.763], [992882.9017, 1817850.8943], [992890.2683, 1817853.612], [992897.399, 1817856.8993], [992904.2499, 1817860.736], [992910.7785, 1817865.0983], [992916.9448, 1817869.9594], [992922.7107, 1817875.2893], [992928.0406, 1817881.0552], [992932.9017, 1817887.2215], [992937.264, 1817893.7501], [992941.1007, 1817900.601], [992944.388, 1817907.7317], [992947.1057, 1817915.0983], [992949.237, 1817922.6555], [992950.7688, 1817930.3566], [992951.6917, 1817938.1541], [992952, 1817946] ] ] }",2025-09-24
2023016,2022,자전거,30230002,대전광역시 대덕구2,대전광역시 대덕구 오정동(오정네거리 부근),3,3,1,0,2,0,36.358636,127.414643,"{ type: Polygon, coordinates: [ [ [992442, 1817916], [992441.6917, 1817923.8459], [992440.7688, 1817931.6434], [992439.237, 1817939.3445], [992437.1057, 1817946.9017], [992434.388, 1817954.2683], [992431.1007, 1817961.399], [992427.264, 1817968.2499], [992422.9017, 1817974.7785], [992418.0406, 1817980.9448], [992412.7107, 1817986.7107], [992406.9448, 1817992.0406], [992400.7785, 1817996.9017], [992394.2499, 1818001.264], [992387.399, 1818005.1007], [992380.2683, 1818008.388], [992372.9017, 1818011.1057], [992365.3445, 1818013.237], [992357.6434, 1818014.7688], [992349.8459, 1818015.6917], [992342, 1818016], [992334.1541, 1818015.6917], [992326.3566, 1818014.7688], [992318.6555, 1818013.237], [992311.0983, 1818011.1057], [992303.7317, 1818008.388], [992296.601, 1818005.1007], [992289.7501, 1818001.264], [992283.2215, 1817996.9017], [992277.0552, 1817992.0406], [992271.2893, 1817986.7107], [992265.9594, 1817980.9448], [992261.0983, 1817974.7785], [992256.736, 1817968.2499], [992252.8993, 1817961.399], [992249.612, 1817954.2683], [992246.8943, 1817946.9017], [992244.763, 1817939.3445], [992243.2312, 1817931.6434], [992242.3083, 1817923.8459], [992242, 1817916], [992242.3083, 1817908.1541], [992243.2312, 1817900.3566], [992244.763, 1817892.6555], [992246.8943, 1817885.0983], [992249.612, 1817877.7317], [992252.8993, 1817870.601], [992256.736, 1817863.7501], [992261.0983, 1817857.2215], [992265.9594, 1817851.0552], [992271.2893, 1817845.2893], [992277.0552, 1817839.9594], [992283.2215, 1817835.0983], [992289.7501, 1817830.736], [992296.601, 1817826.8993], [992303.7317, 1817823.612], [992311.0983, 1817820.8943], [992318.6555, 1817818.763], [992326.3566, 1817817.2312], [992334.1541, 1817816.3083], [992342, 1817816], [992349.8459, 1817816.3083], [992357.6434, 1817817.2312], [992365.3445, 1817818.763], [992372.9017, 1817820.8943], [992380.2683, 1817823.612], [992387.399, 1817826.8993], [992394.2499, 1817830.736], [992400.7785, 1817835.0983], [992406.9448, 1817839.9594], [992412.7107, 1817845.2893], [992418.0406, 1817851.0552], [992422.9017, 1817857.2215], [992427.264, 1817863.7501], [992431.1007, 1817870.601], [992434.388, 1817877.7317], [992437.1057, 1817885.0983], [992439.237, 1817892.6555], [992440.7688, 1817900.3566], [992441.6917, 1817908.1541], [992442, 1817916] ] ] }",2025-09-24
2023057,2022,보행노인,30140001,대전광역시 중구1,대전광역시 중구 대사동(드림키즈어린이집 부근),5,5,2,3,0,0,36.31896,127.415717,"{ type: Polygon, coordinates: [ [ [992434.5, 1813415], [992447.033323356, 1813415.78852987], [992459.368988717, 1813418.14168389], [992471.312455268, 1813422.02235141], [992482.67536741, 1813427.369332], [992493.278525229, 1813434.09830056], [992502.954710593, 1813442.10313726], [992511.551324278, 1813451.25760103], [992518.93279255, 1813461.4173205], [992524.982705247, 1813472.42207084], [992529.60565163, 1813484.09830056], [992532.728725073, 1813496.26186854], [992534.302672843, 1813508.72094805], [992534.302672843, 1813521.27905195], [992532.728725073, 1813533.73813146], [992529.60565163, 1813545.90169944], [992524.982705247, 1813557.57792916], [992518.93279255, 1813568.5826795], [992511.551324278, 1813578.74239898], [992502.954710593, 1813587.89686274], [992493.278525229, 1813595.90169944], [992482.67536741, 1813602.630668], [992471.312455268, 1813607.97764859], [992459.368988717, 1813611.85831611], [992447.033323356, 1813614.21147013], [992434.5, 1813615], [992421.966676644, 1813614.21147013], [992409.631011284, 1813611.85831611], [992397.687544732, 1813607.97764859], [992386.32463259, 1813602.630668], [992375.721474771, 1813595.90169944], [992366.045289407, 1813587.89686274], [992357.448675723, 1813578.74239898], [992350.06720745, 1813568.5826795], [992344.017294753, 1813557.57792916], [992339.394348371, 1813545.90169944], [992336.271274927, 1813533.73813146], [992334.697327157, 1813521.27905195], [992334.697327157, 1813508.72094805], [992336.271274927, 1813496.26186854], [992339.394348371, 1813484.09830056], [992344.017294753, 1813472.42207084], [992350.06720745, 1813461.4173205], [992357.448675723, 1813451.25760103], [992366.045289407, 1813442.10313726], [992375.721474771, 1813434.09830056], [992386.32463259, 1813427.369332], [992397.687544732, 1813422.02235141], [992409.631011284, 1813418.14168389], [992421.966676644, 1813415.78852987], [992434.5, 1813415] ] ] }",2025-09-24
2023057,2022,보행노인,30230001,대전광역시 대덕구1,대전광역시 대덕구 송촌동(367 부근),5,6,0,6,0,0,36.352175,127.442441,"{ type: Polygon, coordinates: [ [ [994835.5, 1817097.5], [994848.033323356, 1817098.28852987], [994860.368988717, 1817100.64168389], [994872.312455269, 1817104.52235141], [994883.67536741, 1817109.869332], [994894.278525229, 1817116.59830056], [994903.954710593, 1817124.60313726], [994912.551324278, 1817133.75760103], [994919.93279255, 1817143.9173205], [994925.982705247, 1817154.92207084], [994930.605651629, 1817166.59830056], [994933.728725073, 1817178.76186854], [994935.302672843, 1817191.22094805], [994935.302672843, 1817203.77905195], [994933.728725073, 1817216.23813146], [994930.605651629, 1817228.40169944], [994925.982705247, 1817240.07792916], [994919.93279255, 1817251.0826795], [994912.551324278, 1817261.24239898], [994903.954710593, 1817270.39686274], [994894.278525229, 1817278.40169944], [994883.67536741, 1817285.130668], [994872.312455269, 1817290.47764859], [994860.368988717, 1817294.35831611], [994848.033323356, 1817296.71147013], [994835.5, 1817297.5], [994822.966676644, 1817296.71147013], [994810.631011284, 1817294.35831611], [994798.687544732, 1817290.47764859], [994787.32463259, 1817285.130668], [994776.721474771, 1817278.40169944], [994767.045289407, 1817270.39686274], [994758.448675722, 1817261.24239898], [994751.06720745, 1817251.0826795], [994745.017294753, 1817240.07792916], [994740.394348371, 1817228.40169944], [994737.271274927, 1817216.23813146], [994735.697327157, 1817203.77905195], [994735.697327157, 1817191.22094805], [994737.271274927, 1817178.76186854], [994740.394348371, 1817166.59830056], [994745.017294753, 1817154.92207084], [994751.06720745, 1817143.9173205], [994758.448675722, 1817133.75760103], [994767.045289407, 1817124.60313726], [994776.721474771, 1817116.59830056], [994787.32463259, 1817109.869332], [994798.687544732, 1817104.52235141], [994810.631011284, 1817100.64168389], [994822.966676644, 1817098.28852987], [994835.5, 1817097.5] ] ] }",2025-09-24
2023057,2022,보행노인,30230002,대전광역시 대덕구2,대전광역시 대덕구 석봉동(신탄진시장 부근),5,5,0,5,0,0,36.449962,127.425791,"{ type: Polygon, coordinates: [ [ [993349.959591042, 1827945.19717624], [993362.492914398, 1827945.98570611], [993374.828579759, 1827948.33886013], [993386.772046311, 1827952.21952765], [993398.134958452, 1827957.56650824], [993408.738116271, 1827964.2954768], [993418.414301635, 1827972.3003135], [993427.01091532, 1827981.45477727], [993434.392383592, 1827991.61449674], [993440.442296289, 1828002.61924708], [993445.065242672, 1828014.2954768], [993448.188316115, 1828026.45904478], [993449.762263885, 1828038.91812429], [993449.762263885, 1828051.47622819], [993448.188316115, 1828063.9353077], [993445.065242672, 1828076.09887568], [993440.442296289, 1828087.7751054], [993434.392383592, 1828098.77985574], [993427.01091532, 1828108.93957522], [993418.414301635, 1828118.09403898], [993408.738116271, 1828126.09887568], [993398.134958452, 1828132.82784424], [993386.772046311, 1828138.17482483], [993374.828579759, 1828142.05549235], [993362.492914398, 1828144.40864637], [993349.959591042, 1828145.19717624], [993337.426267686, 1828144.40864637], [993325.090602326, 1828142.05549235], [993313.147135774, 1828138.17482483], [993301.784223632, 1828132.82784424], [993291.181065813, 1828126.09887568], [993281.504880449, 1828118.09403898], [993272.908266764, 1828108.93957522], [993265.526798492, 1828098.77985574], [993259.476885795, 1828087.7751054], [993254.853939412, 1828076.09887568], [993251.730865969, 1828063.9353077], [993250.156918199, 1828051.47622819], [993250.156918199, 1828038.91812429], [993251.730865969, 1828026.45904478], [993254.853939412, 1828014.2954768], [993259.476885795, 1828002.61924708], [993265.526798492, 1827991.61449674], [993272.908266764, 1827981.45477727], [993281.504880449, 1827972.3003135], [993291.181065813, 1827964.2954768], [993301.784223632, 1827957.56650824], [993313.147135774, 1827952.21952765], [993325.090602326, 1827948.33886013], [993337.426267686, 1827945.98570611], [993349.959591042, 1827945.19717624] ] ] }",2025-09-24
2024041,2023,스쿨존어린이,30110001,대전광역시 동구1,대전광역시 동구 용전동(대전용전초교 부근),2,2,0,1,1,0,36.355532,127.430412,"{ type: Polygon, coordinates: [ [ [993756.5, 1817270.5], [993777.90175496, 1817271.26436562], [993799.194451482, 1817273.55356744], [993820.269586866, 1817277.35594021], [993841.019767052, 1817282.65210792], [993861.33925388, 1817289.4150825], [993881.124503901, 1817297.61040139], [993900.274696016, 1817307.19630313], [993918.692245237, 1817318.12394015], [993936.283299954, 1817330.33762772], [993952.958220184, 1817343.77512769], [993968.632034356, 1817358.36796564], [993983.224872306, 1817374.04177982], [993996.662372277, 1817390.71670005], [994008.876059849, 1817408.30775476], [994019.80369687, 1817426.72530398], [994029.389598606, 1817445.8754961], [994037.5849175, 1817465.66074612], [994044.347892084, 1817485.98023295], [994049.644059791, 1817506.73041313], [994053.446432564, 1817527.80554852], [994055.735634383, 1817549.09824504], [994056.5, 1817570.5], [994055.735634383, 1817591.90175496], [994053.446432564, 1817613.19445148], [994049.644059791, 1817634.26958687], [994044.347892084, 1817655.01976705], [994037.5849175, 1817675.33925388], [994029.389598606, 1817695.1245039], [994019.80369687, 1817714.27469602], [994008.876059849, 1817732.69224524], [993996.662372277, 1817750.28329995], [993983.224872306, 1817766.95822018], [993968.632034356, 1817782.63203436], [993952.958220184, 1817797.22487231], [993936.283299954, 1817810.66237228], [993918.692245237, 1817822.87605985], [993900.274696016, 1817833.80369687], [993881.124503901, 1817843.38959861], [993861.33925388, 1817851.5849175], [993841.019767052, 1817858.34789208], [993820.269586866, 1817863.64405979], [993799.194451482, 1817867.44643256], [993777.90175496, 1817869.73563438], [993756.5, 1817870.5], [993735.09824504, 1817869.73563438], [993713.805548518, 1817867.44643256], [993692.730413134, 1817863.64405979], [993671.980232948, 1817858.34789208], [993651.66074612, 1817851.5849175], [993631.875496099, 1817843.38959861], [993612.725303984, 1817833.80369687], [993594.307754763, 1817822.87605985], [993576.716700047, 1817810.66237228], [993560.041779816, 1817797.22487231], [993544.367965644, 1817782.63203436], [993529.775127694, 1817766.95822018], [993516.337627723, 1817750.28329995], [993504.123940151, 1817732.69224524], [993493.19630313, 1817714.27469602], [993483.610401394, 1817695.1245039], [993475.4150825, 1817675.33925388], [993468.652107916, 1817655.01976705], [993463.355940209, 1817634.26958687], [993459.553567436, 1817613.19445148], [993457.264365617, 1817591.90175496], [993456.5, 1817570.5], [993457.264365617, 1817549.09824504], [993459.553567436, 1817527.80554852], [993463.355940209, 1817506.73041313], [993468.652107916, 1817485.98023295], [993475.4150825, 1817465.66074612], [993483.610401394, 1817445.8754961], [993493.19630313, 1817426.72530398], [993504.123940151, 1817408.30775476], [993516.337627723, 1817390.71670005], [993529.775127694, 1817374.04177982], [993544.367965644, 1817358.36796564], [993560.041779816, 1817343.77512769], [993576.716700047, 1817330.33762772], [993594.307754763, 1817318.12394015], [993612.725303984, 1817307.19630313], [993631.875496099, 1817297.61040139], [993651.66074612, 1817289.4150825], [993671.980232948, 1817282.65210792], [993692.730413134, 1817277.35594021], [993713.805548518, 1817273.55356744], [993735.09824504, 1817271.26436562], [993756.5, 1817270.5] ] ] }",2025-09-24
2024041,2023,스쿨존어린이,30170001,대전광역시 서구1,대전광역시 서구 둔산동(대전문정초교 부근),1,4,1,1,2,0,36.35121,127.394635,"{ type: Polygon, coordinates: [ [ [990546, 1816794], [990567.40175496, 1816794.76436562], [990588.694451482, 1816797.05356744], [990609.769586866, 1816800.85594021], [990630.519767052, 1816806.15210792], [990650.83925388, 1816812.9150825], [990670.624503901, 1816821.11040139], [990689.774696016, 1816830.69630313], [990708.192245237, 1816841.62394015], [990725.783299954, 1816853.83762772], [990742.458220184, 1816867.27512769], [990758.132034356, 1816881.86796564], [990772.724872306, 1816897.54177982], [990786.162372277, 1816914.21670005], [990798.376059849, 1816931.80775476], [990809.30369687, 1816950.22530398], [990818.889598606, 1816969.3754961], [990827.0849175, 1816989.16074612], [990833.847892084, 1817009.48023295], [990839.144059791, 1817030.23041313], [990842.946432564, 1817051.30554852], [990845.235634383, 1817072.59824504], [990846, 1817094], [990845.235634383, 1817115.40175496], [990842.946432564, 1817136.69445148], [990839.144059791, 1817157.76958687], [990833.847892084, 1817178.51976705], [990827.0849175, 1817198.83925388], [990818.889598606, 1817218.6245039], [990809.30369687, 1817237.77469602], [990798.376059849, 1817256.19224524], [990786.162372277, 1817273.78329995], [990772.724872306, 1817290.45822018], [990758.132034356, 1817306.13203436], [990742.458220184, 1817320.72487231], [990725.783299954, 1817334.16237228], [990708.192245237, 1817346.37605985], [990689.774696016, 1817357.30369687], [990670.624503901, 1817366.88959861], [990650.83925388, 1817375.0849175], [990630.519767052, 1817381.84789208], [990609.769586866, 1817387.14405979], [990588.694451482, 1817390.94643256], [990567.40175496, 1817393.23563438], [990546, 1817394], [990524.59824504, 1817393.23563438], [990503.305548518, 1817390.94643256], [990482.230413134, 1817387.14405979], [990461.480232948, 1817381.84789208], [990441.16074612, 1817375.0849175], [990421.375496099, 1817366.88959861], [990402.225303984, 1817357.30369687], [990383.807754763, 1817346.37605985], [990366.216700047, 1817334.16237228], [990349.541779816, 1817320.72487231], [990333.867965644, 1817306.13203436], [990319.275127694, 1817290.45822018], [990305.837627723, 1817273.78329995], [990293.623940151, 1817256.19224524], [990282.69630313, 1817237.77469602], [990273.110401394, 1817218.6245039], [990264.9150825, 1817198.83925388], [990258.152107916, 1817178.51976705], [990252.855940209, 1817157.76958687], [990249.053567436, 1817136.69445148], [990246.764365617, 1817115.40175496], [990246, 1817094], [990246.764365617, 1817072.59824504], [990249.053567436, 1817051.30554852], [990252.855940209, 1817030.23041313], [990258.152107916, 1817009.48023295], [990264.9150825, 1816989.16074612], [990273.110401394, 1816969.3754961], [990282.69630313, 1816950.22530398], [990293.623940151, 1816931.80775476], [990305.837627723, 1816914.21670005], [990319.275127694, 1816897.54177982], [990333.867965644, 1816881.86796564], [990349.541779816, 1816867.27512769], [990366.216700047, 1816853.83762772], [990383.807754763, 1816841.62394015], [990402.225303984, 1816830.69630313], [990421.375496099, 1816821.11040139], [990441.16074612, 1816812.9150825], [990461.480232948, 1816806.15210792], [990482.230413134, 1816800.85594021], [990503.305548518, 1816797.05356744], [990524.59824504, 1816794.76436562], [990546, 1816794] ] ] }",2025-09-24
2024042,2023,보행어린이,30170001,대전광역시 서구1,대전광역시 서구 둔산동(문정네거리 부근),2,5,1,1,3,0,36.351269,127.396089,"{ type: Polygon, coordinates: [ [ [990676.5, 1816900.5], [990693.93114855, 1816901.26106038], [990711.229635533, 1816903.5384494], [990728.263809021, 1816907.31483474], [990744.904028665, 1816912.56147584], [990761.023652348, 1816919.23844259], [990776.5, 1816927.29491924], [990791.21528727, 1816936.66959114], [990805.057521937, 1816947.29111138], [990817.921356237, 1816959.07864376], [990829.708888624, 1816971.94247806], [990840.330408858, 1816985.78471273], [990849.705080757, 1817000.5], [990857.761557407, 1817015.97634765], [990864.438524157, 1817032.09597134], [990869.685165258, 1817048.73619098], [990873.461550602, 1817065.77036447], [990875.738939618, 1817083.06885145], [990876.5, 1817100.5], [990875.738939618, 1817117.93114855], [990873.461550602, 1817135.22963553], [990869.685165258, 1817152.26380902], [990864.438524157, 1817168.90402867], [990857.761557407, 1817185.02365235], [990849.705080757, 1817200.5], [990840.330408858, 1817215.21528727], [990829.708888624, 1817229.05752194], [990817.921356237, 1817241.92135624], [990805.057521937, 1817253.70888862], [990791.21528727, 1817264.33040886], [990776.5, 1817273.70508076], [990761.023652348, 1817281.76155741], [990744.904028665, 1817288.43852416], [990728.263809021, 1817293.68516526], [990711.229635533, 1817297.4615506], [990693.93114855, 1817299.73893962], [990676.5, 1817300.5], [990659.068851451, 1817299.73893962], [990641.770364467, 1817297.4615506], [990624.73619098, 1817293.68516526], [990608.095971335, 1817288.43852416], [990591.976347652, 1817281.76155741], [990576.5, 1817273.70508076], [990561.78471273, 1817264.33040886], [990547.942478063, 1817253.70888862], [990535.078643763, 1817241.92135624], [990523.291111376, 1817229.05752194], [990512.669591142, 1817215.21528727], [990503.294919243, 1817200.5], [990495.238442593, 1817185.02365235], [990488.561475843, 1817168.90402867], [990483.314834742, 1817152.26380902], [990479.538449398, 1817135.22963553], [990477.261060382, 1817117.93114855], [990476.5, 1817100.5], [990477.261060382, 1817083.06885145], [990479.538449398, 1817065.77036447], [990483.314834742, 1817048.73619098], [990488.561475843, 1817032.09597134], [990495.238442593, 1817015.97634765], [990503.294919243, 1817000.5], [990512.669591142, 1816985.78471273], [990523.291111376, 1816971.94247806], [990535.078643763, 1816959.07864376], [990547.942478063, 1816947.29111138], [990561.78471273, 1816936.66959114], [990576.5, 1816927.29491924], [990591.976347652, 1816919.23844259], [990608.095971335, 1816912.56147584], [990624.73619098, 1816907.31483474], [990641.770364467, 1816903.5384494], [990659.068851451, 1816901.26106038], [990676.5, 1816900.5] ] ] }",2025-09-24
2024044,2023,보행노인,30110001,대전광역시 동구1,대전광역시 동구 중동(대전도매시장 부근),5,7,0,5,2,0,36.330024,127.43268,"{ type: Polygon, coordinates: [ [ [993958, 1814641], [993970.533323356, 1814641.78852987], [993982.868988717, 1814644.14168389], [993994.812455269, 1814648.02235141], [994006.17536741, 1814653.369332], [994016.778525229, 1814660.09830056], [994026.454710593, 1814668.10313726], [994035.051324278, 1814677.25760103], [994042.43279255, 1814687.4173205], [994048.482705247, 1814698.42207084], [994053.105651629, 1814710.09830056], [994056.228725073, 1814722.26186854], [994057.802672843, 1814734.72094805], [994057.802672843, 1814747.27905195], [994056.228725073, 1814759.73813146], [994053.105651629, 1814771.90169944], [994048.482705247, 1814783.57792916], [994042.43279255, 1814794.5826795], [994035.051324278, 1814804.74239898], [994026.454710593, 1814813.89686274], [994016.778525229, 1814821.90169944], [994006.17536741, 1814828.630668], [993994.812455269, 1814833.97764859], [993982.868988717, 1814837.85831611], [993970.533323356, 1814840.21147013], [993958, 1814841], [993945.466676644, 1814840.21147013], [993933.131011284, 1814837.85831611], [993921.187544732, 1814833.97764859], [993909.82463259, 1814828.630668], [993899.221474771, 1814821.90169944], [993889.545289407, 1814813.89686274], [993880.948675722, 1814804.74239898], [993873.56720745, 1814794.5826795], [993867.517294753, 1814783.57792916], [993862.894348371, 1814771.90169944], [993859.771274927, 1814759.73813146], [993858.197327157, 1814747.27905195], [993858.197327157, 1814734.72094805], [993859.771274927, 1814722.26186854], [993862.894348371, 1814710.09830056], [993867.517294753, 1814698.42207084], [993873.56720745, 1814687.4173205], [993880.948675722, 1814677.25760103], [993889.545289407, 1814668.10313726], [993899.221474771, 1814660.09830056], [993909.82463259, 1814653.369332], [993921.187544732, 1814648.02235141], [993933.131011284, 1814644.14168389], [993945.466676644, 1814641.78852987], [993958, 1814641] ] ] }",2025-09-24
2024044,2023,보행노인,30140001,대전광역시 중구1,대전광역시 중구 중촌동(꽃망울어린이집 부근),5,5,0,5,0,0,36.336411,127.411654,"{ type: Polygon, coordinates: [ [ [992071.511627907, 1815350.97674419], [992084.044951263, 1815351.76527406], [992096.380616624, 1815354.11842808], [992108.324083176, 1815357.9990956], [992119.686995317, 1815363.34607619], [992130.290153136, 1815370.07504475], [992139.9663385, 1815378.07988145], [992148.562952185, 1815387.23434522], [992155.944420457, 1815397.39406469], [992161.994333154, 1815408.39881503], [992166.617279537, 1815420.07504475], [992169.74035298, 1815432.23861273], [992171.31430075, 1815444.69769224], [992171.31430075, 1815457.25579614], [992169.74035298, 1815469.71487565], [992166.617279537, 1815481.87844363], [992161.994333154, 1815493.55467335], [992155.944420457, 1815504.55942369], [992148.562952185, 1815514.71914317], [992139.9663385, 1815523.87360693], [992130.290153136, 1815531.87844363], [992119.686995317, 1815538.60741219], [992108.324083176, 1815543.95439278], [992096.380616624, 1815547.8350603], [992084.044951263, 1815550.18821432], [992071.511627907, 1815550.97674419], [992058.978304551, 1815550.18821432], [992046.642639191, 1815547.8350603], [992034.699172639, 1815543.95439278], [992023.336260497, 1815538.60741219], [992012.733102678, 1815531.87844363], [992003.056917314, 1815523.87360693], [991994.460303629, 1815514.71914317], [991987.078835357, 1815504.55942369], [991981.02892266, 1815493.55467335], [991976.405976278, 1815481.87844363], [991973.282902834, 1815469.71487565], [991971.708955064, 1815457.25579614], [991971.708955064, 1815444.69769224], [991973.282902834, 1815432.23861273], [991976.405976278, 1815420.07504475], [991981.02892266, 1815408.39881503], [991987.078835357, 1815397.39406469], [991994.460303629, 1815387.23434522], [992003.056917314, 1815378.07988145], [992012.733102678, 1815370.07504475], [992023.336260497, 1815363.34607619], [992034.699172639, 1815357.9990956], [992046.642639191, 1815354.11842808], [992058.978304551, 1815351.76527406], [992071.511627907, 1815350.97674419] ] ] }",2025-09-24
2024044,2023,보행노인,30170001,대전광역시 서구1,대전광역시 서구 정림동(무지개종합시장 부근),5,5,0,5,0,0,36.305819,127.365725,"{ type: Polygon, coordinates: [ [ [987945, 1811962.5], [987957.533323357, 1811963.28852987], [987969.868988717, 1811965.64168389], [987981.812455268, 1811969.52235141], [987993.17536741, 1811974.869332], [988003.778525229, 1811981.59830056], [988013.454710593, 1811989.60313726], [988022.051324278, 1811998.75760103], [988029.43279255, 1812008.9173205], [988035.482705247, 1812019.92207084], [988040.10565163, 1812031.59830056], [988043.228725073, 1812043.76186854], [988044.802672843, 1812056.22094805], [988044.802672843, 1812068.77905195], [988043.228725073, 1812081.23813146], [988040.10565163, 1812093.40169944], [988035.482705247, 1812105.07792916], [988029.43279255, 1812116.0826795], [988022.051324278, 1812126.24239898], [988013.454710593, 1812135.39686274], [988003.778525229, 1812143.40169944], [987993.17536741, 1812150.130668], [987981.812455268, 1812155.47764859], [987969.868988717, 1812159.35831611], [987957.533323357, 1812161.71147013], [987945, 1812162.5], [987932.466676644, 1812161.71147013], [987920.131011283, 1812159.35831611], [987908.187544732, 1812155.47764859], [987896.82463259, 1812150.130668], [987886.221474771, 1812143.40169944], [987876.545289407, 1812135.39686274], [987867.948675723, 1812126.24239898], [987860.56720745, 1812116.0826795], [987854.517294753, 1812105.07792916], [987849.894348371, 1812093.40169944], [987846.771274927, 1812081.23813146], [987845.197327157, 1812068.77905195], [987845.197327157, 1812056.22094805], [987846.771274927, 1812043.76186854], [987849.894348371, 1812031.59830056], [987854.517294753, 1812019.92207084], [987860.56720745, 1812008.9173205], [987867.948675723, 1811998.75760103], [987876.545289407, 1811989.60313726], [987886.221474771, 1811981.59830056], [987896.82463259, 1811974.869332], [987908.187544732, 1811969.52235141], [987920.131011283, 1811965.64168389], [987932.466676644, 1811963.28852987], [987945, 1811962.5] ] ] }",2025-09-24
2024046,2023,자전거,30110001,대전광역시 동구1,대전광역시 동구 성남동(용전네거리 부근),4,4,0,3,1,0,36.348104,127.432492,"{ type: Polygon, coordinates: [ [ [993942.522172949, 1816646.45121951], [993955.055496306, 1816647.23974938], [993967.391161666, 1816649.5929034], [993979.334628218, 1816653.47357092], [993990.697540359, 1816658.82055151], [994001.300698178, 1816665.54952007], [994010.976883542, 1816673.55435677], [994019.573497227, 1816682.70882054], [994026.954965499, 1816692.86854001], [994033.004878196, 1816703.87329035], [994037.627824579, 1816715.54952007], [994040.750898022, 1816727.71308805], [994042.324845792, 1816740.17216756], [994042.324845792, 1816752.73027146], [994040.750898022, 1816765.18935097], [994037.627824579, 1816777.35291895], [994033.004878196, 1816789.02914867], [994026.954965499, 1816800.03389901], [994019.573497227, 1816810.19361849], [994010.976883542, 1816819.34808225], [994001.300698178, 1816827.35291895], [993990.697540359, 1816834.08188751], [993979.334628218, 1816839.4288681], [993967.391161666, 1816843.30953562], [993955.055496306, 1816845.66268964], [993942.522172949, 1816846.45121951], [993929.988849593, 1816845.66268964], [993917.653184233, 1816843.30953562], [993905.709717681, 1816839.4288681], [993894.346805539, 1816834.08188751], [993883.74364772, 1816827.35291895], [993874.067462356, 1816819.34808225], [993865.470848672, 1816810.19361849], [993858.089380399, 1816800.03389901], [993852.039467702, 1816789.02914867], [993847.41652132, 1816777.35291895], [993844.293447876, 1816765.18935097], [993842.719500106, 1816752.73027146], [993842.719500106, 1816740.17216756], [993844.293447876, 1816727.71308805], [993847.41652132, 1816715.54952007], [993852.039467702, 1816703.87329035], [993858.089380399, 1816692.86854001], [993865.470848672, 1816682.70882054], [993874.067462356, 1816673.55435677], [993883.74364772, 1816665.54952007], [993894.346805539, 1816658.82055151], [993905.709717681, 1816653.47357092], [993917.653184233, 1816649.5929034], [993929.988849593, 1816647.23974938], [993942.522172949, 1816646.45121951] ] ] }",2025-09-24
2024046,2023,자전거,30140001,대전광역시 중구1,대전광역시 중구 용두동(서대전네거리역 대전1호선 부근),3,3,1,0,2,0,36.322217,127.413452,"{ type: Polygon, coordinates: [ [ [992231.460015903, 1813776.43695689], [992243.993339259, 1813777.22548676], [992256.32900462, 1813779.57864078], [992268.272471172, 1813783.4593083], [992279.635383313, 1813788.80628889], [992290.238541132, 1813795.53525745], [992299.914726496, 1813803.54009415], [992308.511340181, 1813812.69455792], [992315.892808453, 1813822.85427739], [992321.94272115, 1813833.85902773], [992326.565667532, 1813845.53525745], [992329.688740976, 1813857.69882543], [992331.262688746, 1813870.15790494], [992331.262688746, 1813882.71600884], [992329.688740976, 1813895.17508835], [992326.565667532, 1813907.33865633], [992321.94272115, 1813919.01488605], [992315.892808453, 1813930.01963639], [992308.511340181, 1813940.17935587], [992299.914726496, 1813949.33381963], [992290.238541132, 1813957.33865633], [992279.635383313, 1813964.06762489], [992268.272471172, 1813969.41460548], [992256.32900462, 1813973.295273], [992243.993339259, 1813975.64842702], [992231.460015903, 1813976.43695689], [992218.926692547, 1813975.64842702], [992206.591027187, 1813973.295273], [992194.647560635, 1813969.41460548], [992183.284648493, 1813964.06762489], [992172.681490674, 1813957.33865633], [992163.00530531, 1813949.33381963], [992154.408691625, 1813940.17935587], [992147.027223353, 1813930.01963639], [992140.977310656, 1813919.01488605], [992136.354364274, 1813907.33865633], [992133.23129083, 1813895.17508835], [992131.65734306, 1813882.71600884], [992131.65734306, 1813870.15790494], [992133.23129083, 1813857.69882543], [992136.354364274, 1813845.53525745], [992140.977310656, 1813833.85902773], [992147.027223353, 1813822.85427739], [992154.408691625, 1813812.69455792], [992163.00530531, 1813803.54009415], [992172.681490674, 1813795.53525745], [992183.284648493, 1813788.80628889], [992194.647560635, 1813783.4593083], [992206.591027187, 1813779.57864078], [992218.926692547, 1813777.22548676], [992231.460015903, 1813776.43695689] ] ] }",2025-09-24
2024046,2023,자전거,30170001,대전광역시 서구1,대전광역시 서구 만년동(만년네거리 부근),4,4,1,3,0,0,36.364812,127.378794,"{ type: Polygon, coordinates: [ [ [989126.5, 1818504.5], [989139.033323357, 1818505.28852987], [989151.368988717, 1818507.64168389], [989163.312455268, 1818511.52235141], [989174.67536741, 1818516.869332], [989185.278525229, 1818523.59830056], [989194.954710593, 1818531.60313726], [989203.551324278, 1818540.75760103], [989210.93279255, 1818550.9173205], [989216.982705247, 1818561.92207084], [989221.60565163, 1818573.59830056], [989224.728725073, 1818585.76186854], [989226.302672843, 1818598.22094805], [989226.302672843, 1818610.77905195], [989224.728725073, 1818623.23813146], [989221.60565163, 1818635.40169944], [989216.982705247, 1818647.07792916], [989210.93279255, 1818658.0826795], [989203.551324278, 1818668.24239898], [989194.954710593, 1818677.39686274], [989185.278525229, 1818685.40169944], [989174.67536741, 1818692.130668], [989163.312455268, 1818697.47764859], [989151.368988717, 1818701.35831611], [989139.033323357, 1818703.71147013], [989126.5, 1818704.5], [989113.966676644, 1818703.71147013], [989101.631011283, 1818701.35831611], [989089.687544732, 1818697.47764859], [989078.32463259, 1818692.130668], [989067.721474771, 1818685.40169944], [989058.045289407, 1818677.39686274], [989049.448675723, 1818668.24239898], [989042.06720745, 1818658.0826795], [989036.017294753, 1818647.07792916], [989031.394348371, 1818635.40169944], [989028.271274927, 1818623.23813146], [989026.697327157, 1818610.77905195], [989026.697327157, 1818598.22094805], [989028.271274927, 1818585.76186854], [989031.394348371, 1818573.59830056], [989036.017294753, 1818561.92207084], [989042.06720745, 1818550.9173205], [989049.448675723, 1818540.75760103], [989058.045289407, 1818531.60313726], [989067.721474771, 1818523.59830056], [989078.32463259, 1818516.869332], [989089.687544732, 1818511.52235141], [989101.631011283, 1818507.64168389], [989113.966676644, 1818505.28852987], [989126.5, 1818504.5] ] ] }",2025-09-24
2024046,2023,자전거,30170002,대전광역시 서구2,대전광역시 서구 둔산동(시청역네거리 부근),4,4,0,2,2,0,36.351711,127.385769,"{ type: Polygon, coordinates: [ [ [989750.5, 1817050.5], [989763.033323356, 1817051.28852987], [989775.368988717, 1817053.64168389], [989787.312455268, 1817057.52235141], [989798.67536741, 1817062.869332], [989809.278525229, 1817069.59830056], [989818.954710593, 1817077.60313726], [989827.551324278, 1817086.75760103], [989834.93279255, 1817096.9173205], [989840.982705247, 1817107.92207084], [989845.60565163, 1817119.59830056], [989848.728725073, 1817131.76186854], [989850.302672843, 1817144.22094805], [989850.302672843, 1817156.77905195], [989848.728725073, 1817169.23813146], [989845.60565163, 1817181.40169944], [989840.982705247, 1817193.07792916], [989834.93279255, 1817204.0826795], [989827.551324278, 1817214.24239898], [989818.954710593, 1817223.39686274], [989809.278525229, 1817231.40169944], [989798.67536741, 1817238.130668], [989787.312455268, 1817243.47764859], [989775.368988717, 1817247.35831611], [989763.033323356, 1817249.71147013], [989750.5, 1817250.5], [989737.966676644, 1817249.71147013], [989725.631011284, 1817247.35831611], [989713.687544732, 1817243.47764859], [989702.32463259, 1817238.130668], [989691.721474771, 1817231.40169944], [989682.045289407, 1817223.39686274], [989673.448675723, 1817214.24239898], [989666.06720745, 1817204.0826795], [989660.017294753, 1817193.07792916], [989655.394348371, 1817181.40169944], [989652.271274927, 1817169.23813146], [989650.697327157, 1817156.77905195], [989650.697327157, 1817144.22094805], [989652.271274927, 1817131.76186854], [989655.394348371, 1817119.59830056], [989660.017294753, 1817107.92207084], [989666.06720745, 1817096.9173205], [989673.448675723, 1817086.75760103], [989682.045289407, 1817077.60313726], [989691.721474771, 1817069.59830056], [989702.32463259, 1817062.869332], [989713.687544732, 1817057.52235141], [989725.631011284, 1817053.64168389], [989737.966676644, 1817051.28852987], [989750.5, 1817050.5] ] ] }",2025-09-24
2024046,2023,자전거,30170003,대전광역시 서구3,대전광역시 서구 탄방동(탄방네거리 부근),4,4,0,1,3,0,36.341234,127.389667,"{ type: Polygon, coordinates: [ [ [990099, 1815888], [990111.533323357, 1815888.78852987], [990123.868988717, 1815891.14168389], [990135.812455269, 1815895.02235141], [990147.17536741, 1815900.369332], [990157.778525229, 1815907.09830056], [990167.454710593, 1815915.10313726], [990176.051324278, 1815924.25760103], [990183.43279255, 1815934.4173205], [990189.482705247, 1815945.42207084], [990194.10565163, 1815957.09830056], [990197.228725073, 1815969.26186854], [990198.802672843, 1815981.72094805], [990198.802672843, 1815994.27905195], [990197.228725073, 1816006.73813146], [990194.10565163, 1816018.90169944], [990189.482705247, 1816030.57792916], [990183.43279255, 1816041.5826795], [990176.051324278, 1816051.74239898], [990167.454710593, 1816060.89686274], [990157.778525229, 1816068.90169944], [990147.17536741, 1816075.630668], [990135.812455269, 1816080.97764859], [990123.868988717, 1816084.85831611], [990111.533323357, 1816087.21147013], [990099, 1816088], [990086.466676644, 1816087.21147013], [990074.131011283, 1816084.85831611], [990062.187544732, 1816080.97764859], [990050.82463259, 1816075.630668], [990040.221474771, 1816068.90169944], [990030.545289407, 1816060.89686274], [990021.948675723, 1816051.74239898], [990014.56720745, 1816041.5826795], [990008.517294753, 1816030.57792916], [990003.894348371, 1816018.90169944], [990000.771274927, 1816006.73813146], [989999.197327157, 1815994.27905195], [989999.197327157, 1815981.72094805], [990000.771274927, 1815969.26186854], [990003.894348371, 1815957.09830056], [990008.517294753, 1815945.42207084], [990014.56720745, 1815934.4173205], [990021.948675723, 1815924.25760103], [990030.545289407, 1815915.10313726], [990040.221474771, 1815907.09830056], [990050.82463259, 1815900.369332], [990062.187544732, 1815895.02235141], [990074.131011283, 1815891.14168389], [990086.466676644, 1815888.78852987], [990099, 1815888] ] ] }",2025-09-24
2024046,2023,자전거,30170004,대전광역시 서구4,대전광역시 서구 월평동(꺼먹지명태조림 대전월평직영점 부근),4,4,0,0,3,1,36.357762,127.378353,"{ type: Polygon, coordinates: [ [ [989086, 1817722.5], [989098.533323356, 1817723.28852987], [989110.868988717, 1817725.64168389], [989122.812455269, 1817729.52235141], [989134.17536741, 1817734.869332], [989144.778525229, 1817741.59830056], [989154.454710593, 1817749.60313726], [989163.051324278, 1817758.75760103], [989170.43279255, 1817768.9173205], [989176.482705247, 1817779.92207084], [989181.10565163, 1817791.59830056], [989184.228725073, 1817803.76186854], [989185.802672843, 1817816.22094805], [989185.802672843, 1817828.77905195], [989184.228725073, 1817841.23813146], [989181.10565163, 1817853.40169944], [989176.482705247, 1817865.07792916], [989170.43279255, 1817876.0826795], [989163.051324278, 1817886.24239898], [989154.454710593, 1817895.39686274], [989144.778525229, 1817903.40169944], [989134.17536741, 1817910.130668], [989122.812455269, 1817915.47764859], [989110.868988717, 1817919.35831611], [989098.533323356, 1817921.71147013], [989086, 1817922.5], [989073.466676644, 1817921.71147013], [989061.131011284, 1817919.35831611], [989049.187544732, 1817915.47764859], [989037.82463259, 1817910.130668], [989027.221474771, 1817903.40169944], [989017.545289407, 1817895.39686274], [989008.948675722, 1817886.24239898], [989001.56720745, 1817876.0826795], [988995.517294753, 1817865.07792916], [988990.894348371, 1817853.40169944], [988987.771274927, 1817841.23813146], [988986.197327157, 1817828.77905195], [988986.197327157, 1817816.22094805], [988987.771274927, 1817803.76186854], [988990.894348371, 1817791.59830056], [988995.517294753, 1817779.92207084], [989001.56720745, 1817768.9173205], [989008.948675722, 1817758.75760103], [989017.545289407, 1817749.60313726], [989027.221474771, 1817741.59830056], [989037.82463259, 1817734.869332], [989049.187544732, 1817729.52235141], [989061.131011284, 1817725.64168389], [989073.466676644, 1817723.28852987], [989086, 1817722.5] ] ] }",2025-09-24
2024046,2023,자전거,30230001,대전광역시 대덕구1,대전광역시 대덕구 오정동(753 부근),4,4,0,3,1,0,36.344954,127.419935,"{ type: Polygon, coordinates: [ [ [992815.5, 1816298], [992828.033323356, 1816298.78852987], [992840.368988717, 1816301.14168389], [992852.312455268, 1816305.02235141], [992863.67536741, 1816310.369332], [992874.278525229, 1816317.09830056], [992883.954710593, 1816325.10313726], [992892.551324278, 1816334.25760103], [992899.93279255, 1816344.4173205], [992905.982705247, 1816355.42207084], [992910.60565163, 1816367.09830056], [992913.728725073, 1816379.26186854], [992915.302672843, 1816391.72094805], [992915.302672843, 1816404.27905195], [992913.728725073, 1816416.73813146], [992910.60565163, 1816428.90169944], [992905.982705247, 1816440.57792916], [992899.93279255, 1816451.5826795], [992892.551324278, 1816461.74239898], [992883.954710593, 1816470.89686274], [992874.278525229, 1816478.90169944], [992863.67536741, 1816485.630668], [992852.312455268, 1816490.97764859], [992840.368988717, 1816494.85831611], [992828.033323356, 1816497.21147013], [992815.5, 1816498], [992802.966676644, 1816497.21147013], [992790.631011284, 1816494.85831611], [992778.687544732, 1816490.97764859], [992767.32463259, 1816485.630668], [992756.721474771, 1816478.90169944], [992747.045289407, 1816470.89686274], [992738.448675723, 1816461.74239898], [992731.06720745, 1816451.5826795], [992725.017294753, 1816440.57792916], [992720.394348371, 1816428.90169944], [992717.271274927, 1816416.73813146], [992715.697327157, 1816404.27905195], [992715.697327157, 1816391.72094805], [992717.271274927, 1816379.26186854], [992720.394348371, 1816367.09830056], [992725.017294753, 1816355.42207084], [992731.06720745, 1816344.4173205], [992738.448675723, 1816334.25760103], [992747.045289407, 1816325.10313726], [992756.721474771, 1816317.09830056], [992767.32463259, 1816310.369332], [992778.687544732, 1816305.02235141], [992790.631011284, 1816301.14168389], [992802.966676644, 1816298.78852987], [992815.5, 1816298] ] ] }",2025-09-24
2025066,2024,스쿨존어린이,30110001,대전광역시 동구1,대전광역시 동구 가양동(대전흥룡초등학교 부근),2,2,0,0,2,0,36.344227,127.448938,"{ type: Polygon, coordinates: [ [ [995418, 1816015.5], [995439.40175496, 1816016.26436562], [995460.694451482, 1816018.55356744], [995481.769586866, 1816022.35594021], [995502.519767052, 1816027.65210792], [995522.83925388, 1816034.4150825], [995542.624503901, 1816042.61040139], [995561.774696016, 1816052.19630313], [995580.192245237, 1816063.12394015], [995597.783299954, 1816075.33762772], [995614.458220184, 1816088.77512769], [995630.132034356, 1816103.36796564], [995644.724872306, 1816119.04177982], [995658.162372277, 1816135.71670005], [995670.37605985, 1816153.30775476], [995681.30369687, 1816171.72530398], [995690.889598607, 1816190.8754961], [995699.0849175, 1816210.66074612], [995705.847892084, 1816230.98023295], [995711.144059791, 1816251.73041313], [995714.946432564, 1816272.80554852], [995717.235634383, 1816294.09824504], [995718, 1816315.5], [995717.235634383, 1816336.90175496], [995714.946432564, 1816358.19445148], [995711.144059791, 1816379.26958687], [995705.847892084, 1816400.01976705], [995699.0849175, 1816420.33925388], [995690.889598607, 1816440.1245039], [995681.30369687, 1816459.27469602], [995670.37605985, 1816477.69224524], [995658.162372277, 1816495.28329995], [995644.724872306, 1816511.95822018], [995630.132034356, 1816527.63203436], [995614.458220184, 1816542.22487231], [995597.783299954, 1816555.66237228], [995580.192245237, 1816567.87605985], [995561.774696016, 1816578.80369687], [995542.624503901, 1816588.38959861], [995522.83925388, 1816596.5849175], [995502.519767052, 1816603.34789208], [995481.769586866, 1816608.64405979], [995460.694451482, 1816612.44643256], [995439.40175496, 1816614.73563438], [995418, 1816615.5], [995396.59824504, 1816614.73563438], [995375.305548518, 1816612.44643256], [995354.230413134, 1816608.64405979], [995333.480232948, 1816603.34789208], [995313.16074612, 1816596.5849175], [995293.375496099, 1816588.38959861], [995274.225303984, 1816578.80369687], [995255.807754763, 1816567.87605985], [995238.216700047, 1816555.66237228], [995221.541779816, 1816542.22487231], [995205.867965644, 1816527.63203436], [995191.275127694, 1816511.95822018], [995177.837627723, 1816495.28329995], [995165.623940151, 1816477.69224524], [995154.69630313, 1816459.27469602], [995145.110401394, 1816440.1245039], [995136.9150825, 1816420.33925388], [995130.152107916, 1816400.01976705], [995124.855940209, 1816379.26958687], [995121.053567436, 1816358.19445148], [995118.764365617, 1816336.90175496], [995118, 1816315.5], [995118.764365617, 1816294.09824504], [995121.053567436, 1816272.80554852], [995124.855940209, 1816251.73041313], [995130.152107916, 1816230.98023295], [995136.9150825, 1816210.66074612], [995145.110401394, 1816190.8754961], [995154.69630313, 1816171.72530398], [995165.623940151, 1816153.30775476], [995177.837627723, 1816135.71670005], [995191.275127694, 1816119.04177982], [995205.867965644, 1816103.36796564], [995221.541779816, 1816088.77512769], [995238.216700047, 1816075.33762772], [995255.807754763, 1816063.12394015], [995274.225303984, 1816052.19630313], [995293.375496099, 1816042.61040139], [995313.16074612, 1816034.4150825], [995333.480232948, 1816027.65210792], [995354.230413134, 1816022.35594021], [995375.305548518, 1816018.55356744], [995396.59824504, 1816016.26436562], [995418, 1816015.5] ] ] }",2025-09-24
2025066,2024,스쿨존어린이,30140001,대전광역시 중구1,대전광역시 중구 유천동(성심유치원 부근),3,3,0,0,3,0,36.319746,127.399964,"{ type: Polygon, coordinates: [ [ [991020.5, 1813303.5], [991041.90175496, 1813304.26436562], [991063.194451482, 1813306.55356744], [991084.269586866, 1813310.35594021], [991105.019767052, 1813315.65210792], [991125.33925388, 1813322.4150825], [991145.124503901, 1813330.61040139], [991164.274696016, 1813340.19630313], [991182.692245237, 1813351.12394015], [991200.283299953, 1813363.33762772], [991216.958220184, 1813376.77512769], [991232.632034356, 1813391.36796564], [991247.224872306, 1813407.04177982], [991260.662372277, 1813423.71670005], [991272.876059849, 1813441.30775476], [991283.80369687, 1813459.72530398], [991293.389598606, 1813478.8754961], [991301.5849175, 1813498.66074612], [991308.347892084, 1813518.98023295], [991313.644059791, 1813539.73041313], [991317.446432564, 1813560.80554852], [991319.735634383, 1813582.09824504], [991320.5, 1813603.5], [991319.735634383, 1813624.90175496], [991317.446432564, 1813646.19445148], [991313.644059791, 1813667.26958687], [991308.347892084, 1813688.01976705], [991301.5849175, 1813708.33925388], [991293.389598606, 1813728.1245039], [991283.80369687, 1813747.27469602], [991272.876059849, 1813765.69224524], [991260.662372277, 1813783.28329995], [991247.224872306, 1813799.95822018], [991232.632034356, 1813815.63203436], [991216.958220184, 1813830.22487231], [991200.283299953, 1813843.66237228], [991182.692245237, 1813855.87605985], [991164.274696016, 1813866.80369687], [991145.124503901, 1813876.38959861], [991125.33925388, 1813884.5849175], [991105.019767052, 1813891.34789208], [991084.269586866, 1813896.64405979], [991063.194451482, 1813900.44643256], [991041.90175496, 1813902.73563438], [991020.5, 1813903.5], [990999.09824504, 1813902.73563438], [990977.805548518, 1813900.44643256], [990956.730413134, 1813896.64405979], [990935.980232948, 1813891.34789208], [990915.66074612, 1813884.5849175], [990895.875496099, 1813876.38959861], [990876.725303984, 1813866.80369687], [990858.307754763, 1813855.87605985], [990840.716700047, 1813843.66237228], [990824.041779816, 1813830.22487231], [990808.367965644, 1813815.63203436], [990793.775127694, 1813799.95822018], [990780.337627723, 1813783.28329995], [990768.123940151, 1813765.69224524], [990757.19630313, 1813747.27469602], [990747.610401394, 1813728.1245039], [990739.4150825, 1813708.33925388], [990732.652107916, 1813688.01976705], [990727.355940209, 1813667.26958687], [990723.553567436, 1813646.19445148], [990721.264365617, 1813624.90175496], [990720.5, 1813603.5], [990721.264365617, 1813582.09824504], [990723.553567436, 1813560.80554852], [990727.355940209, 1813539.73041313], [990732.652107916, 1813518.98023295], [990739.4150825, 1813498.66074612], [990747.610401394, 1813478.8754961], [990757.19630313, 1813459.72530398], [990768.123940151, 1813441.30775476], [990780.337627723, 1813423.71670005], [990793.775127694, 1813407.04177982], [990808.367965644, 1813391.36796564], [990824.041779816, 1813376.77512769], [990840.716700047, 1813363.33762772], [990858.307754763, 1813351.12394015], [990876.725303984, 1813340.19630313], [990895.875496099, 1813330.61040139], [990915.66074612, 1813322.4150825], [990935.980232948, 1813315.65210792], [990956.730413134, 1813310.35594021], [990977.805548518, 1813306.55356744], [990999.09824504, 1813304.26436562], [991020.5, 1813303.5] ] ] }",2025-09-24
2025066,2024,스쿨존어린이,30170001,대전광역시 서구1,대전광역시 서구 둔산동(대전문정초등학교 부근),2,2,0,1,1,0,36.351706,127.395214,"{ type: Polygon, coordinates: [ [ [990598, 1816849], [990619.40175496, 1816849.76436562], [990640.694451482, 1816852.05356744], [990661.769586866, 1816855.85594021], [990682.519767052, 1816861.15210792], [990702.83925388, 1816867.9150825], [990722.624503901, 1816876.11040139], [990741.774696016, 1816885.69630313], [990760.192245237, 1816896.62394015], [990777.783299954, 1816908.83762772], [990794.458220184, 1816922.27512769], [990810.132034356, 1816936.86796564], [990824.724872306, 1816952.54177982], [990838.162372277, 1816969.21670005], [990850.37605985, 1816986.80775476], [990861.30369687, 1817005.22530398], [990870.889598606, 1817024.3754961], [990879.0849175, 1817044.16074612], [990885.847892084, 1817064.48023295], [990891.144059791, 1817085.23041313], [990894.946432564, 1817106.30554852], [990897.235634383, 1817127.59824504], [990898, 1817149], [990897.235634383, 1817170.40175496], [990894.946432564, 1817191.69445148], [990891.144059791, 1817212.76958687], [990885.847892084, 1817233.51976705], [990879.0849175, 1817253.83925388], [990870.889598606, 1817273.6245039], [990861.30369687, 1817292.77469602], [990850.37605985, 1817311.19224524], [990838.162372277, 1817328.78329995], [990824.724872306, 1817345.45822018], [990810.132034356, 1817361.13203436], [990794.458220184, 1817375.72487231], [990777.783299954, 1817389.16237228], [990760.192245237, 1817401.37605985], [990741.774696016, 1817412.30369687], [990722.624503901, 1817421.88959861], [990702.83925388, 1817430.0849175], [990682.519767052, 1817436.84789208], [990661.769586866, 1817442.14405979], [990640.694451482, 1817445.94643256], [990619.40175496, 1817448.23563438], [990598, 1817449], [990576.59824504, 1817448.23563438], [990555.305548518, 1817445.94643256], [990534.230413134, 1817442.14405979], [990513.480232948, 1817436.84789208], [990493.16074612, 1817430.0849175], [990473.375496099, 1817421.88959861], [990454.225303984, 1817412.30369687], [990435.807754763, 1817401.37605985], [990418.216700047, 1817389.16237228], [990401.541779816, 1817375.72487231], [990385.867965644, 1817361.13203436], [990371.275127694, 1817345.45822018], [990357.837627723, 1817328.78329995], [990345.623940151, 1817311.19224524], [990334.69630313, 1817292.77469602], [990325.110401394, 1817273.6245039], [990316.9150825, 1817253.83925388], [990310.152107916, 1817233.51976705], [990304.855940209, 1817212.76958687], [990301.053567436, 1817191.69445148], [990298.764365617, 1817170.40175496], [990298, 1817149], [990298.764365617, 1817127.59824504], [990301.053567436, 1817106.30554852], [990304.855940209, 1817085.23041313], [990310.152107916, 1817064.48023295], [990316.9150825, 1817044.16074612], [990325.110401394, 1817024.3754961], [990334.69630313, 1817005.22530398], [990345.623940151, 1816986.80775476], [990357.837627723, 1816969.21670005], [990371.275127694, 1816952.54177982], [990385.867965644, 1816936.86796564], [990401.541779816, 1816922.27512769], [990418.216700047, 1816908.83762772], [990435.807754763, 1816896.62394015], [990454.225303984, 1816885.69630313], [990473.375496099, 1816876.11040139], [990493.16074612, 1816867.9150825], [990513.480232948, 1816861.15210792], [990534.230413134, 1816855.85594021], [990555.305548518, 1816852.05356744], [990576.59824504, 1816849.76436562], [990598, 1816849] ] ] }",2025-09-24
2025066,2024,스쿨존어린이,30170002,대전광역시 서구2,대전광역시 서구 도안동(대전도안초등학교 부근),2,2,0,0,2,0,36.321382,127.344904,"{ type: Polygon, coordinates: [ [ [986078.5, 1813491.5], [986099.90175496, 1813492.26436562], [986121.194451482, 1813494.55356744], [986142.269586866, 1813498.35594021], [986163.019767052, 1813503.65210792], [986183.33925388, 1813510.4150825], [986203.124503901, 1813518.61040139], [986222.274696016, 1813528.19630313], [986240.692245237, 1813539.12394015], [986258.283299953, 1813551.33762772], [986274.958220184, 1813564.77512769], [986290.632034356, 1813579.36796564], [986305.224872306, 1813595.04177982], [986318.662372277, 1813611.71670005], [986330.876059849, 1813629.30775476], [986341.80369687, 1813647.72530398], [986351.389598606, 1813666.8754961], [986359.5849175, 1813686.66074612], [986366.347892084, 1813706.98023295], [986371.644059791, 1813727.73041313], [986375.446432564, 1813748.80554852], [986377.735634383, 1813770.09824504], [986378.5, 1813791.5], [986377.735634383, 1813812.90175496], [986375.446432564, 1813834.19445148], [986371.644059791, 1813855.26958687], [986366.347892084, 1813876.01976705], [986359.5849175, 1813896.33925388], [986351.389598606, 1813916.1245039], [986341.80369687, 1813935.27469602], [986330.876059849, 1813953.69224524], [986318.662372277, 1813971.28329995], [986305.224872306, 1813987.95822018], [986290.632034356, 1814003.63203436], [986274.958220184, 1814018.22487231], [986258.283299953, 1814031.66237228], [986240.692245237, 1814043.87605985], [986222.274696016, 1814054.80369687], [986203.124503901, 1814064.38959861], [986183.33925388, 1814072.5849175], [986163.019767052, 1814079.34789208], [986142.269586866, 1814084.64405979], [986121.194451482, 1814088.44643256], [986099.90175496, 1814090.73563438], [986078.5, 1814091.5], [986057.09824504, 1814090.73563438], [986035.805548518, 1814088.44643256], [986014.730413134, 1814084.64405979], [985993.980232948, 1814079.34789208], [985973.66074612, 1814072.5849175], [985953.8754961, 1814064.38959861], [985934.725303984, 1814054.80369687], [985916.307754763, 1814043.87605985], [985898.716700047, 1814031.66237228], [985882.041779816, 1814018.22487231], [985866.367965644, 1814003.63203436], [985851.775127694, 1813987.95822018], [985838.337627723, 1813971.28329995], [985826.123940151, 1813953.69224524], [985815.19630313, 1813935.27469602], [985805.610401394, 1813916.1245039], [985797.4150825, 1813896.33925388], [985790.652107916, 1813876.01976705], [985785.355940209, 1813855.26958687], [985781.553567436, 1813834.19445148], [985779.264365617, 1813812.90175496], [985778.5, 1813791.5], [985779.264365617, 1813770.09824504], [985781.553567436, 1813748.80554852], [985785.355940209, 1813727.73041313], [985790.652107916, 1813706.98023295], [985797.4150825, 1813686.66074612], [985805.610401394, 1813666.8754961], [985815.19630313, 1813647.72530398], [985826.123940151, 1813629.30775476], [985838.337627723, 1813611.71670005], [985851.775127694, 1813595.04177982], [985866.367965644, 1813579.36796564], [985882.041779816, 1813564.77512769], [985898.716700047, 1813551.33762772], [985916.307754763, 1813539.12394015], [985934.725303984, 1813528.19630313], [985953.8754961, 1813518.61040139], [985973.66074612, 1813510.4150825], [985993.980232948, 1813503.65210792], [986014.730413134, 1813498.35594021], [986035.805548518, 1813494.55356744], [986057.09824504, 1813492.26436562], [986078.5, 1813491.5] ] ] }",2025-09-24
2025076,2024,보행노인,30110001,대전광역시 동구1,대전광역시 동구 원동(중앙시장삼거리 부근),6,6,0,6,0,0,36.329066,127.433171,"{ type: Polygon, coordinates: [ [ [994001.96969697, 1814534.75953079], [994014.503020326, 1814535.54806066], [994026.838685687, 1814537.90121468], [994038.782152238, 1814541.7818822], [994050.14506438, 1814547.12886279], [994060.748222199, 1814553.85783135], [994070.424407563, 1814561.86266805], [994079.021021248, 1814571.01713182], [994086.40248952, 1814581.17685129], [994092.452402217, 1814592.18160163], [994097.075348599, 1814603.85783135], [994100.198422043, 1814616.02139933], [994101.772369813, 1814628.48047884], [994101.772369813, 1814641.03858274], [994100.198422043, 1814653.49766225], [994097.075348599, 1814665.66123023], [994092.452402217, 1814677.33745995], [994086.40248952, 1814688.34221029], [994079.021021248, 1814698.50192977], [994070.424407563, 1814707.65639353], [994060.748222199, 1814715.66123023], [994050.14506438, 1814722.39019879], [994038.782152238, 1814727.73717938], [994026.838685687, 1814731.6178469], [994014.503020326, 1814733.97100092], [994001.96969697, 1814734.75953079], [993989.436373614, 1814733.97100092], [993977.100708254, 1814731.6178469], [993965.157241702, 1814727.73717938], [993953.79432956, 1814722.39019879], [993943.191171741, 1814715.66123023], [993933.514986377, 1814707.65639353], [993924.918372692, 1814698.50192977], [993917.53690442, 1814688.34221029], [993911.486991723, 1814677.33745995], [993906.864045341, 1814665.66123023], [993903.740971897, 1814653.49766225], [993902.167024127, 1814641.03858274], [993902.167024127, 1814628.48047884], [993903.740971897, 1814616.02139933], [993906.864045341, 1814603.85783135], [993911.486991723, 1814592.18160163], [993917.53690442, 1814581.17685129], [993924.918372692, 1814571.01713182], [993933.514986377, 1814561.86266805], [993943.191171741, 1814553.85783135], [993953.79432956, 1814547.12886279], [993965.157241702, 1814541.7818822], [993977.100708254, 1814537.90121468], [993989.436373614, 1814535.54806066], [994001.96969697, 1814534.75953079] ] ] }",2025-09-24
2025076,2024,보행노인,30110002,대전광역시 동구2,대전광역시 동구 중동(대전역네거리 부근),5,5,0,5,0,0,36.331329,127.432838,"{ type: Polygon, coordinates: [ [ [993972.262163336, 1814785.7944179], [993984.795486692, 1814786.58294777], [993997.131152053, 1814788.93610179], [994009.074618605, 1814792.81676931], [994020.437530746, 1814798.1637499], [994031.040688565, 1814804.89271846], [994040.716873929, 1814812.89755516], [994049.313487614, 1814822.05201893], [994056.694955886, 1814832.2117384], [994062.744868583, 1814843.21648874], [994067.367814966, 1814854.89271846], [994070.490888409, 1814867.05628644], [994072.064836179, 1814879.51536595], [994072.064836179, 1814892.07346985], [994070.490888409, 1814904.53254936], [994067.367814966, 1814916.69611734], [994062.744868583, 1814928.37234706], [994056.694955886, 1814939.3770974], [994049.313487614, 1814949.53681688], [994040.716873929, 1814958.69128064], [994031.040688565, 1814966.69611734], [994020.437530746, 1814973.4250859], [994009.074618605, 1814978.77206649], [993997.131152053, 1814982.65273401], [993984.795486692, 1814985.00588803], [993972.262163336, 1814985.7944179], [993959.72883998, 1814985.00588803], [993947.39317462, 1814982.65273401], [993935.449708068, 1814978.77206649], [993924.086795926, 1814973.4250859], [993913.483638107, 1814966.69611734], [993903.807452743, 1814958.69128064], [993895.210839059, 1814949.53681688], [993887.829370786, 1814939.3770974], [993881.779458089, 1814928.37234706], [993877.156511707, 1814916.69611734], [993874.033438263, 1814904.53254936], [993872.459490493, 1814892.07346985], [993872.459490493, 1814879.51536595], [993874.033438263, 1814867.05628644], [993877.156511707, 1814854.89271846], [993881.779458089, 1814843.21648874], [993887.829370786, 1814832.2117384], [993895.210839059, 1814822.05201893], [993903.807452743, 1814812.89755516], [993913.483638107, 1814804.89271846], [993924.086795926, 1814798.1637499], [993935.449708068, 1814792.81676931], [993947.39317462, 1814788.93610179], [993959.72883998, 1814786.58294777], [993972.262163336, 1814785.7944179] ] ] }",2025-09-24
2025076,2024,보행노인,30140001,대전광역시 중구1,대전광역시 중구 대흥동(대흥교 부근),5,5,1,4,0,0,36.325637,127.432238,"{ type: Polygon, coordinates: [ [ [993918, 1814154.5], [993930.533323356, 1814155.28852987], [993942.868988717, 1814157.64168389], [993954.812455269, 1814161.52235141], [993966.17536741, 1814166.869332], [993976.778525229, 1814173.59830056], [993986.454710593, 1814181.60313726], [993995.051324278, 1814190.75760103], [994002.43279255, 1814200.9173205], [994008.482705247, 1814211.92207084], [994013.10565163, 1814223.59830056], [994016.228725073, 1814235.76186854], [994017.802672843, 1814248.22094805], [994017.802672843, 1814260.77905195], [994016.228725073, 1814273.23813146], [994013.10565163, 1814285.40169944], [994008.482705247, 1814297.07792916], [994002.43279255, 1814308.0826795], [993995.051324278, 1814318.24239898], [993986.454710593, 1814327.39686274], [993976.778525229, 1814335.40169944], [993966.17536741, 1814342.130668], [993954.812455269, 1814347.47764859], [993942.868988717, 1814351.35831611], [993930.533323356, 1814353.71147013], [993918, 1814354.5], [993905.466676644, 1814353.71147013], [993893.131011284, 1814351.35831611], [993881.187544732, 1814347.47764859], [993869.82463259, 1814342.130668], [993859.221474771, 1814335.40169944], [993849.545289407, 1814327.39686274], [993840.948675722, 1814318.24239898], [993833.56720745, 1814308.0826795], [993827.517294753, 1814297.07792916], [993822.89434837, 1814285.40169944], [993819.771274927, 1814273.23813146], [993818.197327157, 1814260.77905195], [993818.197327157, 1814248.22094805], [993819.771274927, 1814235.76186854], [993822.89434837, 1814223.59830056], [993827.517294753, 1814211.92207084], [993833.56720745, 1814200.9173205], [993840.948675722, 1814190.75760103], [993849.545289407, 1814181.60313726], [993859.221474771, 1814173.59830056], [993869.82463259, 1814166.869332], [993881.187544732, 1814161.52235141], [993893.131011284, 1814157.64168389], [993905.466676644, 1814155.28852987], [993918, 1814154.5] ] ] }",2025-09-24
2025076,2024,보행노인,30170001,대전광역시 서구1,대전광역시 서구 도마동(도마네거리 부근),6,6,0,6,0,0,36.313682,127.379937,"{ type: Polygon, coordinates: [ [ [989222, 1812833], [989234.533323356, 1812833.78852987], [989246.868988717, 1812836.14168389], [989258.812455269, 1812840.02235141], [989270.17536741, 1812845.369332], [989280.778525229, 1812852.09830056], [989290.454710593, 1812860.10313726], [989299.051324278, 1812869.25760103], [989306.43279255, 1812879.4173205], [989312.482705247, 1812890.42207084], [989317.10565163, 1812902.09830056], [989320.228725073, 1812914.26186854], [989321.802672843, 1812926.72094805], [989321.802672843, 1812939.27905195], [989320.228725073, 1812951.73813146], [989317.10565163, 1812963.90169944], [989312.482705247, 1812975.57792916], [989306.43279255, 1812986.5826795], [989299.051324278, 1812996.74239898], [989290.454710593, 1813005.89686274], [989280.778525229, 1813013.90169944], [989270.17536741, 1813020.630668], [989258.812455269, 1813025.97764859], [989246.868988717, 1813029.85831611], [989234.533323356, 1813032.21147013], [989222, 1813033], [989209.466676644, 1813032.21147013], [989197.131011284, 1813029.85831611], [989185.187544732, 1813025.97764859], [989173.82463259, 1813020.630668], [989163.221474771, 1813013.90169944], [989153.545289407, 1813005.89686274], [989144.948675722, 1812996.74239898], [989137.56720745, 1812986.5826795], [989131.517294753, 1812975.57792916], [989126.89434837, 1812963.90169944], [989123.771274927, 1812951.73813146], [989122.197327157, 1812939.27905195], [989122.197327157, 1812926.72094805], [989123.771274927, 1812914.26186854], [989126.89434837, 1812902.09830056], [989131.517294753, 1812890.42207084], [989137.56720745, 1812879.4173205], [989144.948675722, 1812869.25760103], [989153.545289407, 1812860.10313726], [989163.221474771, 1812852.09830056], [989173.82463259, 1812845.369332], [989185.187544732, 1812840.02235141], [989197.131011284, 1812836.14168389], [989209.466676644, 1812833.78852987], [989222, 1812833] ] ] }",2025-09-24
2025076,2024,보행노인,30170002,대전광역시 서구2,대전광역시 서구 정림동(무지개종합시장 부근),5,5,0,5,0,0,36.305815,127.365753,"{ type: Polygon, coordinates: [ [ [987947.5, 1811962], [987960.033323356, 1811962.78852987], [987972.368988717, 1811965.14168389], [987984.312455269, 1811969.02235141], [987995.67536741, 1811974.369332], [988006.278525229, 1811981.09830056], [988015.954710593, 1811989.10313726], [988024.551324278, 1811998.25760103], [988031.93279255, 1812008.4173205], [988037.982705247, 1812019.42207084], [988042.605651629, 1812031.09830056], [988045.728725073, 1812043.26186854], [988047.302672843, 1812055.72094805], [988047.302672843, 1812068.27905195], [988045.728725073, 1812080.73813146], [988042.605651629, 1812092.90169944], [988037.982705247, 1812104.57792916], [988031.93279255, 1812115.5826795], [988024.551324278, 1812125.74239897], [988015.954710593, 1812134.89686274], [988006.278525229, 1812142.90169944], [987995.67536741, 1812149.630668], [987984.312455269, 1812154.97764859], [987972.368988717, 1812158.85831611], [987960.033323356, 1812161.21147013], [987947.5, 1812162], [987934.966676644, 1812161.21147013], [987922.631011284, 1812158.85831611], [987910.687544732, 1812154.97764859], [987899.32463259, 1812149.630668], [987888.721474771, 1812142.90169944], [987879.045289407, 1812134.89686274], [987870.448675722, 1812125.74239897], [987863.06720745, 1812115.5826795], [987857.017294753, 1812104.57792916], [987852.394348371, 1812092.90169944], [987849.271274927, 1812080.73813146], [987847.697327157, 1812068.27905195], [987847.697327157, 1812055.72094805], [987849.271274927, 1812043.26186854], [987852.394348371, 1812031.09830056], [987857.017294753, 1812019.42207084], [987863.06720745, 1812008.4173205], [987870.448675722, 1811998.25760103], [987879.045289407, 1811989.10313726], [987888.721474771, 1811981.09830056], [987899.32463259, 1811974.369332], [987910.687544732, 1811969.02235141], [987922.631011284, 1811965.14168389], [987934.966676644, 1811962.78852987], [987947.5, 1811962] ] ] }",2025-09-24
2025076,2024,보행노인,30230001,대전광역시 대덕구1,대전광역시 대덕구 석봉동(신탄진시장 부근),5,5,1,4,0,0,36.450019,127.425881,"{ type: Polygon, coordinates: [ [ [993358.019040903, 1827951.57757405], [993370.552364259, 1827952.36610392], [993382.88802962, 1827954.71925794], [993394.831496172, 1827958.59992546], [993406.194408313, 1827963.94690605], [993416.797566132, 1827970.67587461], [993426.473751496, 1827978.68071131], [993435.07036518, 1827987.83517508], [993442.451833453, 1827997.99489455], [993448.50174615, 1828008.99964489], [993453.124692533, 1828020.67587461], [993456.247765976, 1828032.83944259], [993457.821713746, 1828045.2985221], [993457.821713746, 1828057.856626], [993456.247765976, 1828070.31570551], [993453.124692533, 1828082.47927349], [993448.50174615, 1828094.15550321], [993442.451833453, 1828105.16025355], [993435.07036518, 1828115.31997302], [993426.473751496, 1828124.47443679], [993416.797566132, 1828132.47927349], [993406.194408313, 1828139.20824205], [993394.831496172, 1828144.55522264], [993382.88802962, 1828148.43589016], [993370.552364259, 1828150.78904418], [993358.019040903, 1828151.57757405], [993345.485717547, 1828150.78904418], [993333.150052187, 1828148.43589016], [993321.206585635, 1828144.55522264], [993309.843673493, 1828139.20824205], [993299.240515674, 1828132.47927349], [993289.56433031, 1828124.47443679], [993280.967716625, 1828115.31997302], [993273.586248353, 1828105.16025355], [993267.536335656, 1828094.15550321], [993262.913389273, 1828082.47927349], [993259.79031583, 1828070.31570551], [993258.21636806, 1828057.856626], [993258.21636806, 1828045.2985221], [993259.79031583, 1828032.83944259], [993262.913389273, 1828020.67587461], [993267.536335656, 1828008.99964489], [993273.586248353, 1827997.99489455], [993280.967716625, 1827987.83517508], [993289.56433031, 1827978.68071131], [993299.240515674, 1827970.67587461], [993309.843673493, 1827963.94690605], [993321.206585635, 1827958.59992546], [993333.150052187, 1827954.71925794], [993345.485717547, 1827952.36610392], [993358.019040903, 1827951.57757405] ] ] }",2025-09-24
2025081,2024,자전거,30110001,대전광역시 동구1,대전광역시 동구 용전동(중리네거리 부근),4,4,0,0,4,0,36.358819,127.433062,"{ type: Polygon, coordinates: [ [ [993994.5, 1817835], [994007.033323357, 1817835.78852987], [994019.368988717, 1817838.14168389], [994031.312455269, 1817842.02235141], [994042.67536741, 1817847.369332], [994053.278525229, 1817854.09830056], [994062.954710593, 1817862.10313726], [994071.551324278, 1817871.25760103], [994078.93279255, 1817881.4173205], [994084.982705247, 1817892.42207084], [994089.60565163, 1817904.09830056], [994092.728725073, 1817916.26186854], [994094.302672843, 1817928.72094805], [994094.302672843, 1817941.27905195], [994092.728725073, 1817953.73813146], [994089.60565163, 1817965.90169944], [994084.982705247, 1817977.57792916], [994078.93279255, 1817988.5826795], [994071.551324278, 1817998.74239897], [994062.954710593, 1818007.89686274], [994053.278525229, 1818015.90169944], [994042.67536741, 1818022.630668], [994031.312455269, 1818027.97764859], [994019.368988717, 1818031.85831611], [994007.033323357, 1818034.21147013], [993994.5, 1818035], [993981.966676644, 1818034.21147013], [993969.631011283, 1818031.85831611], [993957.687544732, 1818027.97764859], [993946.32463259, 1818022.630668], [993935.721474771, 1818015.90169944], [993926.045289407, 1818007.89686274], [993917.448675723, 1817998.74239897], [993910.06720745, 1817988.5826795], [993904.017294753, 1817977.57792916], [993899.394348371, 1817965.90169944], [993896.271274927, 1817953.73813146], [993894.697327157, 1817941.27905195], [993894.697327157, 1817928.72094805], [993896.271274927, 1817916.26186854], [993899.394348371, 1817904.09830056], [993904.017294753, 1817892.42207084], [993910.06720745, 1817881.4173205], [993917.448675723, 1817871.25760103], [993926.045289407, 1817862.10313726], [993935.721474771, 1817854.09830056], [993946.32463259, 1817847.369332], [993957.687544732, 1817842.02235141], [993969.631011283, 1817838.14168389], [993981.966676644, 1817835.78852987], [993994.5, 1817835] ] ] }",2025-09-24
2025081,2024,자전거,30140001,대전광역시 중구1,대전광역시 중구 선화동(목동네거리 부근),4,4,0,0,4,0,36.334839,127.413355,"{ type: Polygon, coordinates: [ [ [992224, 1815176.5], [992236.533323356, 1815177.28852987], [992248.868988717, 1815179.64168389], [992260.812455269, 1815183.52235141], [992272.17536741, 1815188.869332], [992282.778525229, 1815195.59830056], [992292.454710593, 1815203.60313726], [992301.051324278, 1815212.75760103], [992308.43279255, 1815222.9173205], [992314.482705247, 1815233.92207084], [992319.105651629, 1815245.59830056], [992322.228725073, 1815257.76186854], [992323.802672843, 1815270.22094805], [992323.802672843, 1815282.77905195], [992322.228725073, 1815295.23813146], [992319.105651629, 1815307.40169944], [992314.482705247, 1815319.07792916], [992308.43279255, 1815330.0826795], [992301.051324278, 1815340.24239897], [992292.454710593, 1815349.39686274], [992282.778525229, 1815357.40169944], [992272.17536741, 1815364.130668], [992260.812455269, 1815369.47764859], [992248.868988717, 1815373.35831611], [992236.533323356, 1815375.71147013], [992224, 1815376.5], [992211.466676644, 1815375.71147013], [992199.131011284, 1815373.35831611], [992187.187544732, 1815369.47764859], [992175.82463259, 1815364.130668], [992165.221474771, 1815357.40169944], [992155.545289407, 1815349.39686274], [992146.948675722, 1815340.24239897], [992139.56720745, 1815330.0826795], [992133.517294753, 1815319.07792916], [992128.894348371, 1815307.40169944], [992125.771274927, 1815295.23813146], [992124.197327157, 1815282.77905195], [992124.197327157, 1815270.22094805], [992125.771274927, 1815257.76186854], [992128.894348371, 1815245.59830056], [992133.517294753, 1815233.92207084], [992139.56720745, 1815222.9173205], [992146.948675722, 1815212.75760103], [992155.545289407, 1815203.60313726], [992165.221474771, 1815195.59830056], [992175.82463259, 1815188.869332], [992187.187544732, 1815183.52235141], [992199.131011284, 1815179.64168389], [992211.466676644, 1815177.28852987], [992224, 1815176.5] ] ] }",2025-09-24
2025081,2024,자전거,30170001,대전광역시 서구1,대전광역시 서구 괴정동(서대전어린이집 부근),9,9,0,5,4,0,36.342537,127.385035,"{ type: Polygon, coordinates: [ [ [989683.5, 1816033], [989696.033323357, 1816033.78852987], [989708.368988717, 1816036.14168389], [989720.312455268, 1816040.02235141], [989731.67536741, 1816045.369332], [989742.278525229, 1816052.09830056], [989751.954710593, 1816060.10313726], [989760.551324278, 1816069.25760103], [989767.93279255, 1816079.4173205], [989773.982705247, 1816090.42207084], [989778.60565163, 1816102.09830056], [989781.728725073, 1816114.26186854], [989783.302672843, 1816126.72094805], [989783.302672843, 1816139.27905195], [989781.728725073, 1816151.73813146], [989778.60565163, 1816163.90169944], [989773.982705247, 1816175.57792916], [989767.93279255, 1816186.5826795], [989760.551324278, 1816196.74239898], [989751.954710593, 1816205.89686274], [989742.278525229, 1816213.90169944], [989731.67536741, 1816220.630668], [989720.312455268, 1816225.97764859], [989708.368988717, 1816229.85831611], [989696.033323357, 1816232.21147013], [989683.5, 1816233], [989670.966676644, 1816232.21147013], [989658.631011283, 1816229.85831611], [989646.687544732, 1816225.97764859], [989635.32463259, 1816220.630668], [989624.721474771, 1816213.90169944], [989615.045289407, 1816205.89686274], [989606.448675723, 1816196.74239898], [989599.06720745, 1816186.5826795], [989593.017294753, 1816175.57792916], [989588.394348371, 1816163.90169944], [989585.271274927, 1816151.73813146], [989583.697327157, 1816139.27905195], [989583.697327157, 1816126.72094805], [989585.271274927, 1816114.26186854], [989588.394348371, 1816102.09830056], [989593.017294753, 1816090.42207084], [989599.06720745, 1816079.4173205], [989606.448675723, 1816069.25760103], [989615.045289407, 1816060.10313726], [989624.721474771, 1816052.09830056], [989635.32463259, 1816045.369332], [989646.687544732, 1816040.02235141], [989658.631011283, 1816036.14168389], [989670.966676644, 1816033.78852987], [989683.5, 1816033] ] ] }",2025-09-24
2025081,2024,자전거,30170002,대전광역시 서구2,대전광역시 서구 갈마동(큰마을네거리 부근),7,7,0,3,4,0,36.348205,127.376631,"{ type: Polygon, coordinates: [ [ [988930.120725389, 1816662.59326425], [988942.654048745, 1816663.38179412], [988954.989714106, 1816665.73494814], [988966.933180657, 1816669.61561566], [988978.296092799, 1816674.96259625], [988988.899250618, 1816681.69156481], [988998.575435982, 1816689.69640151], [989007.172049667, 1816698.85086528], [989014.553517939, 1816709.01058475], [989020.603430636, 1816720.01533509], [989025.226377018, 1816731.69156481], [989028.349450462, 1816743.85513279], [989029.923398232, 1816756.3142123], [989029.923398232, 1816768.8723162], [989028.349450462, 1816781.33139571], [989025.226377018, 1816793.49496369], [989020.603430636, 1816805.17119341], [989014.553517939, 1816816.17594375], [989007.172049667, 1816826.33566323], [988998.575435982, 1816835.49012699], [988988.899250618, 1816843.49496369], [988978.296092799, 1816850.22393225], [988966.933180657, 1816855.57091284], [988954.989714106, 1816859.45158036], [988942.654048745, 1816861.80473438], [988930.120725389, 1816862.59326425], [988917.587402033, 1816861.80473438], [988905.251736673, 1816859.45158036], [988893.308270121, 1816855.57091284], [988881.945357979, 1816850.22393225], [988871.34220016, 1816843.49496369], [988861.666014796, 1816835.49012699], [988853.069401111, 1816826.33566323], [988845.687932839, 1816816.17594375], [988839.638020142, 1816805.17119341], [988835.01507376, 1816793.49496369], [988831.892000316, 1816781.33139571], [988830.318052546, 1816768.8723162], [988830.318052546, 1816756.3142123], [988831.892000316, 1816743.85513279], [988835.01507376, 1816731.69156481], [988839.638020142, 1816720.01533509], [988845.687932839, 1816709.01058475], [988853.069401111, 1816698.85086528], [988861.666014796, 1816689.69640151], [988871.34220016, 1816681.69156481], [988881.945357979, 1816674.96259625], [988893.308270121, 1816669.61561566], [988905.251736673, 1816665.73494814], [988917.587402033, 1816663.38179412], [988930.120725389, 1816662.59326425] ] ] }",2025-09-24
2025081,2024,자전거,30170003,대전광역시 서구3,대전광역시 서구 만년동(둔산대공원삼거리 부근),5,5,0,1,4,0,36.364783,127.390297,"{ type: Polygon, coordinates: [ [ [990158.5, 1818500], [990171.033323357, 1818500.78852987], [990183.368988717, 1818503.14168389], [990195.312455268, 1818507.02235141], [990206.67536741, 1818512.369332], [990217.278525229, 1818519.09830056], [990226.954710593, 1818527.10313726], [990235.551324278, 1818536.25760103], [990242.93279255, 1818546.4173205], [990248.982705247, 1818557.42207084], [990253.60565163, 1818569.09830056], [990256.728725073, 1818581.26186854], [990258.302672843, 1818593.72094805], [990258.302672843, 1818606.27905195], [990256.728725073, 1818618.73813146], [990253.60565163, 1818630.90169944], [990248.982705247, 1818642.57792916], [990242.93279255, 1818653.5826795], [990235.551324278, 1818663.74239898], [990226.954710593, 1818672.89686274], [990217.278525229, 1818680.90169944], [990206.67536741, 1818687.630668], [990195.312455268, 1818692.97764859], [990183.368988717, 1818696.85831611], [990171.033323357, 1818699.21147013], [990158.5, 1818700], [990145.966676644, 1818699.21147013], [990133.631011283, 1818696.85831611], [990121.687544732, 1818692.97764859], [990110.32463259, 1818687.630668], [990099.721474771, 1818680.90169944], [990090.045289407, 1818672.89686274], [990081.448675723, 1818663.74239898], [990074.06720745, 1818653.5826795], [990068.017294753, 1818642.57792916], [990063.394348371, 1818630.90169944], [990060.271274927, 1818618.73813146], [990058.697327157, 1818606.27905195], [990058.697327157, 1818593.72094805], [990060.271274927, 1818581.26186854], [990063.394348371, 1818569.09830056], [990068.017294753, 1818557.42207084], [990074.06720745, 1818546.4173205], [990081.448675723, 1818536.25760103], [990090.045289407, 1818527.10313726], [990099.721474771, 1818519.09830056], [990110.32463259, 1818512.369332], [990121.687544732, 1818507.02235141], [990133.631011283, 1818503.14168389], [990145.966676644, 1818500.78852987], [990158.5, 1818500] ] ] }",2025-09-24
2025081,2024,자전거,30170004,대전광역시 서구4,대전광역시 서구 둔산동(크로바네거리 부근),4,4,1,1,2,0,36.351048,127.390801,"{ type: Polygon, coordinates: [ [ [990202, 1816976.5], [990214.533323357, 1816977.28852987], [990226.868988717, 1816979.64168389], [990238.812455269, 1816983.52235141], [990250.17536741, 1816988.869332], [990260.778525229, 1816995.59830056], [990270.454710593, 1817003.60313726], [990279.051324278, 1817012.75760103], [990286.43279255, 1817022.9173205], [990292.482705247, 1817033.92207084], [990297.10565163, 1817045.59830056], [990300.228725073, 1817057.76186854], [990301.802672843, 1817070.22094805], [990301.802672843, 1817082.77905195], [990300.228725073, 1817095.23813146], [990297.10565163, 1817107.40169944], [990292.482705247, 1817119.07792916], [990286.43279255, 1817130.0826795], [990279.051324278, 1817140.24239898], [990270.454710593, 1817149.39686274], [990260.778525229, 1817157.40169944], [990250.17536741, 1817164.130668], [990238.812455269, 1817169.47764859], [990226.868988717, 1817173.35831611], [990214.533323357, 1817175.71147013], [990202, 1817176.5], [990189.466676644, 1817175.71147013], [990177.131011284, 1817173.35831611], [990165.187544732, 1817169.47764859], [990153.82463259, 1817164.130668], [990143.221474771, 1817157.40169944], [990133.545289407, 1817149.39686274], [990124.948675723, 1817140.24239898], [990117.56720745, 1817130.0826795], [990111.517294753, 1817119.07792916], [990106.89434837, 1817107.40169944], [990103.771274927, 1817095.23813146], [990102.197327157, 1817082.77905195], [990102.197327157, 1817070.22094805], [990103.771274927, 1817057.76186854], [990106.89434837, 1817045.59830056], [990111.517294753, 1817033.92207084], [990117.56720745, 1817022.9173205], [990124.948675723, 1817012.75760103], [990133.545289407, 1817003.60313726], [990143.221474771, 1816995.59830056], [990153.82463259, 1816988.869332], [990165.187544732, 1816983.52235141], [990177.131011284, 1816979.64168389], [990189.466676644, 1816977.28852987], [990202, 1816976.5] ] ] }",2025-09-24
2025081,2024,자전거,30170005,대전광역시 서구5,대전광역시 서구 도마동(식객함바식당 도마점 부근),4,4,0,3,1,0,36.312067,127.382557,"{ type: Polygon, coordinates: [ [ [989457, 1812653.5], [989469.533323357, 1812654.28852987], [989481.868988717, 1812656.64168389], [989493.812455269, 1812660.52235141], [989505.17536741, 1812665.869332], [989515.778525229, 1812672.59830056], [989525.454710593, 1812680.60313726], [989534.051324278, 1812689.75760103], [989541.43279255, 1812699.9173205], [989547.482705247, 1812710.92207084], [989552.10565163, 1812722.59830056], [989555.228725073, 1812734.76186854], [989556.802672843, 1812747.22094805], [989556.802672843, 1812759.77905195], [989555.228725073, 1812772.23813146], [989552.10565163, 1812784.40169944], [989547.482705247, 1812796.07792916], [989541.43279255, 1812807.0826795], [989534.051324278, 1812817.24239897], [989525.454710593, 1812826.39686274], [989515.778525229, 1812834.40169944], [989505.17536741, 1812841.130668], [989493.812455269, 1812846.47764859], [989481.868988717, 1812850.35831611], [989469.533323357, 1812852.71147013], [989457, 1812853.5], [989444.466676644, 1812852.71147013], [989432.131011284, 1812850.35831611], [989420.187544732, 1812846.47764859], [989408.82463259, 1812841.130668], [989398.221474771, 1812834.40169944], [989388.545289407, 1812826.39686274], [989379.948675723, 1812817.24239897], [989372.56720745, 1812807.0826795], [989366.517294753, 1812796.07792916], [989361.894348371, 1812784.40169944], [989358.771274927, 1812772.23813146], [989357.197327157, 1812759.77905195], [989357.197327157, 1812747.22094805], [989358.771274927, 1812734.76186854], [989361.894348371, 1812722.59830056], [989366.517294753, 1812710.92207084], [989372.56720745, 1812699.9173205], [989379.948675723, 1812689.75760103], [989388.545289407, 1812680.60313726], [989398.221474771, 1812672.59830056], [989408.82463259, 1812665.869332], [989420.187544732, 1812660.52235141], [989432.131011284, 1812656.64168389], [989444.466676644, 1812654.28852987], [989457, 1812653.5] ] ] }",2025-09-24
2025081,2024,자전거,30200001,대전광역시 유성구1,대전광역시 유성구 봉산동(신구교네거리 부근),4,5,0,2,1,2,36.436123,127.391798,"{ type: Polygon, coordinates: [ [ [990302, 1826413], [990314.533323356, 1826413.78852987], [990326.868988717, 1826416.14168389], [990338.812455269, 1826420.02235141], [990350.17536741, 1826425.369332], [990360.778525229, 1826432.09830056], [990370.454710593, 1826440.10313726], [990379.051324278, 1826449.25760103], [990386.43279255, 1826459.4173205], [990392.482705247, 1826470.42207084], [990397.105651629, 1826482.09830056], [990400.228725073, 1826494.26186854], [990401.802672843, 1826506.72094805], [990401.802672843, 1826519.27905195], [990400.228725073, 1826531.73813146], [990397.105651629, 1826543.90169944], [990392.482705247, 1826555.57792916], [990386.43279255, 1826566.5826795], [990379.051324278, 1826576.74239898], [990370.454710593, 1826585.89686274], [990360.778525229, 1826593.90169944], [990350.17536741, 1826600.630668], [990338.812455269, 1826605.97764859], [990326.868988717, 1826609.85831611], [990314.533323356, 1826612.21147013], [990302, 1826613], [990289.466676644, 1826612.21147013], [990277.131011284, 1826609.85831611], [990265.187544732, 1826605.97764859], [990253.82463259, 1826600.630668], [990243.221474771, 1826593.90169944], [990233.545289407, 1826585.89686274], [990224.948675722, 1826576.74239898], [990217.56720745, 1826566.5826795], [990211.517294753, 1826555.57792916], [990206.894348371, 1826543.90169944], [990203.771274927, 1826531.73813146], [990202.197327157, 1826519.27905195], [990202.197327157, 1826506.72094805], [990203.771274927, 1826494.26186854], [990206.894348371, 1826482.09830056], [990211.517294753, 1826470.42207084], [990217.56720745, 1826459.4173205], [990224.948675722, 1826449.25760103], [990233.545289407, 1826440.10313726], [990243.221474771, 1826432.09830056], [990253.82463259, 1826425.369332], [990265.187544732, 1826420.02235141], [990277.131011284, 1826416.14168389], [990289.466676644, 1826413.78852987], [990302, 1826413] ] ] }",2025-09-24
2025081,2024,자전거,30200002,대전광역시 유성구2,대전광역시 유성구 봉명동(베스트힐링약국 부근),4,4,0,0,4,0,36.359493,127.343714,"{ type: Polygon, coordinates: [ [ [985978.5, 1817919], [985991.033323356, 1817919.78852987], [986003.368988717, 1817922.14168389], [986015.312455269, 1817926.02235141], [986026.67536741, 1817931.369332], [986037.278525229, 1817938.09830056], [986046.954710593, 1817946.10313726], [986055.551324278, 1817955.25760103], [986062.93279255, 1817965.4173205], [986068.982705247, 1817976.42207084], [986073.605651629, 1817988.09830056], [986076.728725073, 1818000.26186854], [986078.302672843, 1818012.72094805], [986078.302672843, 1818025.27905195], [986076.728725073, 1818037.73813146], [986073.605651629, 1818049.90169944], [986068.982705247, 1818061.57792916], [986062.93279255, 1818072.5826795], [986055.551324278, 1818082.74239898], [986046.954710593, 1818091.89686274], [986037.278525229, 1818099.90169944], [986026.67536741, 1818106.630668], [986015.312455269, 1818111.97764859], [986003.368988717, 1818115.85831611], [985991.033323356, 1818118.21147013], [985978.5, 1818119], [985965.966676644, 1818118.21147013], [985953.631011284, 1818115.85831611], [985941.687544732, 1818111.97764859], [985930.32463259, 1818106.630668], [985919.721474771, 1818099.90169944], [985910.045289407, 1818091.89686274], [985901.448675722, 1818082.74239898], [985894.06720745, 1818072.5826795], [985888.017294753, 1818061.57792916], [985883.394348371, 1818049.90169944], [985880.271274927, 1818037.73813146], [985878.697327157, 1818025.27905195], [985878.697327157, 1818012.72094805], [985880.271274927, 1818000.26186854], [985883.394348371, 1817988.09830056], [985888.017294753, 1817976.42207084], [985894.06720745, 1817965.4173205], [985901.448675722, 1817955.25760103], [985910.045289407, 1817946.10313726], [985919.721474771, 1817938.09830056], [985930.32463259, 1817931.369332], [985941.687544732, 1817926.02235141], [985953.631011284, 1817922.14168389], [985965.966676644, 1817919.78852987], [985978.5, 1817919] ] ] }",2025-09-24
2025108,2024,보행어린이,30110001,대전광역시 동구1,대전광역시 동구 가양동(대전흥룡초등학교 부근),3,6,0,1,5,0,36.345416,127.448653,"{ type: Polygon, coordinates: [ [ [995392.5, 1816247.5], [995409.93114855, 1816248.26106038], [995427.229635533, 1816250.5384494], [995444.263809021, 1816254.31483474], [995460.904028665, 1816259.56147584], [995477.023652348, 1816266.23844259], [995492.5, 1816274.29491924], [995507.21528727, 1816283.66959114], [995521.057521937, 1816294.29111138], [995533.921356237, 1816306.07864376], [995545.708888624, 1816318.94247806], [995556.330408858, 1816332.78471273], [995565.705080757, 1816347.5], [995573.761557407, 1816362.97634765], [995580.438524157, 1816379.09597134], [995585.685165258, 1816395.73619098], [995589.461550603, 1816412.77036447], [995591.738939618, 1816430.06885145], [995592.5, 1816447.5], [995591.738939618, 1816464.93114855], [995589.461550603, 1816482.22963553], [995585.685165258, 1816499.26380902], [995580.438524157, 1816515.90402867], [995573.761557407, 1816532.02365235], [995565.705080757, 1816547.5], [995556.330408858, 1816562.21528727], [995545.708888624, 1816576.05752194], [995533.921356237, 1816588.92135624], [995521.057521937, 1816600.70888862], [995507.21528727, 1816611.33040886], [995492.5, 1816620.70508076], [995477.023652348, 1816628.76155741], [995460.904028665, 1816635.43852416], [995444.263809021, 1816640.68516526], [995427.229635533, 1816644.4615506], [995409.93114855, 1816646.73893962], [995392.5, 1816647.5], [995375.06885145, 1816646.73893962], [995357.770364467, 1816644.4615506], [995340.73619098, 1816640.68516526], [995324.095971335, 1816635.43852416], [995307.976347652, 1816628.76155741], [995292.5, 1816620.70508076], [995277.78471273, 1816611.33040886], [995263.942478063, 1816600.70888862], [995251.078643763, 1816588.92135624], [995239.291111376, 1816576.05752194], [995228.669591142, 1816562.21528727], [995219.294919243, 1816547.5], [995211.238442593, 1816532.02365235], [995204.561475843, 1816515.90402867], [995199.314834742, 1816499.26380902], [995195.538449398, 1816482.22963553], [995193.261060382, 1816464.93114855], [995192.5, 1816447.5], [995193.261060382, 1816430.06885145], [995195.538449398, 1816412.77036447], [995199.314834742, 1816395.73619098], [995204.561475843, 1816379.09597134], [995211.238442593, 1816362.97634765], [995219.294919243, 1816347.5], [995228.669591142, 1816332.78471273], [995239.291111376, 1816318.94247806], [995251.078643763, 1816306.07864376], [995263.942478063, 1816294.29111138], [995277.78471273, 1816283.66959114], [995292.5, 1816274.29491924], [995307.976347652, 1816266.23844259], [995324.095971335, 1816259.56147584], [995340.73619098, 1816254.31483474], [995357.770364467, 1816250.5384494], [995375.06885145, 1816248.26106038], [995392.5, 1816247.5] ] ] }",2025-09-24
2025108,2024,보행어린이,30140001,대전광역시 중구1,대전광역시 중구 태평동(대전태평초등학교 부근),3,4,0,1,3,0,36.323124,127.393751,"{ type: Polygon, coordinates: [ [ [990463.232916608, 1813778.79137662], [990480.664065158, 1813779.552437], [990497.962552141, 1813781.82982602], [990514.996725629, 1813785.60621136], [990531.636945273, 1813790.85285246], [990547.756568956, 1813797.52981921], [990563.232916608, 1813805.58629586], [990577.948203878, 1813814.96096776], [990591.790438545, 1813825.582488], [990604.654272845, 1813837.37002038], [990616.441805232, 1813850.23385468], [990627.063325466, 1813864.07608935], [990636.437997365, 1813878.79137662], [990644.494474015, 1813894.26772427], [990651.171440765, 1813910.38734796], [990656.418081866, 1813927.0275676], [990660.19446721, 1813944.06174109], [990662.471856226, 1813961.36022807], [990663.232916608, 1813978.79137662], [990662.471856226, 1813996.22252517], [990660.19446721, 1814013.52101215], [990656.418081866, 1814030.55518564], [990651.171440765, 1814047.19540529], [990644.494474015, 1814063.31502897], [990636.437997365, 1814078.79137662], [990627.063325466, 1814093.50666389], [990616.441805232, 1814107.34889856], [990604.654272845, 1814120.21273286], [990591.790438545, 1814132.00026524], [990577.948203878, 1814142.62178548], [990563.232916608, 1814151.99645738], [990547.756568956, 1814160.05293403], [990531.636945273, 1814166.72990078], [990514.996725629, 1814171.97654188], [990497.962552141, 1814175.75292722], [990480.664065158, 1814178.03031624], [990463.232916608, 1814178.79137662], [990445.801768059, 1814178.03031624], [990428.503281075, 1814175.75292722], [990411.469107588, 1814171.97654188], [990394.828887943, 1814166.72990078], [990378.70926426, 1814160.05293403], [990363.232916608, 1814151.99645738], [990348.517629338, 1814142.62178548], [990334.675394671, 1814132.00026524], [990321.811560371, 1814120.21273286], [990310.024027984, 1814107.34889856], [990299.40250775, 1814093.50666389], [990290.027835851, 1814078.79137662], [990281.971359201, 1814063.31502897], [990275.294392451, 1814047.19540529], [990270.04775135, 1814030.55518564], [990266.271366006, 1814013.52101215], [990263.99397699, 1813996.22252517], [990263.232916608, 1813978.79137662], [990263.99397699, 1813961.36022807], [990266.271366006, 1813944.06174109], [990270.04775135, 1813927.0275676], [990275.294392451, 1813910.38734796], [990281.971359201, 1813894.26772427], [990290.027835851, 1813878.79137662], [990299.40250775, 1813864.07608935], [990310.024027984, 1813850.23385468], [990321.811560371, 1813837.37002038], [990334.675394671, 1813825.582488], [990348.517629338, 1813814.96096776], [990363.232916608, 1813805.58629586], [990378.70926426, 1813797.52981921], [990394.828887943, 1813790.85285246], [990411.469107588, 1813785.60621136], [990428.503281075, 1813781.82982602], [990445.801768059, 1813779.552437], [990463.232916608, 1813778.79137662] ] ] }",2025-09-24
2025108,2024,보행어린이,30170001,대전광역시 서구1,대전광역시 서구 괴정동(허룡약국 부근),3,4,0,0,3,1,36.335823,127.383738,"{ type: Polygon, coordinates: [ [ [989566.143589744, 1815188.37945029], [989583.574738294, 1815189.14051067], [989600.873225277, 1815191.41789969], [989617.907398764, 1815195.19428503], [989634.547618409, 1815200.44092613], [989650.667242092, 1815207.11789288], [989666.143589744, 1815215.17436953], [989680.858877014, 1815224.54904143], [989694.701111681, 1815235.17056167], [989707.564945981, 1815246.95809405], [989719.352478368, 1815259.82192835], [989729.973998602, 1815273.66416302], [989739.348670501, 1815288.37945029], [989747.405147151, 1815303.85579794], [989754.082113901, 1815319.97542163], [989759.328755002, 1815336.61564127], [989763.105140347, 1815353.64981476], [989765.382529362, 1815370.94830174], [989766.143589744, 1815388.37945029], [989765.382529362, 1815405.81059884], [989763.105140347, 1815423.10908582], [989759.328755002, 1815440.14325931], [989754.082113901, 1815456.78347896], [989747.405147151, 1815472.90310264], [989739.348670501, 1815488.37945029], [989729.973998602, 1815503.09473756], [989719.352478368, 1815516.93697223], [989707.564945981, 1815529.80080653], [989694.701111681, 1815541.58833891], [989680.858877014, 1815552.20985915], [989666.143589744, 1815561.58453105], [989650.667242092, 1815569.6410077], [989634.547618409, 1815576.31797445], [989617.907398764, 1815581.56461555], [989600.873225277, 1815585.34100089], [989583.574738294, 1815587.61838991], [989566.143589744, 1815588.37945029], [989548.712441194, 1815587.61838991], [989531.413954211, 1815585.34100089], [989514.379780723, 1815581.56461555], [989497.739561079, 1815576.31797445], [989481.619937396, 1815569.6410077], [989466.143589744, 1815561.58453105], [989451.428302474, 1815552.20985915], [989437.586067807, 1815541.58833891], [989424.722233507, 1815529.80080653], [989412.93470112, 1815516.93697223], [989402.313180886, 1815503.09473756], [989392.938508987, 1815488.37945029], [989384.882032337, 1815472.90310264], [989378.205065587, 1815456.78347896], [989372.958424486, 1815440.14325931], [989369.182039142, 1815423.10908582], [989366.904650126, 1815405.81059884], [989366.143589744, 1815388.37945029], [989366.904650126, 1815370.94830174], [989369.182039142, 1815353.64981476], [989372.958424486, 1815336.61564127], [989378.205065587, 1815319.97542163], [989384.882032337, 1815303.85579794], [989392.938508987, 1815288.37945029], [989402.313180886, 1815273.66416302], [989412.93470112, 1815259.82192835], [989424.722233507, 1815246.95809405], [989437.586067807, 1815235.17056167], [989451.428302474, 1815224.54904143], [989466.143589744, 1815215.17436953], [989481.619937396, 1815207.11789288], [989497.739561079, 1815200.44092613], [989514.379780723, 1815195.19428503], [989531.413954211, 1815191.41789969], [989548.712441194, 1815189.14051067], [989566.143589744, 1815188.37945029] ] ] }",2025-09-24
2025108,2024,보행어린이,30170002,대전광역시 서구2,대전광역시 서구 둔산동(한마루네거리 부근),3,3,0,1,2,0,36.353135,127.390197,"{ type: Polygon, coordinates: [ [ [990148, 1817108], [990165.43114855, 1817108.76106038], [990182.729635533, 1817111.0384494], [990199.763809021, 1817114.81483474], [990216.404028665, 1817120.06147584], [990232.523652348, 1817126.73844259], [990248, 1817134.79491924], [990262.71528727, 1817144.16959114], [990276.557521937, 1817154.79111138], [990289.421356237, 1817166.57864376], [990301.208888624, 1817179.44247806], [990311.830408858, 1817193.28471273], [990321.205080757, 1817208], [990329.261557407, 1817223.47634765], [990335.938524157, 1817239.59597134], [990341.185165258, 1817256.23619098], [990344.961550603, 1817273.27036447], [990347.238939618, 1817290.56885145], [990348, 1817308], [990347.238939618, 1817325.43114855], [990344.961550603, 1817342.72963553], [990341.185165258, 1817359.76380902], [990335.938524157, 1817376.40402867], [990329.261557407, 1817392.52365235], [990321.205080757, 1817408], [990311.830408858, 1817422.71528727], [990301.208888624, 1817436.55752194], [990289.421356237, 1817449.42135624], [990276.557521937, 1817461.20888862], [990262.71528727, 1817471.83040886], [990248, 1817481.20508076], [990232.523652348, 1817489.26155741], [990216.404028665, 1817495.93852416], [990199.763809021, 1817501.18516526], [990182.729635533, 1817504.9615506], [990165.43114855, 1817507.23893962], [990148, 1817508], [990130.56885145, 1817507.23893962], [990113.270364467, 1817504.9615506], [990096.23619098, 1817501.18516526], [990079.595971335, 1817495.93852416], [990063.476347652, 1817489.26155741], [990048, 1817481.20508076], [990033.28471273, 1817471.83040886], [990019.442478063, 1817461.20888862], [990006.578643763, 1817449.42135624], [989994.791111376, 1817436.55752194], [989984.169591142, 1817422.71528727], [989974.794919243, 1817408], [989966.738442593, 1817392.52365235], [989960.061475843, 1817376.40402867], [989954.814834742, 1817359.76380902], [989951.038449398, 1817342.72963553], [989948.761060382, 1817325.43114855], [989948, 1817308], [989948.761060382, 1817290.56885145], [989951.038449398, 1817273.27036447], [989954.814834742, 1817256.23619098], [989960.061475843, 1817239.59597134], [989966.738442593, 1817223.47634765], [989974.794919243, 1817208], [989984.169591142, 1817193.28471273], [989994.791111376, 1817179.44247806], [990006.578643763, 1817166.57864376], [990019.442478063, 1817154.79111138], [990033.28471273, 1817144.16959114], [990048, 1817134.79491924], [990063.476347652, 1817126.73844259], [990079.595971335, 1817120.06147584], [990096.23619098, 1817114.81483474], [990113.270364467, 1817111.0384494], [990130.56885145, 1817108.76106038], [990148, 1817108] ] ] }",2025-09-24
2025108,2024,보행어린이,30200001,대전광역시 유성구1,대전광역시 유성구 반석동(외삼초등학교 부근),3,4,0,0,4,0,36.392213,127.312077,"{ type: Polygon, coordinates: [ [ [983147.226830547, 1821453.41206967], [983164.657979097, 1821454.17313005], [983181.95646608, 1821456.45051907], [983198.990639568, 1821460.22690441], [983215.630859212, 1821465.47354551], [983231.750482895, 1821472.15051226], [983247.226830547, 1821480.20698891], [983261.942117817, 1821489.58166081], [983275.784352484, 1821500.20318105], [983288.648186784, 1821511.99071343], [983300.435719171, 1821524.85454773], [983311.057239405, 1821538.6967824], [983320.431911304, 1821553.41206967], [983328.488387954, 1821568.88841732], [983335.165354704, 1821585.008041], [983340.411995805, 1821601.64826065], [983344.188381149, 1821618.68243414], [983346.465770165, 1821635.98092112], [983347.226830547, 1821653.41206967], [983346.465770165, 1821670.84321822], [983344.188381149, 1821688.1417052], [983340.411995805, 1821705.17587869], [983335.165354704, 1821721.81609834], [983328.488387954, 1821737.93572202], [983320.431911304, 1821753.41206967], [983311.057239405, 1821768.12735694], [983300.435719171, 1821781.96959161], [983288.648186784, 1821794.83342591], [983275.784352484, 1821806.62095829], [983261.942117817, 1821817.24247853], [983247.226830547, 1821826.61715043], [983231.750482895, 1821834.67362708], [983215.630859212, 1821841.35059383], [983198.990639568, 1821846.59723493], [983181.95646608, 1821850.37362027], [983164.657979097, 1821852.65100929], [983147.226830547, 1821853.41206967], [983129.795681998, 1821852.65100929], [983112.497195014, 1821850.37362027], [983095.463021527, 1821846.59723493], [983078.822801882, 1821841.35059383], [983062.703178199, 1821834.67362708], [983047.226830547, 1821826.61715043], [983032.511543277, 1821817.24247853], [983018.66930861, 1821806.62095829], [983005.80547431, 1821794.83342591], [982994.017941923, 1821781.96959161], [982983.396421689, 1821768.12735694], [982974.02174979, 1821753.41206967], [982965.96527314, 1821737.93572202], [982959.28830639, 1821721.81609834], [982954.041665289, 1821705.17587869], [982950.265279945, 1821688.1417052], [982947.987890929, 1821670.84321822], [982947.226830547, 1821653.41206967], [982947.987890929, 1821635.98092112], [982950.265279945, 1821618.68243414], [982954.041665289, 1821601.64826065], [982959.28830639, 1821585.008041], [982965.96527314, 1821568.88841732], [982974.02174979, 1821553.41206967], [982983.396421689, 1821538.6967824], [982994.017941923, 1821524.85454773], [983005.80547431, 1821511.99071343], [983018.66930861, 1821500.20318105], [983032.511543277, 1821489.58166081], [983047.226830547, 1821480.20698891], [983062.703178199, 1821472.15051226], [983078.822801882, 1821465.47354551], [983095.463021527, 1821460.22690441], [983112.497195014, 1821456.45051907], [983129.795681998, 1821454.17313005], [983147.226830547, 1821453.41206967] ] ] }",2025-09-24
